accuracy,balanced_accuracy,precision,recall,specificity,f1,mcc,kappa,roc_auc,pr_auc,brier,tp,fp,tn,fn,model,strategy,rep,fold
0.9834710743801653,0.8333333333333333,1.0,0.6666666666666666,1.0,0.8,0.8094878969266034,0.7917383820998278,0.9666666666666667,0.8412698412698413,0.020530405320610973,4,0,115,2,Logistic Regression,none,0,0
0.9586776859504132,0.9782608695652174,0.5454545454545454,1.0,0.9565217391304348,0.7058823529411765,0.7223151185146153,0.6857142857142857,0.9826086956521739,0.6478535353535353,0.027293278569810505,6,5,110,0,Logistic Regression,none,0,1
0.9586776859504132,0.7098997493734336,0.75,0.42857142857142855,0.9912280701754386,0.5454545454545454,0.5481765267182397,0.5254901960784313,0.9699248120300752,0.7678804855275443,0.029187718174547673,3,1,113,4,Logistic Regression,none,0,2
0.9421487603305785,0.6340852130325814,0.5,0.2857142857142857,0.9824561403508771,0.36363636363636365,0.3501784379632934,0.33568627450980393,0.9536340852130325,0.6066017316017316,0.0387991053423715,2,2,112,5,Logistic Regression,none,0,3
0.9752066115702479,0.8527568922305764,0.8333333333333334,0.7142857142857143,0.9912280701754386,0.7692307692307693,0.7587215225433354,0.7562122229684352,0.9636591478696741,0.8146567717996289,0.019002971339136757,5,1,113,2,Logistic Regression,none,0,4
0.9586776859504132,0.8439849624060151,0.625,0.7142857142857143,0.9736842105263158,0.6666666666666666,0.6463781742612354,0.6447445684086905,0.9699248120300752,0.7935279374907858,0.0305704781237229,5,3,111,2,Logistic Regression,none,0,5
0.9586776859504132,0.7769423558897243,0.6666666666666666,0.5714285714285714,0.9824561403508771,0.6153846153846154,0.5956570390127073,0.5936870382807253,0.9573934837092731,0.689969078540507,0.03107278749589834,4,2,112,3,Logistic Regression,none,0,6
0.9421487603305785,0.5670426065162907,0.5,0.14285714285714285,0.9912280701754386,0.2222222222222222,0.2455239449419507,0.20169651272384537,0.9611528822055138,0.5775811490097205,0.041503279927041684,1,1,113,6,Logistic Regression,none,0,7
0.9583333333333334,0.7412280701754386,0.6,0.5,0.9824561403508771,0.5454545454545454,0.5262013605584338,0.5238095238095238,0.9517543859649122,0.5965277777777778,0.03365533853006904,3,2,112,3,Logistic Regression,none,0,8
0.9666666666666667,0.7456140350877193,0.75,0.5,0.9912280701754386,0.6,0.596420051979227,0.5833333333333333,0.9736842105263157,0.7652777777777777,0.02615554507752936,3,1,113,3,Logistic Regression,none,0,9
0.9586776859504132,0.8992753623188405,0.5555555555555556,0.8333333333333334,0.9652173913043478,0.6666666666666666,0.660688560731237,0.645577035735208,0.9753623188405797,0.8768115942028986,0.02112208897299419,5,4,111,1,Logistic Regression,none,1,0
0.9504132231404959,0.5789855072463769,0.5,0.16666666666666666,0.991304347826087,0.25,0.2689759648419309,0.23093220338983056,0.9681159420289854,0.599037999037999,0.030003892701890973,1,1,114,5,Logistic Regression,none,1,1
0.9504132231404959,0.7725563909774436,0.5714285714285714,0.5714285714285714,0.9736842105263158,0.5714285714285714,0.5451127819548872,0.5451127819548872,0.9724310776942355,0.70006105006105,0.03164554123659245,4,3,111,3,Logistic Regression,none,1,2
0.9421487603305785,0.7011278195488722,0.5,0.42857142857142855,0.9736842105263158,0.46153846153846156,0.4325925554820793,0.4311618535930154,0.9423558897243108,0.5104700854700854,0.04625658303671136,3,3,111,4,Logistic Regression,none,1,3
0.9669421487603306,0.8483709273182958,0.7142857142857143,0.7142857142857143,0.9824561403508771,0.7142857142857143,0.6967418546365914,0.6967418546365916,0.9887218045112782,0.848051948051948,0.02050342729222654,5,2,112,2,Logistic Regression,none,1,4
0.9669421487603306,0.781328320802005,0.8,0.5714285714285714,0.9912280701754386,0.6666666666666666,0.6599801878951662,0.6497829232995658,0.9724310776942355,0.8206122448979591,0.02548758538903116,4,1,113,3,Logistic Regression,none,1,5
0.9586776859504132,0.7098997493734336,0.75,0.42857142857142855,0.9912280701754386,0.5454545454545454,0.5481765267182397,0.5254901960784313,0.9461152882205514,0.6541826229326229,0.03546274050737192,3,1,113,4,Logistic Regression,none,1,6
0.9752066115702479,0.7857142857142857,1.0,0.5714285714285714,1.0,0.7272727272727273,0.7461746154731859,0.7152941176470589,0.9736842105263158,0.7763347763347763,0.026096312921728197,4,0,114,3,Logistic Regression,none,1,7
0.975,0.75,1.0,0.5,1.0,0.6666666666666666,0.6979824404521128,0.6551724137931034,0.9649122807017544,0.8078703703703705,0.022208210819884507,3,0,114,3,Logistic Regression,none,1,8
0.9666666666666667,0.7456140350877193,0.75,0.5,0.9912280701754386,0.6,0.596420051979227,0.5833333333333333,0.969298245614035,0.7152777777777777,0.029691994793770143,3,1,113,3,Logistic Regression,none,1,9
0.9421487603305785,0.5746376811594203,0.3333333333333333,0.16666666666666666,0.9826086956521739,0.2222222222222222,0.2084063983887735,0.19563152896486236,0.9579710144927537,0.5436507936507936,0.03365106036447724,1,2,113,5,Logistic Regression,none,2,0
0.9752066115702479,0.8289855072463768,0.8,0.6666666666666666,0.991304347826087,0.7272727272727273,0.7176576368702007,0.7143981117230527,0.9884057971014493,0.8617424242424242,0.016316171640539417,4,1,114,2,Logistic Regression,none,2,1
0.9090909090909091,0.4824561403508772,0.0,0.0,0.9649122807017544,0.0,-0.04581773954659914,-0.043921568627451,0.9223057644110275,0.30520835606970065,0.056809937716127676,0,4,110,7,Logistic Regression,none,2,2
0.9752066115702479,0.7857142857142857,1.0,0.5714285714285714,1.0,0.7272727272727273,0.7461746154731859,0.7152941176470589,0.9486215538847118,0.7698979591836734,0.024855342553652113,4,0,114,3,Logistic Regression,none,2,3
0.9834710743801653,0.8571428571428572,1.0,0.7142857142857143,1.0,0.8333333333333334,0.837836764143084,0.8248914616497829,0.9924812030075189,0.9095238095238096,0.0204372514617251,5,0,114,2,Logistic Regression,none,2,4
0.9173553719008265,0.5538847117794486,0.2,0.14285714285714285,0.9649122807017544,0.16666666666666666,0.12641045915141266,0.12445730824891454,0.9122807017543859,0.39325897245151903,0.054473092049252,1,4,110,6,Logistic Regression,none,2,5
0.9586776859504132,0.8439849624060151,0.625,0.7142857142857143,0.9736842105263158,0.6666666666666666,0.6463781742612354,0.6447445684086905,0.9862155388471178,0.8517316017316017,0.025931037507760848,5,3,111,2,Logistic Regression,none,2,6
0.9834710743801653,0.8571428571428572,1.0,0.7142857142857143,1.0,0.8333333333333334,0.837836764143084,0.8248914616497829,0.9962406015037595,0.9571428571428571,0.01394885429638028,5,0,114,2,Logistic Regression,none,2,7
0.9666666666666667,0.7456140350877193,0.75,0.5,0.9912280701754386,0.6,0.596420051979227,0.5833333333333333,0.9342105263157895,0.6277472527472527,0.031957814207036875,3,1,113,3,Logistic Regression,none,2,8
0.975,0.9078947368421053,0.7142857142857143,0.8333333333333334,0.9824561403508771,0.7692307692307693,0.7586088524687684,0.7560975609756098,0.9912280701754387,0.9166666666666667,0.01633098063234552,5,2,112,1,Logistic Regression,none,2,9
0.9256198347107438,0.644927536231884,0.2857142857142857,0.3333333333333333,0.9565217391304348,0.3076923076923077,0.2695280719514513,0.2686366689053056,0.9231884057971014,0.3044085544085544,0.04622065585606915,2,5,110,4,Logistic Regression,none,3,0
0.9669421487603306,0.8246376811594203,0.6666666666666666,0.6666666666666666,0.9826086956521739,0.6666666666666666,0.6492753623188405,0.6492753623188405,0.9855072463768115,0.794047619047619,0.025117693749082782,4,2,113,2,Logistic Regression,none,3,1
0.9669421487603306,0.781328320802005,0.8,0.5714285714285714,0.9912280701754386,0.6666666666666666,0.6599801878951662,0.6497829232995658,0.9649122807017543,0.7666483516483515,0.027876502514551225,4,1,113,3,Logistic Regression,none,3,2
0.9586776859504132,0.7098997493734336,0.75,0.42857142857142855,0.9912280701754386,0.5454545454545454,0.5481765267182397,0.5254901960784313,0.9511278195488722,0.6604308390022675,0.03431297317204368,3,1,113,4,Logistic Regression,none,3,3
0.9669421487603306,0.8483709273182958,0.7142857142857143,0.7142857142857143,0.9824561403508771,0.7142857142857143,0.6967418546365914,0.6967418546365916,0.9786967418546366,0.8213390619405656,0.025121919112588893,5,2,112,2,Logistic Regression,none,3,4
0.9669421487603306,0.8483709273182958,0.7142857142857143,0.7142857142857143,0.9824561403508771,0.7142857142857143,0.6967418546365914,0.6967418546365916,0.9849624060150376,0.8347247990105133,0.026547272698925886,5,2,112,2,Logistic Regression,none,3,5
0.9504132231404959,0.7055137844611529,0.6,0.42857142857142855,0.9824561403508771,0.5,0.4821236116472483,0.47467438494934877,0.9448621553884712,0.6464678178963892,0.03653638151690855,3,2,112,4,Logistic Regression,none,3,6
0.9586776859504132,0.7769423558897243,0.6666666666666666,0.5714285714285714,0.9824561403508771,0.6153846153846154,0.5956570390127073,0.5936870382807253,0.9774436090225564,0.7267316017316017,0.02773673880427325,4,2,112,3,Logistic Regression,none,3,7
0.975,0.75,1.0,0.5,1.0,0.6666666666666666,0.6979824404521128,0.6551724137931034,0.9649122807017544,0.7222222222222222,0.025044375448617134,3,0,114,3,Logistic Regression,none,3,8
0.9833333333333333,0.9122807017543859,0.8333333333333334,0.8333333333333334,0.9912280701754386,0.8333333333333334,0.8245614035087719,0.8245614035087719,0.9970760233918128,0.9484126984126984,0.011486630437470549,5,1,113,1,Logistic Regression,none,3,9
0.9504132231404959,0.7369565217391305,0.5,0.5,0.9739130434782609,0.5,0.47391304347826085,0.4739130434782609,0.9768115942028985,0.6878306878306878,0.025825280247012798,3,3,112,3,Logistic Regression,none,4,0
0.9669421487603306,0.9036231884057971,0.625,0.8333333333333334,0.9739130434782609,0.7142857142857143,0.7052554234184422,0.6971214017521903,0.9855072463768115,0.8571428571428571,0.023643398914465895,5,3,112,1,Logistic Regression,none,4,1
0.9752066115702479,0.9197994987468672,0.75,0.8571428571428571,0.9824561403508771,0.8,0.7888403948179012,0.7868467410452143,0.9824561403508772,0.6857142857142857,0.02372936772464665,6,2,112,1,Logistic Regression,none,4,2
0.9669421487603306,0.8483709273182958,0.7142857142857143,0.7142857142857143,0.9824561403508771,0.7142857142857143,0.6967418546365914,0.6967418546365916,0.9573934837092731,0.8026785714285714,0.027511485244070558,5,2,112,2,Logistic Regression,none,4,3
0.9669421487603306,0.781328320802005,0.8,0.5714285714285714,0.9912280701754386,0.6666666666666666,0.6599801878951662,0.6497829232995658,0.9699248120300752,0.7540249433106576,0.027207019815052632,4,1,113,3,Logistic Regression,none,4,4
0.9586776859504132,0.6428571428571428,1.0,0.2857142857142857,1.0,0.4444444444444444,0.5231725181940632,0.4297832233741753,0.9172932330827067,0.5181881127003078,0.04059028662591808,2,0,114,5,Logistic Regression,none,4,5
0.9421487603305785,0.6340852130325814,0.5,0.2857142857142857,0.9824561403508771,0.36363636363636365,0.3501784379632934,0.33568627450980393,0.9548872180451128,0.5554326993955476,0.04236453046587032,2,2,112,5,Logistic Regression,none,4,6
0.9504132231404959,0.7055137844611529,0.6,0.42857142857142855,0.9824561403508771,0.5,0.4821236116472483,0.47467438494934877,0.968671679197995,0.6814643689643689,0.03212057388279545,3,2,112,4,Logistic Regression,none,4,7
0.9583333333333334,0.7412280701754386,0.6,0.5,0.9824561403508771,0.5454545454545454,0.5262013605584338,0.5238095238095238,0.9780701754385964,0.7028138528138528,0.024718394407124332,3,2,112,3,Logistic Regression,none,4,8
0.9833333333333333,0.8333333333333333,1.0,0.6666666666666666,1.0,0.8,0.8094272134003795,0.7916666666666666,0.9576023391812866,0.7584175084175084,0.02110927984267894,4,0,114,2,Logistic Regression,none,4,9
0.9008264462809917,0.868840579710145,0.3125,0.8333333333333334,0.9043478260869565,0.45454545454545453,0.47275768366809096,0.4121457489878543,0.9695652173913044,0.7412878787878787,0.06495129895764173,5,11,104,1,Logistic Regression,class_weight,0,0
0.9173553719008265,0.9565217391304348,0.375,1.0,0.9130434782608695,0.5454545454545454,0.5851421232041204,0.5101214574898786,0.9768115942028985,0.5866452991452991,0.07778106839847598,6,10,105,0,Logistic Regression,class_weight,0,1
0.9256198347107438,0.8264411027568923,0.4166666666666667,0.7142857142857143,0.9385964912280702,0.5263157894736842,0.5099556473733603,0.4889723134678554,0.9536340852130325,0.6598901098901098,0.053618414128414414,5,7,107,2,Logistic Regression,class_weight,0,2
0.9338842975206612,0.8978696741854637,0.46153846153846156,0.8571428571428571,0.9385964912280702,0.6,0.599913625202308,0.5674709562109026,0.9548872180451127,0.6351548451548452,0.06635219100276861,6,7,107,1,Logistic Regression,class_weight,0,3
0.9338842975206612,0.8978696741854637,0.46153846153846156,0.8571428571428571,0.9385964912280702,0.6,0.599913625202308,0.5674709562109026,0.9548872180451128,0.8093537414965986,0.05040846987864408,6,7,107,1,Logistic Regression,class_weight,0,4
0.8677685950413223,0.9298245614035088,0.30434782608695654,1.0,0.8596491228070176,0.4666666666666667,0.511500089661649,0.41475211608222484,0.9674185463659147,0.7392857142857143,0.1047354303463589,7,16,98,0,Logistic Regression,class_weight,0,5
0.9008264462809917,0.8803258145363408,0.35294117647058826,0.8571428571428571,0.9035087719298246,0.5,0.5110296692730562,0.4553638409602401,0.956140350877193,0.6846037560323275,0.0794688625770382,6,11,103,1,Logistic Regression,class_weight,0,6
0.9256198347107438,0.8934837092731829,0.42857142857142855,0.8571428571428571,0.9298245614035088,0.5714285714285714,0.5743839439941163,0.5356076759061834,0.9724310776942355,0.6606942777110845,0.04532380233187442,6,8,106,1,Logistic Regression,class_weight,0,7
0.8833333333333333,0.9385964912280702,0.3,1.0,0.8771929824561403,0.46153846153846156,0.5129891760425771,0.41666666666666663,0.9415204678362573,0.5410830999066293,0.10299824299762982,6,14,100,0,Logistic Regression,class_weight,0,8
0.925,0.8026315789473684,0.36363636363636365,0.6666666666666666,0.9385964912280702,0.47058823529411764,0.457154183797422,0.4339622641509433,0.9605263157894737,0.7047952047952049,0.052119650967348614,4,7,107,2,Logistic Regression,class_weight,0,9
0.9008264462809917,0.9478260869565218,0.3333333333333333,1.0,0.8956521739130435,0.5,0.5463979544596421,0.4598214285714285,0.982608695652174,0.888888888888889,0.07406934536971654,6,12,103,0,Logistic Regression,class_weight,1,0
0.8842975206611571,0.9391304347826087,0.3,1.0,0.8782608695652174,0.46153846153846156,0.5133013353475376,0.4170681348933243,0.9652173913043478,0.5502645502645502,0.07937099179580548,6,14,101,0,Logistic Regression,class_weight,1,1
0.9090909090909091,0.9517543859649122,0.3888888888888889,1.0,0.9035087719298246,0.56,0.59276008841449,0.5200144248106744,0.9736842105263158,0.7357753357753358,0.0737580400491408,7,11,103,0,Logistic Regression,class_weight,1,2
0.8429752066115702,0.849624060150376,0.25,0.8571428571428571,0.8421052631578947,0.3870967741935484,0.4093938037720317,0.3267935578330893,0.9348370927318296,0.47590702947845803,0.11359643030311342,6,18,96,1,Logistic Regression,class_weight,1,3
0.9504132231404959,0.9736842105263157,0.5384615384615384,1.0,0.9473684210526315,0.7,0.7142278750440075,0.675603217158177,0.9899749373433584,0.8715213358070499,0.04535532776424251,7,6,108,0,Logistic Regression,class_weight,1,4
0.8760330578512396,0.8671679197994987,0.3,0.8571428571428571,0.8771929824561403,0.4444444444444444,0.4615518389113854,0.3923669233344492,0.9385964912280702,0.5978021978021977,0.09225726731545217,6,14,100,1,Logistic Regression,class_weight,1,5
0.9173553719008265,0.8890977443609023,0.4,0.8571428571428571,0.9210526315789473,0.5454545454545454,0.5513045697379877,0.5065252854812398,0.9411027568922306,0.696969696969697,0.06289704815438131,6,9,105,1,Logistic Regression,class_weight,1,6
0.9256198347107438,0.8934837092731829,0.42857142857142855,0.8571428571428571,0.9298245614035088,0.5714285714285714,0.5743839439941163,0.5356076759061834,0.9711779448621554,0.7279150256593865,0.053563132816037626,6,8,106,1,Logistic Regression,class_weight,1,7
0.9,0.868421052631579,0.3125,0.8333333333333334,0.9035087719298246,0.45454545454545453,0.47241733419913995,0.4117647058823529,0.9590643274853801,0.7143874643874644,0.06800197765984727,5,11,103,1,Logistic Regression,class_weight,1,8
0.9333333333333333,0.7280701754385965,0.375,0.5,0.956140350877193,0.42857142857142855,0.3985405706652278,0.3939393939393939,0.9546783625730993,0.6653209728867623,0.0518347171026873,3,5,109,3,Logistic Regression,class_weight,1,9
0.9090909090909091,0.7942028985507246,0.3076923076923077,0.6666666666666666,0.9217391304347826,0.42105263157894735,0.41249428349935935,0.37890807279514693,0.9521739130434782,0.5476190476190476,0.0675540578303193,4,9,106,2,Logistic Regression,class_weight,2,0
0.9256198347107438,0.9608695652173913,0.4,1.0,0.9217391304347826,0.5714285714285714,0.6072031391337771,0.5387547649301143,0.9826086956521739,0.8269230769230769,0.050261647295730315,6,9,106,0,Logistic Regression,class_weight,2,1
0.8512396694214877,0.8540100250626566,0.2608695652173913,0.8571428571428571,0.8508771929824561,0.4,0.4212792283656438,0.34159613059250304,0.9135338345864661,0.2981601731601732,0.10946085785881741,6,17,97,1,Logistic Regression,class_weight,2,2
0.8760330578512396,0.8671679197994987,0.3,0.8571428571428571,0.8771929824561403,0.4444444444444444,0.4615518389113854,0.3923669233344492,0.9423558897243107,0.8176190476190477,0.08762260874203323,6,14,100,1,Logistic Regression,class_weight,2,3
0.9504132231404959,0.9736842105263157,0.5384615384615384,1.0,0.9473684210526315,0.7,0.7142278750440075,0.675603217158177,0.987468671679198,0.8385281385281385,0.04177498138414954,7,6,108,0,Logistic Regression,class_weight,2,4
0.8842975206611571,0.737468671679198,0.26666666666666666,0.5714285714285714,0.9035087719298246,0.36363636363636365,0.33646446365651744,0.3091353996737357,0.9147869674185464,0.3143578643578644,0.08590233664798924,4,11,103,3,Logistic Regression,class_weight,2,5
0.859504132231405,0.9254385964912281,0.2916666666666667,1.0,0.8508771929824561,0.45161290322580644,0.4981691626544974,0.3976573938506588,0.9799498746867168,0.8445378151260503,0.094103541275083,7,17,97,0,Logistic Regression,class_weight,2,6
0.9504132231404959,0.9736842105263157,0.5384615384615384,1.0,0.9473684210526315,0.7,0.7142278750440075,0.675603217158177,1.0,1.0,0.0395107514112173,7,6,108,0,Logistic Regression,class_weight,2,7
0.9,0.7894736842105263,0.2857142857142857,0.6666666666666666,0.9122807017543859,0.4,0.3930521575839001,0.3548387096774194,0.9385964912280702,0.6402886002886002,0.07859026371843052,4,10,104,2,Logistic Regression,class_weight,2,8
0.925,0.9605263157894737,0.4,1.0,0.9210526315789473,0.5714285714285714,0.6069769786668839,0.5384615384615384,0.9853801169590644,0.8425925925925926,0.06916730796103465,6,9,105,0,Logistic Regression,class_weight,2,9
0.8842975206611571,0.8601449275362318,0.2777777777777778,0.8333333333333334,0.8869565217391304,0.4166666666666667,0.4394171251884177,0.36979166666666663,0.9333333333333333,0.5,0.1024764429005432,5,13,102,1,Logistic Regression,class_weight,3,0
0.8842975206611571,0.9391304347826087,0.3,1.0,0.8782608695652174,0.46153846153846156,0.5133013353475376,0.4170681348933243,0.9739130434782609,0.6785353535353534,0.09658691426871686,6,14,101,0,Logistic Regression,class_weight,3,1
0.9256198347107438,0.8934837092731829,0.42857142857142855,0.8571428571428571,0.9298245614035088,0.5714285714285714,0.5743839439941163,0.5356076759061834,0.9736842105263157,0.7506079354818851,0.0529225151404073,6,8,106,1,Logistic Regression,class_weight,3,2
0.9338842975206612,0.8308270676691729,0.45454545454545453,0.7142857142857143,0.9473684210526315,0.5555555555555556,0.537328395407574,0.5217391304347826,0.93734335839599,0.6579230293516007,0.05981111980483278,5,6,108,2,Logistic Regression,class_weight,3,3
0.9338842975206612,0.8978696741854637,0.46153846153846156,0.8571428571428571,0.9385964912280702,0.6,0.599913625202308,0.5674709562109026,0.9674185463659148,0.7019822282980177,0.0588746107372519,6,7,107,1,Logistic Regression,class_weight,3,4
0.9256198347107438,0.9605263157894737,0.4375,1.0,0.9210526315789473,0.6086956521739131,0.6347917188462602,0.574443141852286,0.9761904761904763,0.6131784881784882,0.058496779977712875,7,9,105,0,Logistic Regression,class_weight,3,5
0.8760330578512396,0.800125313283208,0.2777777777777778,0.7142857142857143,0.8859649122807017,0.4,0.39380316553473055,0.3454742156509195,0.931077694235589,0.5584846586856087,0.09362535221957335,5,13,101,2,Logistic Regression,class_weight,3,6
0.9338842975206612,0.9649122807017544,0.4666666666666667,1.0,0.9298245614035088,0.6363636363636364,0.6587246227787229,0.6052202283849919,0.9761904761904763,0.7168109668109668,0.06250015723901145,7,8,106,0,Logistic Regression,class_weight,3,7
0.9083333333333333,0.7938596491228069,0.3076923076923077,0.6666666666666666,0.9210526315789473,0.42105263157894735,0.4121301975209453,0.37853107344632764,0.9576023391812865,0.7305555555555555,0.060885641818849034,4,9,105,2,Logistic Regression,class_weight,3,8
0.9166666666666666,0.956140350877193,0.375,1.0,0.9122807017543859,0.5454545454545454,0.5848976518656018,0.5098039215686274,0.9970760233918128,0.9484126984126984,0.06488400617170523,6,10,104,0,Logistic Regression,class_weight,3,9
0.9090909090909091,0.9521739130434783,0.35294117647058826,1.0,0.9043478260869565,0.5217391304347826,0.5649615789394438,0.4839084916634354,0.9884057971014493,0.7996031746031745,0.07239268479347206,6,11,104,0,Logistic Regression,class_weight,4,0
0.9008264462809917,0.9478260869565218,0.3333333333333333,1.0,0.8956521739130435,0.5,0.5463979544596421,0.4598214285714285,0.9782608695652174,0.7797008547008547,0.08765826307495636,6,12,103,0,Logistic Regression,class_weight,4,1
0.9256198347107438,0.9605263157894737,0.4375,1.0,0.9210526315789473,0.6086956521739131,0.6347917188462602,0.574443141852286,0.9786967418546366,0.644047619047619,0.05933515437402595,7,9,105,0,Logistic Regression,class_weight,4,2
0.8677685950413223,0.862781954887218,0.2857142857142857,0.8571428571428571,0.868421052631579,0.42857142857142855,0.4472676325462453,0.3742727860374919,0.9636591478696742,0.7731554160125589,0.09859949944586006,6,15,99,1,Logistic Regression,class_weight,4,3
0.9256198347107438,0.8264411027568923,0.4166666666666667,0.7142857142857143,0.9385964912280702,0.5263157894736842,0.5099556473733603,0.4889723134678554,0.9699248120300752,0.7578532578532577,0.0536973504923358,5,7,107,2,Logistic Regression,class_weight,4,4
0.8677685950413223,0.7957393483709273,0.2631578947368421,0.7142857142857143,0.8771929824561403,0.38461538461538464,0.3795453426292243,0.3277777777777777,0.9010025062656641,0.47790200138026223,0.0838067821453187,5,14,100,2,Logistic Regression,class_weight,4,5
0.9173553719008265,0.7550125313283208,0.36363636363636365,0.5714285714285714,0.9385964912280702,0.4444444444444444,0.4141906381266716,0.40217391304347827,0.9423558897243107,0.4824829931972789,0.05950863717506328,4,7,107,3,Logistic Regression,class_weight,4,6
0.9173553719008265,0.956140350877193,0.4117647058823529,1.0,0.9122807017543859,0.5833333333333334,0.6128988455202387,0.5461365341335334,0.9736842105263157,0.7371031746031746,0.06943929355176812,7,10,104,0,Logistic Regression,class_weight,4,7
0.9166666666666666,0.956140350877193,0.375,1.0,0.9122807017543859,0.5454545454545454,0.5848976518656018,0.5098039215686274,0.9736842105263158,0.6306267806267807,0.06797305758197933,6,10,104,0,Logistic Regression,class_weight,4,8
0.9166666666666666,0.7982456140350878,0.3333333333333333,0.6666666666666666,0.9298245614035088,0.4444444444444444,0.4333408306443945,0.40476190476190477,0.9502923976608187,0.7483333333333333,0.06145266882926646,4,8,106,2,Logistic Regression,class_weight,4,9
0.9008264462809917,0.868840579710145,0.3125,0.8333333333333334,0.9043478260869565,0.45454545454545453,0.47275768366809096,0.4121457489878543,0.972463768115942,0.7458333333333333,0.05925738913725897,5,11,104,1,Logistic Regression,random_over,0,0
0.9173553719008265,0.9565217391304348,0.375,1.0,0.9130434782608695,0.5454545454545454,0.5851421232041204,0.5101214574898786,0.9753623188405797,0.5945767195767195,0.07934803478261822,6,10,105,0,Logistic Regression,random_over,0,1
0.9256198347107438,0.8264411027568923,0.4166666666666667,0.7142857142857143,0.9385964912280702,0.5263157894736842,0.5099556473733603,0.4889723134678554,0.956140350877193,0.6636842105263159,0.049181635660867126,5,7,107,2,Logistic Regression,random_over,0,2
0.9338842975206612,0.8978696741854637,0.46153846153846156,0.8571428571428571,0.9385964912280702,0.6,0.599913625202308,0.5674709562109026,0.949874686716792,0.58996558996559,0.06825797683672688,6,7,107,1,Logistic Regression,random_over,0,3
0.9421487603305785,0.9022556390977443,0.5,0.8571428571428571,0.9473684210526315,0.631578947368421,0.6283906441721637,0.6025340215861098,0.9573934837092732,0.8106695309702827,0.05052951889442759,6,6,108,1,Logistic Regression,random_over,0,4
0.8842975206611571,0.9385964912280702,0.3333333333333333,1.0,0.8771929824561403,0.5,0.5407380704358752,0.4524886877828054,0.9711779448621554,0.7745703544575726,0.10036720301956727,7,14,100,0,Logistic Regression,random_over,0,5
0.9008264462809917,0.8803258145363408,0.35294117647058826,0.8571428571428571,0.9035087719298246,0.5,0.5110296692730562,0.4553638409602401,0.9624060150375939,0.7046504220417265,0.07612459723402601,6,11,103,1,Logistic Regression,random_over,0,6
0.9256198347107438,0.8934837092731829,0.42857142857142855,0.8571428571428571,0.9298245614035088,0.5714285714285714,0.5743839439941163,0.5356076759061834,0.9724310776942355,0.5987895158063226,0.04452675352632825,6,8,106,1,Logistic Regression,random_over,0,7
0.8833333333333333,0.9385964912280702,0.3,1.0,0.8771929824561403,0.46153846153846156,0.5129891760425771,0.41666666666666663,0.9400584795321637,0.5355275443510737,0.09938719915036416,6,14,100,0,Logistic Regression,random_over,0,8
0.925,0.8026315789473684,0.36363636363636365,0.6666666666666666,0.9385964912280702,0.47058823529411764,0.457154183797422,0.4339622641509433,0.9634502923976609,0.7123015873015872,0.050662369815366114,4,7,107,2,Logistic Regression,random_over,0,9
0.9008264462809917,0.9478260869565218,0.3333333333333333,1.0,0.8956521739130435,0.5,0.5463979544596421,0.4598214285714285,0.9840579710144928,0.8921568627450981,0.07236576750628132,6,12,103,0,Logistic Regression,random_over,1,0
0.9008264462809917,0.9478260869565218,0.3333333333333333,1.0,0.8956521739130435,0.5,0.5463979544596421,0.4598214285714285,0.9681159420289855,0.5576109076109076,0.07736025034103125,6,12,103,0,Logistic Regression,random_over,1,1
0.9090909090909091,0.9517543859649122,0.3888888888888889,1.0,0.9035087719298246,0.56,0.59276008841449,0.5200144248106744,0.9686716791979949,0.6838235294117647,0.0751183396140688,7,11,103,0,Logistic Regression,random_over,1,2
0.859504132231405,0.8583959899749374,0.2727272727272727,0.8571428571428571,0.8596491228070176,0.41379310344827586,0.43387601774552437,0.3573883161512027,0.9373433583959899,0.40876417233560086,0.11357276946675712,6,16,98,1,Logistic Regression,random_over,1,3
0.9504132231404959,0.9736842105263157,0.5384615384615384,1.0,0.9473684210526315,0.7,0.7142278750440075,0.675603217158177,0.9899749373433584,0.8715213358070499,0.045665922495479794,7,6,108,0,Logistic Regression,random_over,1,4
0.859504132231405,0.8583959899749374,0.2727272727272727,0.8571428571428571,0.8596491228070176,0.41379310344827586,0.43387601774552437,0.3573883161512027,0.9335839598997494,0.582979407979408,0.09487549873490998,6,16,98,1,Logistic Regression,random_over,1,5
0.9256198347107438,0.8934837092731829,0.42857142857142855,0.8571428571428571,0.9298245614035088,0.5714285714285714,0.5743839439941163,0.5356076759061834,0.9423558897243107,0.716017316017316,0.06038460501101516,6,8,106,1,Logistic Regression,random_over,1,6
0.9256198347107438,0.8934837092731829,0.42857142857142855,0.8571428571428571,0.9298245614035088,0.5714285714285714,0.5743839439941163,0.5356076759061834,0.9699248120300752,0.7252834467120182,0.05383325432567832,6,8,106,1,Logistic Regression,random_over,1,7
0.9166666666666666,0.8771929824561404,0.35714285714285715,0.8333333333333334,0.9210526315789473,0.5,0.5121588720032638,0.4623655913978495,0.9590643274853801,0.6947751322751323,0.06594688087992835,5,9,105,1,Logistic Regression,random_over,1,8
0.9416666666666667,0.7324561403508771,0.42857142857142855,0.5,0.9649122807017544,0.46153846153846156,0.4323254750628465,0.43089430894308944,0.9576023391812866,0.6715129233511586,0.051104026368330814,3,4,110,3,Logistic Regression,random_over,1,9
0.9090909090909091,0.7942028985507246,0.3076923076923077,0.6666666666666666,0.9217391304347826,0.42105263157894735,0.41249428349935935,0.37890807279514693,0.9536231884057972,0.5261904761904762,0.0680862279383533,4,9,106,2,Logistic Regression,random_over,2,0
0.9338842975206612,0.9652173913043478,0.42857142857142855,1.0,0.9304347826086956,0.6,0.6314726945602283,0.5701598579040852,0.9826086956521739,0.8269230769230769,0.0512541874308423,6,8,107,0,Logistic Regression,random_over,2,1
0.859504132231405,0.8583959899749374,0.2727272727272727,0.8571428571428571,0.8596491228070176,0.41379310344827586,0.43387601774552437,0.3573883161512027,0.9097744360902256,0.29046618647458977,0.10760922768314168,6,16,98,1,Logistic Regression,random_over,2,2
0.8760330578512396,0.8671679197994987,0.3,0.8571428571428571,0.8771929824561403,0.4444444444444444,0.4615518389113854,0.3923669233344492,0.9448621553884711,0.8418367346938775,0.09184928697780045,6,14,100,1,Logistic Regression,random_over,2,3
0.9504132231404959,0.9736842105263157,0.5384615384615384,1.0,0.9473684210526315,0.7,0.7142278750440075,0.675603217158177,0.987468671679198,0.8385281385281385,0.04271010561842275,7,6,108,0,Logistic Regression,random_over,2,4
0.8925619834710744,0.7418546365914787,0.2857142857142857,0.5714285714285714,0.9122807017543859,0.38095238095238093,0.3530449082511607,0.32921108742004257,0.9085213032581454,0.29523809523809524,0.08393746842769605,4,10,104,3,Logistic Regression,random_over,2,5
0.8677685950413223,0.9298245614035088,0.30434782608695654,1.0,0.8596491228070176,0.4666666666666667,0.511500089661649,0.41475211608222484,0.9786967418546366,0.823953823953824,0.09232901978565906,7,16,98,0,Logistic Regression,random_over,2,6
0.9504132231404959,0.9736842105263157,0.5384615384615384,1.0,0.9473684210526315,0.7,0.7142278750440075,0.675603217158177,1.0,1.0,0.03976614113025693,7,6,108,0,Logistic Regression,random_over,2,7
0.9083333333333333,0.7938596491228069,0.3076923076923077,0.6666666666666666,0.9210526315789473,0.42105263157894735,0.4121301975209453,0.37853107344632764,0.9342105263157895,0.6353282828282828,0.07816576161442045,4,9,105,2,Logistic Regression,random_over,2,8
0.9166666666666666,0.956140350877193,0.375,1.0,0.9122807017543859,0.5454545454545454,0.5848976518656018,0.5098039215686274,0.9883040935672516,0.8690476190476191,0.0685066991340187,6,10,104,0,Logistic Regression,random_over,2,9
0.8760330578512396,0.8557971014492753,0.2631578947368421,0.8333333333333334,0.8782608695652174,0.4,0.4246000689917708,0.35109045405791917,0.9318840579710145,0.48809523809523814,0.10196516942985355,5,14,101,1,Logistic Regression,random_over,3,0
0.8842975206611571,0.9391304347826087,0.3,1.0,0.8782608695652174,0.46153846153846156,0.5133013353475376,0.4170681348933243,0.9768115942028986,0.6953703703703703,0.09486717122475567,6,14,101,0,Logistic Regression,random_over,3,1
0.9256198347107438,0.8934837092731829,0.42857142857142855,0.8571428571428571,0.9298245614035088,0.5714285714285714,0.5743839439941163,0.5356076759061834,0.9761904761904762,0.7751500600240095,0.05077505723853429,6,8,106,1,Logistic Regression,random_over,3,2
0.9256198347107438,0.7593984962406015,0.4,0.5714285714285714,0.9473684210526315,0.47058823529411764,0.43988323070463986,0.431924882629108,0.93734335839599,0.6565934065934065,0.05814212715116349,4,6,108,3,Logistic Regression,random_over,3,3
0.9256198347107438,0.8934837092731829,0.42857142857142855,0.8571428571428571,0.9298245614035088,0.5714285714285714,0.5743839439941163,0.5356076759061834,0.9674185463659148,0.7019822282980177,0.05903111644455753,6,8,106,1,Logistic Regression,random_over,3,4
0.9173553719008265,0.956140350877193,0.4117647058823529,1.0,0.9122807017543859,0.5833333333333334,0.6128988455202387,0.5461365341335334,0.9774436090225564,0.6394867037724181,0.05935476805237091,7,10,104,0,Logistic Regression,random_over,3,5
0.8760330578512396,0.800125313283208,0.2777777777777778,0.7142857142857143,0.8859649122807017,0.4,0.39380316553473055,0.3454742156509195,0.9335839598997494,0.5620339044708793,0.09101261893516839,5,13,101,2,Logistic Regression,random_over,3,6
0.9338842975206612,0.9649122807017544,0.4666666666666667,1.0,0.9298245614035088,0.6363636363636364,0.6587246227787229,0.6052202283849919,0.9749373433583961,0.7007635221920936,0.05886791243011752,7,8,106,0,Logistic Regression,random_over,3,7
0.9166666666666666,0.7982456140350878,0.3333333333333333,0.6666666666666666,0.9298245614035088,0.4444444444444444,0.4333408306443945,0.40476190476190477,0.9619883040935673,0.7676767676767676,0.056399090464207165,4,8,106,2,Logistic Regression,random_over,3,8
0.9166666666666666,0.956140350877193,0.375,1.0,0.9122807017543859,0.5454545454545454,0.5848976518656018,0.5098039215686274,0.9926900584795322,0.8968253968253967,0.061172042917800463,6,10,104,0,Logistic Regression,random_over,3,9
0.9090909090909091,0.9521739130434783,0.35294117647058826,1.0,0.9043478260869565,0.5217391304347826,0.5649615789394438,0.4839084916634354,0.9884057971014493,0.7996031746031745,0.07190033514893636,6,11,104,0,Logistic Regression,random_over,4,0
0.8842975206611571,0.9391304347826087,0.3,1.0,0.8782608695652174,0.46153846153846156,0.5133013353475376,0.4170681348933243,0.9753623188405797,0.751984126984127,0.08676585185637184,6,14,101,0,Logistic Regression,random_over,4,1
0.9256198347107438,0.9605263157894737,0.4375,1.0,0.9210526315789473,0.6086956521739131,0.6347917188462602,0.574443141852286,0.9774436090225564,0.625,0.05828129270393359,7,9,105,0,Logistic Regression,random_over,4,2
0.8760330578512396,0.8671679197994987,0.3,0.8571428571428571,0.8771929824561403,0.4444444444444444,0.4615518389113854,0.3923669233344492,0.9561403508771931,0.7453514739229024,0.09961577991817717,6,14,100,1,Logistic Regression,random_over,4,3
0.9256198347107438,0.8264411027568923,0.4166666666666667,0.7142857142857143,0.9385964912280702,0.5263157894736842,0.5099556473733603,0.4889723134678554,0.9699248120300752,0.7578532578532577,0.05337178986443691,5,7,107,2,Logistic Regression,random_over,4,4
0.8842975206611571,0.8045112781954887,0.29411764705882354,0.7142857142857143,0.8947368421052632,0.4166666666666667,0.4091604930258736,0.3645911477869467,0.8922305764411028,0.4633237133237133,0.08353361857943338,5,12,102,2,Logistic Regression,random_over,4,5
0.9173553719008265,0.7550125313283208,0.36363636363636365,0.5714285714285714,0.9385964912280702,0.4444444444444444,0.4141906381266716,0.40217391304347827,0.9436090225563909,0.48146258503401357,0.05985755130670209,4,7,107,3,Logistic Regression,random_over,4,6
0.9090909090909091,0.9517543859649122,0.3888888888888889,1.0,0.9035087719298246,0.56,0.59276008841449,0.5200144248106744,0.9724310776942355,0.7278388278388279,0.07016292365034668,7,11,103,0,Logistic Regression,random_over,4,7
0.925,0.9605263157894737,0.4,1.0,0.9210526315789473,0.5714285714285714,0.6069769786668839,0.5384615384615384,0.9780701754385965,0.6699786324786325,0.06548316045683363,6,9,105,0,Logistic Regression,random_over,4,8
0.9166666666666666,0.7982456140350878,0.3333333333333333,0.6666666666666666,0.9298245614035088,0.4444444444444444,0.4333408306443945,0.40476190476190477,0.9488304093567252,0.7486772486772486,0.060938769104105735,4,8,106,2,Logistic Regression,random_over,4,9
0.8760330578512396,0.9347826086956521,0.2857142857142857,1.0,0.8695652173913043,0.4444444444444444,0.4984447862792268,0.3980099502487562,0.9753623188405797,0.7633458646616541,0.09414133552942441,6,15,100,0,Logistic Regression,random_under,0,0
0.8760330578512396,0.9347826086956521,0.2857142857142857,1.0,0.8695652173913043,0.4444444444444444,0.4984447862792268,0.3980099502487562,0.9739130434782609,0.5898148148148148,0.10591120911749669,6,15,100,0,Logistic Regression,random_under,0,1
0.8925619834710744,0.8088972431077694,0.3125,0.7142857142857143,0.9035087719298246,0.43478260869565216,0.4257854658383759,0.38530676045330203,0.9323308270676691,0.6248469387755102,0.08407071788647849,5,11,103,2,Logistic Regression,random_under,0,2
0.8347107438016529,0.8452380952380952,0.24,0.8571428571428571,0.8333333333333334,0.375,0.39814799433982506,0.31289040318001127,0.894736842105263,0.3544784580498866,0.13447082255546186,6,19,95,1,Logistic Regression,random_under,0,3
0.9090909090909091,0.8847117794486214,0.375,0.8571428571428571,0.9122807017543859,0.5217391304347826,0.5302885923423181,0.479874951152794,0.9085213032581454,0.7756033920417482,0.07567826451854229,6,10,104,1,Logistic Regression,random_under,0,4
0.8429752066115702,0.9166666666666667,0.2692307692307692,1.0,0.8333333333333334,0.42424242424242425,0.47366546671567095,0.3664921465968586,0.9461152882205514,0.6386394557823128,0.1427059842130686,7,19,95,0,Logistic Regression,random_under,0,5
0.8264462809917356,0.8408521303258145,0.23076923076923078,0.8571428571428571,0.8245614035087719,0.36363636363636365,0.3874797201403383,0.2998071093965279,0.9360902255639098,0.6233691926382956,0.12240314509002374,6,20,94,1,Logistic Regression,random_under,0,6
0.9008264462809917,0.81328320802005,0.3333333333333333,0.7142857142857143,0.9122807017543859,0.45454545454545453,0.4438845166972526,0.40783034257748774,0.8909774436090225,0.38521716378859233,0.09257618716514977,5,10,104,2,Logistic Regression,random_under,0,7
0.8166666666666667,0.9035087719298245,0.21428571428571427,1.0,0.8070175438596491,0.35294117647058826,0.4158513326022506,0.29487179487179493,0.9225146198830408,0.34027777777777773,0.1517202241655318,6,22,92,0,Logistic Regression,random_under,0,8
0.775,0.881578947368421,0.18181818181818182,1.0,0.7631578947368421,0.3076923076923077,0.37249963873974967,0.24369747899159666,0.9342105263157896,0.5097883597883598,0.19130700346272764,6,27,87,0,Logistic Regression,random_under,0,9
0.8429752066115702,0.9173913043478261,0.24,1.0,0.8347826086956521,0.3870967741935484,0.4476023079553506,0.3338162851347435,0.9710144927536232,0.6706871345029239,0.12222601924733494,6,19,96,0,Logistic Regression,random_under,1,0
0.768595041322314,0.8782608695652174,0.17647058823529413,1.0,0.7565217391304347,0.3,0.36538176790466104,0.23555956678700363,0.946376811594203,0.3873015873015873,0.1919386298803302,6,28,87,0,Logistic Regression,random_under,1,1
0.8925619834710744,0.9429824561403508,0.35,1.0,0.8859649122807017,0.5185185185185185,0.5568552049664667,0.47338466688985603,0.9786967418546366,0.7139455782312925,0.08069200303806758,7,13,101,0,Logistic Regression,random_under,1,2
0.8347107438016529,0.9122807017543859,0.25925925925925924,1.0,0.8245614035087719,0.4117647058823529,0.4623582795705722,0.35224839400428265,0.93734335839599,0.4899073664553541,0.1265878251102,7,20,94,0,Logistic Regression,random_under,1,3
0.9090909090909091,0.9517543859649122,0.3888888888888889,1.0,0.9035087719298246,0.56,0.59276008841449,0.5200144248106744,0.9837092731829574,0.7381880024737169,0.07188160386502156,7,11,103,0,Logistic Regression,random_under,1,4
0.7933884297520661,0.8233082706766917,0.2,0.8571428571428571,0.7894736842105263,0.32432432432432434,0.3495963844093186,0.2543751540547202,0.8934837092731829,0.417957532663415,0.16317438752036423,6,24,90,1,Logistic Regression,random_under,1,5
0.8925619834710744,0.8759398496240601,0.3333333333333333,0.8571428571428571,0.8947368421052632,0.48,0.49328162697461025,0.4327443202307969,0.9486215538847118,0.72510395010395,0.09486711558289324,6,12,102,1,Logistic Regression,random_under,1,6
0.8842975206611571,0.8715538847117794,0.3157894736842105,0.8571428571428571,0.8859649122807017,0.46153846153846156,0.4768440427523941,0.41180555555555554,0.9448621553884712,0.5610856534769578,0.09421777563388524,6,13,101,1,Logistic Regression,random_under,1,7
0.8916666666666667,0.8640350877192983,0.29411764705882354,0.8333333333333334,0.8947368421052632,0.43478260869565216,0.4550490571506752,0.3896713615023474,0.9517543859649122,0.6403133903133903,0.09423583277027743,5,12,102,1,Logistic Regression,random_under,1,8
0.9,0.7105263157894737,0.25,0.5,0.9210526315789473,0.3333333333333333,0.305887645160749,0.2857142857142857,0.9312865497076024,0.6272486772486772,0.07166047125334733,3,9,105,3,Logistic Regression,random_under,1,9
0.8677685950413223,0.8514492753623188,0.25,0.8333333333333334,0.8695652173913043,0.38461538461538464,0.4108104746593329,0.33379215416379915,0.9173913043478261,0.28055555555555556,0.10191917459993591,5,15,100,1,Logistic Regression,random_under,2,0
0.8677685950413223,0.9304347826086956,0.2727272727272727,1.0,0.8608695652173913,0.42857142857142855,0.48454371185234896,0.3802816901408451,0.9652173913043478,0.7016806722689076,0.10966899093161366,6,16,99,0,Logistic Regression,random_under,2,1
0.8099173553719008,0.7650375939849624,0.19230769230769232,0.7142857142857143,0.8157894736842105,0.30303030303030304,0.3012939735650057,0.2331220721961973,0.8358395989974938,0.23670556496643455,0.1548803173466822,5,21,93,2,Logistic Regression,random_under,2,2
0.8512396694214877,0.8540100250626566,0.2608695652173913,0.8571428571428571,0.8508771929824561,0.4,0.4212792283656438,0.34159613059250304,0.9523809523809523,0.7007111935683363,0.10419297144685909,6,17,97,1,Logistic Regression,random_under,2,3
0.8925619834710744,0.9429824561403508,0.35,1.0,0.8859649122807017,0.5185185185185185,0.5568552049664667,0.47338466688985603,0.9786967418546366,0.661147186147186,0.08065138311407967,7,13,101,0,Logistic Regression,random_under,2,4
0.8512396694214877,0.786967418546366,0.23809523809523808,0.7142857142857143,0.8596491228070176,0.35714285714285715,0.35379719465661547,0.29605688429217836,0.9010025062656641,0.2895059305773591,0.09806295073510428,5,16,98,2,Logistic Regression,random_under,2,5
0.8760330578512396,0.8671679197994987,0.3,0.8571428571428571,0.8771929824561403,0.4444444444444444,0.4615518389113854,0.3923669233344492,0.9536340852130326,0.6634615384615383,0.10755741149977072,6,14,100,1,Logistic Regression,random_under,2,6
0.9173553719008265,0.956140350877193,0.4117647058823529,1.0,0.9122807017543859,0.5833333333333334,0.6128988455202387,0.5461365341335334,0.9924812030075187,0.859750566893424,0.07210484704243601,7,10,104,0,Logistic Regression,random_under,2,7
0.85,0.8421052631578947,0.22727272727272727,0.8333333333333334,0.8508771929824561,0.35714285714285715,0.38538377272538443,0.3023255813953487,0.9312865497076024,0.5606349206349206,0.11781088409075503,5,17,97,1,Logistic Regression,random_under,2,8
0.85,0.9210526315789473,0.25,1.0,0.8421052631578947,0.4,0.4588314677411235,0.34782608695652173,0.9795321637426901,0.6949786324786325,0.10094075793269124,6,18,96,0,Logistic Regression,random_under,2,9
0.8264462809917356,0.7507246376811594,0.17391304347826086,0.6666666666666666,0.8347826086956521,0.27586206896551724,0.2774435274922911,0.21404268481286726,0.9072463768115941,0.44292186571598335,0.136652950587954,4,19,96,2,Logistic Regression,random_under,3,0
0.7933884297520661,0.8913043478260869,0.1935483870967742,1.0,0.782608695652174,0.32432432432432434,0.3891948750579695,0.2630937880633374,0.9420289855072465,0.49295900178253116,0.16402302081709966,6,25,90,0,Logistic Regression,random_under,3,1
0.8925619834710744,0.8759398496240601,0.3333333333333333,0.8571428571428571,0.8947368421052632,0.48,0.49328162697461025,0.4327443202307969,0.9674185463659147,0.7163265306122448,0.0860887710533821,6,12,102,1,Logistic Regression,random_under,3,2
0.9008264462809917,0.81328320802005,0.3333333333333333,0.7142857142857143,0.9122807017543859,0.45454545454545453,0.4438845166972526,0.40783034257748774,0.924812030075188,0.6994047619047619,0.07943795790044529,5,10,104,2,Logistic Regression,random_under,3,3
0.9421487603305785,0.9022556390977443,0.5,0.8571428571428571,0.9473684210526315,0.631578947368421,0.6283906441721637,0.6025340215861098,0.9674185463659148,0.8054353054353054,0.05347686240388223,6,6,108,1,Logistic Regression,random_under,3,4
0.8677685950413223,0.9298245614035088,0.30434782608695654,1.0,0.8596491228070176,0.4666666666666667,0.511500089661649,0.41475211608222484,0.9598997493734336,0.46352219209362067,0.10624667769226719,7,16,98,0,Logistic Regression,random_under,3,5
0.8099173553719008,0.7650375939849624,0.19230769230769232,0.7142857142857143,0.8157894736842105,0.30303030303030304,0.3012939735650057,0.2331220721961973,0.9260651629072683,0.41815622800844476,0.13610477624075426,5,21,93,2,Logistic Regression,random_under,3,6
0.8429752066115702,0.9166666666666667,0.2692307692307692,1.0,0.8333333333333334,0.42424242424242425,0.47366546671567095,0.3664921465968586,0.9573934837092732,0.5669631955346242,0.110807818259597,7,19,95,0,Logistic Regression,random_under,3,7
0.85,0.763157894736842,0.2,0.6666666666666666,0.8596491228070176,0.3076923076923077,0.30779350562554625,0.25,0.9049707602339182,0.6833333333333333,0.10897237969089456,4,16,98,2,Logistic Regression,random_under,3,8
0.9,0.9473684210526316,0.3333333333333333,1.0,0.8947368421052632,0.5,0.5461186812727502,0.45945945945945954,0.9766081871345029,0.7027777777777777,0.08849644184671827,6,12,102,0,Logistic Regression,random_under,3,9
0.8925619834710744,0.9434782608695652,0.3157894736842105,1.0,0.8869565217391304,0.48,0.5292367458716165,0.43761172685019667,0.9884057971014493,0.8263888888888888,0.08078651104050519,6,13,102,0,Logistic Regression,random_under,4,0
0.8760330578512396,0.9347826086956521,0.2857142857142857,1.0,0.8695652173913043,0.4444444444444444,0.4984447862792268,0.3980099502487562,0.9797101449275362,0.7043650793650794,0.11130205897648611,6,15,100,0,Logistic Regression,random_under,4,1
0.9173553719008265,0.956140350877193,0.4117647058823529,1.0,0.9122807017543859,0.5833333333333334,0.6128988455202387,0.5461365341335334,0.9786967418546366,0.6520408163265305,0.06677006362373787,7,10,104,0,Logistic Regression,random_under,4,2
0.8429752066115702,0.849624060150376,0.25,0.8571428571428571,0.8421052631578947,0.3870967741935484,0.4093938037720317,0.3267935578330893,0.9448621553884712,0.6559422750424448,0.11691693393865936,6,18,96,1,Logistic Regression,random_under,4,3
0.8429752066115702,0.849624060150376,0.25,0.8571428571428571,0.8421052631578947,0.3870967741935484,0.4093938037720317,0.3267935578330893,0.9210526315789473,0.6729317533464998,0.11537632288725458,6,18,96,1,Logistic Regression,random_under,4,4
0.7851239669421488,0.818922305764411,0.1935483870967742,0.8571428571428571,0.7807017543859649,0.3157894736842105,0.34112553910467003,0.24447646493756003,0.8834586466165414,0.3408673891392785,0.1635541900303135,6,25,89,1,Logistic Regression,random_under,4,5
0.8512396694214877,0.8540100250626566,0.2608695652173913,0.8571428571428571,0.8508771929824561,0.4,0.4212792283656438,0.34159613059250304,0.9135338345864661,0.5153834260977117,0.11469028025799162,6,17,97,1,Logistic Regression,random_under,4,6
0.8512396694214877,0.9210526315789473,0.28,1.0,0.8421052631578947,0.4375,0.48558158293350717,0.3816013628620102,0.9598997493734336,0.6981292517006803,0.103004017638194,7,18,96,0,Logistic Regression,random_under,4,7
0.8833333333333333,0.9385964912280702,0.3,1.0,0.8771929824561403,0.46153846153846156,0.5129891760425771,0.41666666666666663,0.9736842105263158,0.670995670995671,0.08273022960885065,6,14,100,0,Logistic Regression,random_under,4,8
0.9,0.9473684210526316,0.3333333333333333,1.0,0.8947368421052632,0.5,0.5461186812727502,0.45945945945945954,0.9766081871345029,0.7847494553376906,0.09070705346842874,6,12,102,0,Logistic Regression,random_under,4,9
0.9090909090909091,0.9521739130434783,0.35294117647058826,1.0,0.9043478260869565,0.5217391304347826,0.5649615789394438,0.4839084916634354,0.972463768115942,0.7291666666666666,0.05964687157264505,6,11,104,0,Logistic Regression,smotenc,0,0
0.8842975206611571,0.9391304347826087,0.3,1.0,0.8782608695652174,0.46153846153846156,0.5133013353475376,0.4170681348933243,0.9666666666666667,0.5363247863247863,0.09084555261398905,6,14,101,0,Logistic Regression,smotenc,0,1
0.9421487603305785,0.768170426065163,0.5,0.5714285714285714,0.9649122807017544,0.5333333333333333,0.5039159537045698,0.5026423957721667,0.9636591478696741,0.7136054421768707,0.03776338828340836,4,4,110,3,Logistic Regression,smotenc,0,2
0.9256198347107438,0.8934837092731829,0.42857142857142855,0.8571428571428571,0.9298245614035088,0.5714285714285714,0.5743839439941163,0.5356076759061834,0.9548872180451128,0.6266178266178266,0.062286721576606495,6,8,106,1,Logistic Regression,smotenc,0,3
0.9256198347107438,0.8934837092731829,0.42857142857142855,0.8571428571428571,0.9298245614035088,0.5714285714285714,0.5743839439941163,0.5356076759061834,0.8872180451127819,0.6863678804855275,0.05274409871583328,6,8,106,1,Logistic Regression,smotenc,0,4
0.9008264462809917,0.9473684210526316,0.3684210526315789,1.0,0.8947368421052632,0.5384615384615384,0.5741427428755639,0.49583333333333335,0.9548872180451127,0.5163322904919543,0.07838244746074387,7,12,102,0,Logistic Regression,smotenc,0,5
0.8760330578512396,0.7330827067669172,0.25,0.5714285714285714,0.8947368421052632,0.34782608695652173,0.32128233933443373,0.29073856975381007,0.9285714285714286,0.5975618364056499,0.08101441204715049,4,12,102,3,Logistic Regression,smotenc,0,6
0.9173553719008265,0.6209273182957393,0.2857142857142857,0.2857142857142857,0.956140350877193,0.2857142857142857,0.24185463659147868,0.24185463659147866,0.8959899749373434,0.2797439120019765,0.07039377253947345,2,5,109,5,Logistic Regression,smotenc,0,7
0.9166666666666666,0.8771929824561404,0.35714285714285715,0.8333333333333334,0.9210526315789473,0.5,0.5121588720032638,0.4623655913978495,0.9634502923976609,0.6543290043290043,0.06106830415126588,5,9,105,1,Logistic Regression,smotenc,0,8
0.9666666666666667,0.9035087719298246,0.625,0.8333333333333334,0.9736842105263158,0.7142857142857143,0.7051102404077108,0.696969696969697,0.9780701754385965,0.7695378151260504,0.028588718975347434,5,3,111,1,Logistic Regression,smotenc,0,9
0.9173553719008265,0.877536231884058,0.35714285714285715,0.8333333333333334,0.9217391304347826,0.5,0.5124568128752008,0.46269982238010654,0.9797101449275363,0.8217592592592592,0.05553007644180491,5,9,106,1,Logistic Regression,smotenc,1,0
0.9090909090909091,0.8731884057971014,0.3333333333333333,0.8333333333333334,0.9130434782608695,0.47619047619047616,0.4916817871916591,0.43625582380347305,0.9246376811594204,0.5720899470899471,0.073934451323646,5,10,105,1,Logistic Regression,smotenc,1,1
0.9008264462809917,0.7462406015037594,0.3076923076923077,0.5714285714285714,0.9210526315789473,0.4,0.3712851255189087,0.3512064343163539,0.8909774436090225,0.4168376136741198,0.07986838112295232,4,9,105,3,Logistic Regression,smotenc,1,2
0.8760330578512396,0.800125313283208,0.2777777777777778,0.7142857142857143,0.8859649122807017,0.4,0.39380316553473055,0.3454742156509195,0.9097744360902256,0.5348882675214258,0.09314389404069591,5,13,101,2,Logistic Regression,smotenc,1,3
0.9504132231404959,0.9736842105263157,0.5384615384615384,1.0,0.9473684210526315,0.7,0.7142278750440075,0.675603217158177,0.9849624060150376,0.8274170274170274,0.038286928927231414,7,6,108,0,Logistic Regression,smotenc,1,4
0.8512396694214877,0.8540100250626566,0.2608695652173913,0.8571428571428571,0.8508771929824561,0.4,0.4212792283656438,0.34159613059250304,0.9360902255639098,0.48216619981325864,0.09915082426545475,6,17,97,1,Logistic Regression,smotenc,1,5
0.9338842975206612,0.8308270676691729,0.45454545454545453,0.7142857142857143,0.9473684210526315,0.5555555555555556,0.537328395407574,0.5217391304347826,0.8847117794486216,0.6141321507505955,0.05819519436560478,5,6,108,2,Logistic Regression,smotenc,1,6
0.9008264462809917,0.8803258145363408,0.35294117647058826,0.8571428571428571,0.9035087719298246,0.5,0.5110296692730562,0.4553638409602401,0.9611528822055138,0.5806928034371643,0.05489186213669039,6,11,103,1,Logistic Regression,smotenc,1,7
0.9,0.7105263157894737,0.25,0.5,0.9210526315789473,0.3333333333333333,0.305887645160749,0.2857142857142857,0.9239766081871345,0.30128205128205127,0.06428540044598045,3,9,105,3,Logistic Regression,smotenc,1,8
0.925,0.7236842105263157,0.3333333333333333,0.5,0.9473684210526315,0.4,0.3701780228629409,0.36170212765957455,0.9108187134502924,0.5669723551302499,0.05815590684657116,3,6,108,3,Logistic Regression,smotenc,1,9
0.9090909090909091,0.636231884057971,0.2222222222222222,0.3333333333333333,0.9391304347826087,0.26666666666666666,0.2254254980353404,0.2202694786174575,0.8724637681159421,0.21428505783344493,0.07232127177184669,2,7,108,4,Logistic Regression,smotenc,2,0
0.9256198347107438,0.9608695652173913,0.4,1.0,0.9217391304347826,0.5714285714285714,0.6072031391337771,0.5387547649301143,0.9927536231884059,0.8833333333333333,0.04856575223331676,6,9,106,0,Logistic Regression,smotenc,2,1
0.8429752066115702,0.6484962406015038,0.16666666666666666,0.42857142857142855,0.868421052631579,0.24,0.19484624265497105,0.17093400649116475,0.87468671679198,0.3388723595245334,0.11380360283329846,3,15,99,4,Logistic Regression,smotenc,2,2
0.8842975206611571,0.8715538847117794,0.3157894736842105,0.8571428571428571,0.8859649122807017,0.46153846153846156,0.4768440427523941,0.41180555555555554,0.8771929824561403,0.6108724191430959,0.07851185386644786,6,13,101,1,Logistic Regression,smotenc,2,3
0.9586776859504132,0.8439849624060151,0.625,0.7142857142857143,0.9736842105263158,0.6666666666666666,0.6463781742612354,0.6447445684086905,0.9724310776942355,0.7757608306480488,0.034559487220916764,5,3,111,2,Logistic Regression,smotenc,2,4
0.9090909090909091,0.7506265664160401,0.3333333333333333,0.5714285714285714,0.9298245614035088,0.42105263157894735,0.3915206505745568,0.37541060534960113,0.9110275689223057,0.29032830523513753,0.07426731973314561,4,8,106,3,Logistic Regression,smotenc,2,5
0.9256198347107438,0.9605263157894737,0.4375,1.0,0.9210526315789473,0.6086956521739131,0.6347917188462602,0.574443141852286,0.981203007518797,0.8184523809523809,0.05932583301909492,7,9,105,0,Logistic Regression,smotenc,2,6
0.9504132231404959,0.8395989974937343,0.5555555555555556,0.7142857142857143,0.9649122807017544,0.625,0.6043208450919978,0.5988950276243094,0.9674185463659148,0.7962207105064247,0.03856555863319291,5,4,110,2,Logistic Regression,smotenc,2,7
0.8916666666666667,0.7850877192982456,0.26666666666666666,0.6666666666666666,0.9035087719298246,0.38095238095238093,0.37574765346045197,0.33333333333333337,0.9517543859649122,0.4409722222222222,0.06847677452579794,4,11,103,2,Logistic Regression,smotenc,2,8
0.8916666666666667,0.8640350877192983,0.29411764705882354,0.8333333333333334,0.8947368421052632,0.43478260869565216,0.4550490571506752,0.3896713615023474,0.9371345029239766,0.4513117601352895,0.07903513056471714,5,12,102,1,Logistic Regression,smotenc,2,9
0.8677685950413223,0.7724637681159421,0.2222222222222222,0.6666666666666666,0.8782608695652174,0.3333333333333333,0.33243629591719326,0.27976190476190466,0.8855072463768117,0.21092314118629907,0.09174562134313617,4,14,101,2,Logistic Regression,smotenc,3,0
0.8760330578512396,0.8557971014492753,0.2631578947368421,0.8333333333333334,0.8782608695652174,0.4,0.4246000689917708,0.35109045405791917,0.9463768115942028,0.6067460317460317,0.09123775001744786,5,14,101,1,Logistic Regression,smotenc,3,1
0.9338842975206612,0.8978696741854637,0.46153846153846156,0.8571428571428571,0.9385964912280702,0.6,0.599913625202308,0.5674709562109026,0.9799498746867168,0.7353741496598638,0.03896885881367675,6,7,107,1,Logistic Regression,smotenc,3,2
0.9173553719008265,0.7550125313283208,0.36363636363636365,0.5714285714285714,0.9385964912280702,0.4444444444444444,0.4141906381266716,0.40217391304347827,0.8621553884711779,0.43954337587877956,0.06508459564241338,4,7,107,3,Logistic Regression,smotenc,3,3
0.9008264462809917,0.6791979949874687,0.2727272727272727,0.42857142857142855,0.9298245614035088,0.3333333333333333,0.29105288084576925,0.28260869565217384,0.9348370927318296,0.46210099424385137,0.05951709516718073,3,8,106,4,Logistic Regression,smotenc,3,4
0.9173553719008265,0.8220551378446115,0.38461538461538464,0.7142857142857143,0.9298245614035088,0.5,0.4855993753606083,0.45933869526362825,0.9373433583959899,0.56281179138322,0.06105655105113684,5,8,106,2,Logistic Regression,smotenc,3,5
0.859504132231405,0.7913533834586466,0.25,0.7142857142857143,0.868421052631579,0.37037037037037035,0.36624847285630413,0.31134917977904253,0.9022556390977443,0.6686616954474098,0.09999296798659556,5,15,99,2,Logistic Regression,smotenc,3,6
0.9090909090909091,0.9517543859649122,0.3888888888888889,1.0,0.9035087719298246,0.56,0.59276008841449,0.5200144248106744,0.9699248120300752,0.6095238095238096,0.06428542833103207,7,11,103,0,Logistic Regression,smotenc,3,7
0.925,0.8026315789473684,0.36363636363636365,0.6666666666666666,0.9385964912280702,0.47058823529411764,0.457154183797422,0.4339622641509433,0.9385964912280701,0.3800505050505051,0.0593937877543206,4,7,107,2,Logistic Regression,smotenc,3,8
0.9083333333333333,0.8728070175438596,0.3333333333333333,0.8333333333333334,0.9122807017543859,0.47619047619047616,0.491362316063668,0.4358974358974359,0.9824561403508771,0.8482142857142857,0.05672785179793117,5,10,104,1,Logistic Regression,smotenc,3,9
0.859504132231405,0.8471014492753624,0.23809523809523808,0.8333333333333334,0.8608695652173913,0.37037037037037035,0.39792508771291607,0.3177446102819237,0.9492753623188406,0.5882786195286195,0.08273989362106501,5,16,99,1,Logistic Regression,smotenc,4,0
0.9008264462809917,0.7898550724637681,0.2857142857142857,0.6666666666666666,0.9130434782608695,0.4,0.39344093119017337,0.3552397868561279,0.8942028985507247,0.6774680603948896,0.07516348410872514,4,10,105,2,Logistic Regression,smotenc,4,1
0.9338842975206612,0.8978696741854637,0.46153846153846156,0.8571428571428571,0.9385964912280702,0.6,0.599913625202308,0.5674709562109026,0.974937343358396,0.6410714285714285,0.044413482681210543,6,7,107,1,Logistic Regression,smotenc,4,2
0.8842975206611571,0.8715538847117794,0.3157894736842105,0.8571428571428571,0.8859649122807017,0.46153846153846156,0.4768440427523941,0.41180555555555554,0.9373433583959899,0.6017316017316017,0.08916216093597082,6,13,101,1,Logistic Regression,smotenc,4,3
0.9256198347107438,0.7593984962406015,0.4,0.5714285714285714,0.9473684210526315,0.47058823529411764,0.43988323070463986,0.431924882629108,0.9411027568922306,0.601030412164866,0.054691024135757,4,6,108,3,Logistic Regression,smotenc,4,4
0.9090909090909091,0.7506265664160401,0.3333333333333333,0.5714285714285714,0.9298245614035088,0.42105263157894735,0.3915206505745568,0.37541060534960113,0.8308270676691729,0.2778624756885626,0.07127796504595754,4,8,106,3,Logistic Regression,smotenc,4,5
0.9256198347107438,0.6923558897243107,0.375,0.42857142857142855,0.956140350877193,0.4,0.361453733147904,0.36054022313564293,0.912280701754386,0.4178315526837694,0.06258873979677396,3,5,109,4,Logistic Regression,smotenc,4,6
0.9256198347107438,0.8934837092731829,0.42857142857142855,0.8571428571428571,0.9298245614035088,0.5714285714285714,0.5743839439941163,0.5356076759061834,0.9624060150375939,0.5254901960784314,0.06438896925121333,6,8,106,1,Logistic Regression,smotenc,4,7
0.9166666666666666,0.8771929824561404,0.35714285714285715,0.8333333333333334,0.9210526315789473,0.5,0.5121588720032638,0.4623655913978495,0.9722222222222222,0.7291666666666665,0.05523740390750896,5,9,105,1,Logistic Regression,smotenc,4,8
0.9083333333333333,0.8728070175438596,0.3333333333333333,0.8333333333333334,0.9122807017543859,0.47619047619047616,0.491362316063668,0.4358974358974359,0.9649122807017544,0.7686202686202688,0.06123296557376926,5,10,104,1,Logistic Regression,smotenc,4,9
0.9090909090909091,0.8731884057971014,0.3333333333333333,0.8333333333333334,0.9130434782608695,0.47619047619047616,0.4916817871916591,0.43625582380347305,0.9782608695652174,0.8248538011695906,0.0567475226038758,5,10,105,1,Logistic Regression,borderline_smote,0,0
0.9008264462809917,0.9478260869565218,0.3333333333333333,1.0,0.8956521739130435,0.5,0.5463979544596421,0.4598214285714285,0.9826086956521739,0.6685897435897435,0.07654515665200247,6,12,103,0,Logistic Regression,borderline_smote,0,1
0.9338842975206612,0.8308270676691729,0.45454545454545453,0.7142857142857143,0.9473684210526315,0.5555555555555556,0.537328395407574,0.5217391304347826,0.9736842105263158,0.7804704067861963,0.040145507150421034,5,6,108,2,Logistic Regression,borderline_smote,0,2
0.9256198347107438,0.8264411027568923,0.4166666666666667,0.7142857142857143,0.9385964912280702,0.5263157894736842,0.5099556473733603,0.4889723134678554,0.9511278195488722,0.6666357452071738,0.0651090807101923,5,7,107,2,Logistic Regression,borderline_smote,0,3
0.9586776859504132,0.9110275689223057,0.6,0.8571428571428571,0.9649122807017544,0.7058823529411765,0.6970130418894777,0.6844027125717267,0.9586466165413534,0.8113807685236256,0.04518054500698648,6,4,110,1,Logistic Regression,borderline_smote,0,4
0.9090909090909091,0.9517543859649122,0.3888888888888889,1.0,0.9035087719298246,0.56,0.59276008841449,0.5200144248106744,0.9761904761904762,0.7856292517006802,0.07984089081983461,7,11,103,0,Logistic Regression,borderline_smote,0,5
0.9173553719008265,0.8220551378446115,0.38461538461538464,0.7142857142857143,0.9298245614035088,0.5,0.4855993753606083,0.45933869526362825,0.9611528822055138,0.7023809523809523,0.06089274619187407,5,8,106,2,Logistic Regression,borderline_smote,0,6
0.9173553719008265,0.7550125313283208,0.36363636363636365,0.5714285714285714,0.9385964912280702,0.4444444444444444,0.4141906381266716,0.40217391304347827,0.9423558897243108,0.5053113553113553,0.05589083677420973,4,7,107,3,Logistic Regression,borderline_smote,0,7
0.875,0.8552631578947368,0.2631578947368421,0.8333333333333334,0.8771929824561403,0.4,0.424200065300048,0.35064935064935066,0.9488304093567252,0.5843915343915345,0.08646426592030033,5,14,100,1,Logistic Regression,borderline_smote,0,8
0.95,0.8157894736842105,0.5,0.6666666666666666,0.9649122807017544,0.5714285714285714,0.5518254055364693,0.5454545454545454,0.9663742690058479,0.7173141186299081,0.04059347833209468,4,4,110,2,Logistic Regression,borderline_smote,0,9
0.9173553719008265,0.9565217391304348,0.375,1.0,0.9130434782608695,0.5454545454545454,0.5851421232041204,0.5101214574898786,0.9855072463768116,0.8958333333333334,0.06851602577962791,6,10,105,0,Logistic Regression,borderline_smote,1,0
0.9256198347107438,0.8818840579710145,0.38461538461538464,0.8333333333333334,0.9304347826086956,0.5263157894736842,0.5354297719314345,0.4918338777414839,0.9594202898550726,0.5313644688644689,0.06697080020063546,5,8,107,1,Logistic Regression,borderline_smote,1,1
0.9338842975206612,0.8978696741854637,0.46153846153846156,0.8571428571428571,0.9385964912280702,0.6,0.599913625202308,0.5674709562109026,0.9636591478696741,0.637342629359436,0.06257078276540994,6,7,107,1,Logistic Regression,borderline_smote,1,2
0.8925619834710744,0.8759398496240601,0.3333333333333333,0.8571428571428571,0.8947368421052632,0.48,0.49328162697461025,0.4327443202307969,0.9511278195488722,0.4810329394915861,0.0902017561453321,6,12,102,1,Logistic Regression,borderline_smote,1,3
0.9504132231404959,0.9736842105263157,0.5384615384615384,1.0,0.9473684210526315,0.7,0.7142278750440075,0.675603217158177,0.9949874686716792,0.948051948051948,0.03403370987456655,7,6,108,0,Logistic Regression,borderline_smote,1,4
0.859504132231405,0.8583959899749374,0.2727272727272727,0.8571428571428571,0.8596491228070176,0.41379310344827586,0.43387601774552437,0.3573883161512027,0.956140350877193,0.6788876254314042,0.08561109244604209,6,16,98,1,Logistic Regression,borderline_smote,1,5
0.9338842975206612,0.8308270676691729,0.45454545454545453,0.7142857142857143,0.9473684210526315,0.5555555555555556,0.537328395407574,0.5217391304347826,0.9461152882205515,0.7120300751879698,0.05304750541481364,5,6,108,2,Logistic Regression,borderline_smote,1,6
0.9338842975206612,0.8978696741854637,0.46153846153846156,0.8571428571428571,0.9385964912280702,0.6,0.599913625202308,0.5674709562109026,0.9674185463659147,0.7578571428571428,0.046954961057969695,6,7,107,1,Logistic Regression,borderline_smote,1,7
0.9416666666666667,0.8903508771929824,0.45454545454545453,0.8333333333333334,0.9473684210526315,0.5882352941176471,0.5896626428691385,0.559748427672956,0.9736842105263158,0.7466542172424525,0.05009226859010717,5,6,108,1,Logistic Regression,borderline_smote,1,8
0.9333333333333333,0.7280701754385965,0.375,0.5,0.956140350877193,0.42857142857142855,0.3985405706652278,0.3939393939393939,0.9546783625730995,0.675084175084175,0.050848033512855356,3,5,109,3,Logistic Regression,borderline_smote,1,9
0.9090909090909091,0.7942028985507246,0.3076923076923077,0.6666666666666666,0.9217391304347826,0.42105263157894735,0.41249428349935935,0.37890807279514693,0.9434782608695653,0.49502645502645504,0.06524973940280711,4,9,106,2,Logistic Regression,borderline_smote,2,0
0.9338842975206612,0.9652173913043478,0.42857142857142855,1.0,0.9304347826086956,0.6,0.6314726945602283,0.5701598579040852,0.9840579710144928,0.8333333333333333,0.044893554435612694,6,8,107,0,Logistic Regression,borderline_smote,2,1
0.8677685950413223,0.7957393483709273,0.2631578947368421,0.7142857142857143,0.8771929824561403,0.38461538461538464,0.3795453426292243,0.3277777777777777,0.9135338345864661,0.2942649281934996,0.10294782273476961,5,14,100,2,Logistic Regression,borderline_smote,2,2
0.9008264462809917,0.8803258145363408,0.35294117647058826,0.8571428571428571,0.9035087719298246,0.5,0.5110296692730562,0.4553638409602401,0.949874686716792,0.8038680588514475,0.07529262159121498,6,11,103,1,Logistic Regression,borderline_smote,2,3
0.9669421487603306,0.8483709273182958,0.7142857142857143,0.7142857142857143,0.9824561403508771,0.7142857142857143,0.6967418546365914,0.6967418546365916,0.9899749373433584,0.8809523809523809,0.027519808440181075,5,2,112,2,Logistic Regression,borderline_smote,2,4
0.9173553719008265,0.7550125313283208,0.36363636363636365,0.5714285714285714,0.9385964912280702,0.4444444444444444,0.4141906381266716,0.40217391304347827,0.9172932330827067,0.3051020408163265,0.07340842007717176,4,7,107,3,Logistic Regression,borderline_smote,2,5
0.9090909090909091,0.9517543859649122,0.3888888888888889,1.0,0.9035087719298246,0.56,0.59276008841449,0.5200144248106744,0.9874686716791979,0.8755411255411256,0.06583778729621163,7,11,103,0,Logistic Regression,borderline_smote,2,6
0.9586776859504132,0.9110275689223057,0.6,0.8571428571428571,0.9649122807017544,0.7058823529411765,0.6970130418894777,0.6844027125717267,0.9887218045112782,0.9034013605442175,0.03336422724009054,6,4,110,1,Logistic Regression,borderline_smote,2,7
0.9333333333333333,0.8070175438596491,0.4,0.6666666666666666,0.9473684210526315,0.5,0.48420012470625223,0.4666666666666667,0.945906432748538,0.6540045766590389,0.06696117608564588,4,6,108,2,Logistic Regression,borderline_smote,2,8
0.9083333333333333,0.9517543859649122,0.35294117647058826,1.0,0.9035087719298246,0.5217391304347826,0.5646994323677054,0.4835680751173709,0.9912280701754386,0.8964646464646465,0.06112763187572093,6,11,103,0,Logistic Regression,borderline_smote,2,9
0.9008264462809917,0.7898550724637681,0.2857142857142857,0.6666666666666666,0.9130434782608695,0.4,0.39344093119017337,0.3552397868561279,0.9217391304347826,0.33360323886639676,0.08855011887279819,4,10,105,2,Logistic Regression,borderline_smote,3,0
0.8925619834710744,0.8644927536231884,0.29411764705882354,0.8333333333333334,0.8956521739130435,0.43478260869565216,0.4554097343053529,0.3900736719658783,0.972463768115942,0.6929093567251462,0.0838917824643695,5,12,103,1,Logistic Regression,borderline_smote,3,1
0.9338842975206612,0.8978696741854637,0.46153846153846156,0.8571428571428571,0.9385964912280702,0.6,0.599913625202308,0.5674709562109026,0.9824561403508772,0.8112554112554113,0.041024103600116595,6,7,107,1,Logistic Regression,borderline_smote,3,2
0.9256198347107438,0.8264411027568923,0.4166666666666667,0.7142857142857143,0.9385964912280702,0.5263157894736842,0.5099556473733603,0.4889723134678554,0.9461152882205514,0.6591288128154487,0.05865586561466057,5,7,107,2,Logistic Regression,borderline_smote,3,3
0.9256198347107438,0.8934837092731829,0.42857142857142855,0.8571428571428571,0.9298245614035088,0.5714285714285714,0.5743839439941163,0.5356076759061834,0.9674185463659147,0.6341269841269841,0.052847785813673095,6,8,106,1,Logistic Regression,borderline_smote,3,4
0.9586776859504132,0.9780701754385965,0.5833333333333334,1.0,0.956140350877193,0.7368421052631579,0.7468256409709672,0.7160957297043642,0.981203007518797,0.7403988868274582,0.04268249801895928,7,5,109,0,Logistic Regression,borderline_smote,3,5
0.8925619834710744,0.8088972431077694,0.3125,0.7142857142857143,0.9035087719298246,0.43478260869565216,0.4257854658383759,0.38530676045330203,0.9348370927318296,0.5979020979020979,0.08179205649273742,5,11,103,2,Logistic Regression,borderline_smote,3,6
0.9338842975206612,0.9649122807017544,0.4666666666666667,1.0,0.9298245614035088,0.6363636363636364,0.6587246227787229,0.6052202283849919,0.9786967418546366,0.7624458874458875,0.053857873217958055,7,8,106,0,Logistic Regression,borderline_smote,3,7
0.925,0.8026315789473684,0.36363636363636365,0.6666666666666666,0.9385964912280702,0.47058823529411764,0.457154183797422,0.4339622641509433,0.9751461988304093,0.7986111111111112,0.0544015217322794,4,7,107,2,Logistic Regression,borderline_smote,3,8
0.9583333333333334,0.9780701754385965,0.5454545454545454,1.0,0.956140350877193,0.7058823529411765,0.7221711019408551,0.6855345911949685,0.9970760233918128,0.9484126984126984,0.04399788452198878,6,5,109,0,Logistic Regression,borderline_smote,3,9
0.9008264462809917,0.9478260869565218,0.3333333333333333,1.0,0.8956521739130435,0.5,0.5463979544596421,0.4598214285714285,0.9753623188405798,0.6742424242424242,0.07254813267516236,6,12,103,0,Logistic Regression,borderline_smote,4,0
0.9008264462809917,0.9478260869565218,0.3333333333333333,1.0,0.8956521739130435,0.5,0.5463979544596421,0.4598214285714285,0.9782608695652173,0.7805194805194805,0.08299924587898286,6,12,103,0,Logistic Regression,borderline_smote,4,1
0.9504132231404959,0.9736842105263157,0.5384615384615384,1.0,0.9473684210526315,0.7,0.7142278750440075,0.675603217158177,0.9824561403508772,0.6742019884877027,0.044154601641245766,7,6,108,0,Logistic Regression,borderline_smote,4,2
0.9008264462809917,0.8803258145363408,0.35294117647058826,0.8571428571428571,0.9035087719298246,0.5,0.5110296692730562,0.4553638409602401,0.9674185463659148,0.811335403726708,0.08445319195637738,6,11,103,1,Logistic Regression,borderline_smote,4,3
0.9338842975206612,0.7637844611528821,0.4444444444444444,0.5714285714285714,0.956140350877193,0.5,0.46940788889987284,0.4651933701657458,0.968671679197995,0.7318523581681475,0.04505128280179088,4,5,109,3,Logistic Regression,borderline_smote,4,4
0.8842975206611571,0.737468671679198,0.26666666666666666,0.5714285714285714,0.9035087719298246,0.36363636363636365,0.33646446365651744,0.3091353996737357,0.9035087719298246,0.4990922618396257,0.07698105942737342,4,11,103,3,Logistic Regression,borderline_smote,4,5
0.9421487603305785,0.7011278195488722,0.5,0.42857142857142855,0.9736842105263158,0.46153846153846156,0.4325925554820793,0.4311618535930154,0.9210526315789473,0.4656084656084656,0.05284062021414555,3,3,111,4,Logistic Regression,borderline_smote,4,6
0.9256198347107438,0.9605263157894737,0.4375,1.0,0.9210526315789473,0.6086956521739131,0.6347917188462602,0.574443141852286,0.9799498746867168,0.7279220779220779,0.061754616095223,7,9,105,0,Logistic Regression,borderline_smote,4,7
0.9416666666666667,0.9692982456140351,0.46153846153846156,1.0,0.9385964912280702,0.631578947368421,0.6581780766379276,0.6045197740112994,0.9722222222222222,0.6645854145854146,0.05779101131292683,6,7,107,0,Logistic Regression,borderline_smote,4,8
0.925,0.8026315789473684,0.36363636363636365,0.6666666666666666,0.9385964912280702,0.47058823529411764,0.457154183797422,0.4339622641509433,0.9619883040935673,0.7761111111111111,0.049233849997372466,4,7,107,2,Logistic Regression,borderline_smote,4,9
0.8925619834710744,0.8644927536231884,0.29411764705882354,0.8333333333333334,0.8956521739130435,0.43478260869565216,0.4554097343053529,0.3900736719658783,0.9768115942028985,0.8234649122807017,0.05911493555902931,5,12,103,1,Logistic Regression,adasyn,0,0
0.9008264462809917,0.9478260869565218,0.3333333333333333,1.0,0.8956521739130435,0.5,0.5463979544596421,0.4598214285714285,0.9782608695652174,0.6015262515262515,0.0835227559652158,6,12,103,0,Logistic Regression,adasyn,0,1
0.9173553719008265,0.8220551378446115,0.38461538461538464,0.7142857142857143,0.9298245614035088,0.5,0.4855993753606083,0.45933869526362825,0.9586466165413534,0.6706043956043957,0.05420058500886765,5,8,106,2,Logistic Regression,adasyn,0,2
0.9338842975206612,0.8978696741854637,0.46153846153846156,0.8571428571428571,0.9385964912280702,0.6,0.599913625202308,0.5674709562109026,0.956140350877193,0.6708691308691308,0.06549569847507178,6,7,107,1,Logistic Regression,adasyn,0,3
0.9504132231404959,0.906641604010025,0.5454545454545454,0.8571428571428571,0.956140350877193,0.6666666666666666,0.6604661526884764,0.6413043478260869,0.9548872180451128,0.7946886446886445,0.0467972385267845,6,5,109,1,Logistic Regression,adasyn,0,4
0.8842975206611571,0.9385964912280702,0.3333333333333333,1.0,0.8771929824561403,0.5,0.5407380704358752,0.4524886877828054,0.9699248120300752,0.7806122448979591,0.10006755651021346,7,14,100,0,Logistic Regression,adasyn,0,5
0.9008264462809917,0.8803258145363408,0.35294117647058826,0.8571428571428571,0.9035087719298246,0.5,0.5110296692730562,0.4553638409602401,0.9573934837092731,0.7100340136054422,0.07940411631890136,6,11,103,1,Logistic Regression,adasyn,0,6
0.9338842975206612,0.8308270676691729,0.45454545454545453,0.7142857142857143,0.9473684210526315,0.5555555555555556,0.537328395407574,0.5217391304347826,0.9586466165413534,0.5703514739229025,0.04770727198356001,5,6,108,2,Logistic Regression,adasyn,0,7
0.875,0.9342105263157895,0.2857142857142857,1.0,0.868421052631579,0.4444444444444444,0.4981167541368988,0.3975903614457831,0.9400584795321637,0.5379084967320261,0.09881629519859449,6,15,99,0,Logistic Regression,adasyn,0,8
0.9333333333333333,0.8070175438596491,0.4,0.6666666666666666,0.9473684210526315,0.5,0.48420012470625223,0.4666666666666667,0.966374269005848,0.7135854341736695,0.047715721447418966,4,6,108,2,Logistic Regression,adasyn,0,9
0.8925619834710744,0.8644927536231884,0.29411764705882354,0.8333333333333334,0.8956521739130435,0.43478260869565216,0.4554097343053529,0.3900736719658783,0.981159420289855,0.8859649122807017,0.07698013287214758,5,12,103,1,Logistic Regression,adasyn,1,0
0.9008264462809917,0.9478260869565218,0.3333333333333333,1.0,0.8956521739130435,0.5,0.5463979544596421,0.4598214285714285,0.9521739130434783,0.4742216117216117,0.08444241209640947,6,12,103,0,Logistic Regression,adasyn,1,1
0.9090909090909091,0.9517543859649122,0.3888888888888889,1.0,0.9035087719298246,0.56,0.59276008841449,0.5200144248106744,0.974937343358396,0.7368524332810047,0.06817670606219595,7,11,103,0,Logistic Regression,adasyn,1,2
0.8677685950413223,0.862781954887218,0.2857142857142857,0.8571428571428571,0.868421052631579,0.42857142857142855,0.4472676325462453,0.3742727860374919,0.9385964912280702,0.4880574452003023,0.10954666832666671,6,15,99,1,Logistic Regression,adasyn,1,3
0.9504132231404959,0.9736842105263157,0.5384615384615384,1.0,0.9473684210526315,0.7,0.7142278750440075,0.675603217158177,0.9924812030075187,0.9123376623376624,0.04490665742432198,7,6,108,0,Logistic Regression,adasyn,1,4
0.8677685950413223,0.862781954887218,0.2857142857142857,0.8571428571428571,0.868421052631579,0.42857142857142855,0.4472676325462453,0.3742727860374919,0.9598997493734336,0.730952380952381,0.08713210321427102,6,15,99,1,Logistic Regression,adasyn,1,5
0.9173553719008265,0.8890977443609023,0.4,0.8571428571428571,0.9210526315789473,0.5454545454545454,0.5513045697379877,0.5065252854812398,0.9436090225563909,0.6981601731601732,0.06131920430427829,6,9,105,1,Logistic Regression,adasyn,1,6
0.9338842975206612,0.8978696741854637,0.46153846153846156,0.8571428571428571,0.9385964912280702,0.6,0.599913625202308,0.5674709562109026,0.9674185463659148,0.7376623376623377,0.054355588017778914,6,7,107,1,Logistic Regression,adasyn,1,7
0.9083333333333333,0.8728070175438596,0.3333333333333333,0.8333333333333334,0.9122807017543859,0.47619047619047616,0.491362316063668,0.4358974358974359,0.9649122807017544,0.7012163561076604,0.061961470009198306,5,10,104,1,Logistic Regression,adasyn,1,8
0.9416666666666667,0.7324561403508771,0.42857142857142855,0.5,0.9649122807017544,0.46153846153846156,0.4323254750628465,0.43089430894308944,0.9473684210526316,0.6479207067442362,0.05250162192318096,3,4,110,3,Logistic Regression,adasyn,1,9
0.9090909090909091,0.7942028985507246,0.3076923076923077,0.6666666666666666,0.9217391304347826,0.42105263157894735,0.41249428349935935,0.37890807279514693,0.9507246376811594,0.5103174603174603,0.06561862860700945,4,9,106,2,Logistic Regression,adasyn,2,0
0.9338842975206612,0.9652173913043478,0.42857142857142855,1.0,0.9304347826086956,0.6,0.6314726945602283,0.5701598579040852,0.9855072463768116,0.8409090909090908,0.04740372901055443,6,8,107,0,Logistic Regression,adasyn,2,1
0.8677685950413223,0.862781954887218,0.2857142857142857,0.8571428571428571,0.868421052631579,0.42857142857142855,0.4472676325462453,0.3742727860374919,0.9035087719298245,0.2698489010989011,0.10967862046836369,6,15,99,1,Logistic Regression,adasyn,2,2
0.8760330578512396,0.8671679197994987,0.3,0.8571428571428571,0.8771929824561403,0.4444444444444444,0.4615518389113854,0.3923669233344492,0.9448621553884711,0.8333333333333333,0.08197279226201551,6,14,100,1,Logistic Regression,adasyn,2,3
0.9669421487603306,0.9824561403508771,0.6363636363636364,1.0,0.9649122807017544,0.7777777777777778,0.7836039099693788,0.7608695652173914,0.9937343358395989,0.9087301587301586,0.03318318750134557,7,4,110,0,Logistic Regression,adasyn,2,4
0.9008264462809917,0.7462406015037594,0.3076923076923077,0.5714285714285714,0.9210526315789473,0.4,0.3712851255189087,0.3512064343163539,0.9135338345864662,0.29216454258471064,0.07949172828333986,4,9,105,3,Logistic Regression,adasyn,2,5
0.8760330578512396,0.9342105263157895,0.3181818181818182,1.0,0.868421052631579,0.4827586206896552,0.5256574830378469,0.4329896907216495,0.9874686716791979,0.8595238095238096,0.08837483876244115,7,15,99,0,Logistic Regression,adasyn,2,6
0.9504132231404959,0.9736842105263157,0.5384615384615384,1.0,0.9473684210526315,0.7,0.7142278750440075,0.675603217158177,0.9937343358395989,0.9404761904761905,0.04103326539533215,7,6,108,0,Logistic Regression,adasyn,2,7
0.9083333333333333,0.7938596491228069,0.3076923076923077,0.6666666666666666,0.9210526315789473,0.42105263157894735,0.4121301975209453,0.37853107344632764,0.9429824561403509,0.6514245014245015,0.07093300962159003,4,9,105,2,Logistic Regression,adasyn,2,8
0.9166666666666666,0.956140350877193,0.375,1.0,0.9122807017543859,0.5454545454545454,0.5848976518656018,0.5098039215686274,0.9941520467836257,0.9107142857142857,0.0682258317068316,6,10,104,0,Logistic Regression,adasyn,2,9
0.859504132231405,0.8471014492753624,0.23809523809523808,0.8333333333333334,0.8608695652173913,0.37037037037037035,0.39792508771291607,0.3177446102819237,0.9275362318840581,0.45015736179529287,0.10869708137545624,5,16,99,1,Logistic Regression,adasyn,3,0
0.8842975206611571,0.9391304347826087,0.3,1.0,0.8782608695652174,0.46153846153846156,0.5133013353475376,0.4170681348933243,0.9695652173913043,0.6623015873015873,0.09417314369134486,6,14,101,0,Logistic Regression,adasyn,3,1
0.9256198347107438,0.8934837092731829,0.42857142857142855,0.8571428571428571,0.9298245614035088,0.5714285714285714,0.5743839439941163,0.5356076759061834,0.9761904761904762,0.7733320251177394,0.05272133957322845,6,8,106,1,Logistic Regression,adasyn,3,2
0.9338842975206612,0.8308270676691729,0.45454545454545453,0.7142857142857143,0.9473684210526315,0.5555555555555556,0.537328395407574,0.5217391304347826,0.9423558897243108,0.6633906633906634,0.05659429709830927,5,6,108,2,Logistic Regression,adasyn,3,3
0.9256198347107438,0.8934837092731829,0.42857142857142855,0.8571428571428571,0.9298245614035088,0.5714285714285714,0.5743839439941163,0.5356076759061834,0.9724310776942355,0.7579365079365079,0.057451515234851216,6,8,106,1,Logistic Regression,adasyn,3,4
0.9586776859504132,0.9780701754385965,0.5833333333333334,1.0,0.956140350877193,0.7368421052631579,0.7468256409709672,0.7160957297043642,0.9761904761904762,0.6096681096681097,0.04870805447437933,7,5,109,0,Logistic Regression,adasyn,3,5
0.8677685950413223,0.7957393483709273,0.2631578947368421,0.7142857142857143,0.8771929824561403,0.38461538461538464,0.3795453426292243,0.3277777777777777,0.9260651629072681,0.5581590002772269,0.09316286158922138,5,14,100,2,Logistic Regression,adasyn,3,6
0.9338842975206612,0.9649122807017544,0.4666666666666667,1.0,0.9298245614035088,0.6363636363636364,0.6587246227787229,0.6052202283849919,0.9786967418546366,0.7384877027734171,0.05863177240693036,7,8,106,0,Logistic Regression,adasyn,3,7
0.925,0.8026315789473684,0.36363636363636365,0.6666666666666666,0.9385964912280702,0.47058823529411764,0.457154183797422,0.4339622641509433,0.9649122807017544,0.7762237762237763,0.057298738097129855,4,7,107,2,Logistic Regression,adasyn,3,8
0.9333333333333333,0.9649122807017544,0.42857142857142855,1.0,0.9298245614035088,0.6,0.6312655864226275,0.5698924731182796,0.9970760233918128,0.9484126984126984,0.05431876520029076,6,8,106,0,Logistic Regression,adasyn,3,9
0.9090909090909091,0.9521739130434783,0.35294117647058826,1.0,0.9043478260869565,0.5217391304347826,0.5649615789394438,0.4839084916634354,0.9855072463768116,0.7597222222222221,0.07618095524539484,6,11,104,0,Logistic Regression,adasyn,4,0
0.8842975206611571,0.9391304347826087,0.3,1.0,0.8782608695652174,0.46153846153846156,0.5133013353475376,0.4170681348933243,0.9811594202898551,0.7935897435897435,0.09383132090946539,6,14,101,0,Logistic Regression,adasyn,4,1
0.9421487603305785,0.9692982456140351,0.5,1.0,0.9385964912280702,0.6666666666666666,0.6850534618655941,0.6388059701492537,0.9837092731829574,0.6762832405689548,0.05064532796436624,7,7,107,0,Logistic Regression,adasyn,4,2
0.8842975206611571,0.8715538847117794,0.3157894736842105,0.8571428571428571,0.8859649122807017,0.46153846153846156,0.4768440427523941,0.41180555555555554,0.9649122807017544,0.7901622187336472,0.09154191713671962,6,13,101,1,Logistic Regression,adasyn,4,3
0.9256198347107438,0.7593984962406015,0.4,0.5714285714285714,0.9473684210526315,0.47058823529411764,0.43988323070463986,0.431924882629108,0.9611528822055138,0.7117932791845833,0.05164868381912379,4,6,108,3,Logistic Regression,adasyn,4,4
0.8925619834710744,0.8088972431077694,0.3125,0.7142857142857143,0.9035087719298246,0.43478260869565216,0.4257854658383759,0.38530676045330203,0.9110275689223057,0.5372579801151229,0.07850090823610809,5,11,103,2,Logistic Regression,adasyn,4,5
0.9338842975206612,0.7637844611528821,0.4444444444444444,0.5714285714285714,0.956140350877193,0.5,0.46940788889987284,0.4651933701657458,0.9411027568922306,0.47161167497301953,0.05615759727904099,4,5,109,3,Logistic Regression,adasyn,4,6
0.9173553719008265,0.956140350877193,0.4117647058823529,1.0,0.9122807017543859,0.5833333333333334,0.6128988455202387,0.5461365341335334,0.974937343358396,0.7088744588744589,0.06745657349092203,7,10,104,0,Logistic Regression,adasyn,4,7
0.9333333333333333,0.9649122807017544,0.42857142857142855,1.0,0.9298245614035088,0.6,0.6312655864226275,0.5698924731182796,0.9722222222222222,0.6676638176638177,0.0643093019823844,6,8,106,0,Logistic Regression,adasyn,4,8
0.9083333333333333,0.7938596491228069,0.3076923076923077,0.6666666666666666,0.9210526315789473,0.42105263157894735,0.4121301975209453,0.37853107344632764,0.9561403508771931,0.7587499999999999,0.059904824542726685,4,9,105,2,Logistic Regression,adasyn,4,9
0.9504132231404959,0.5,0.0,0.0,1.0,0.0,0.0,0.0,0.9536231884057971,0.6463514454893765,0.0327569064764365,0,0,115,6,Random Forest,none,0,0
0.9504132231404959,0.5,0.0,0.0,1.0,0.0,0.0,0.0,0.9797101449275363,0.627020202020202,0.03222904457718331,0,0,115,6,Random Forest,none,0,1
0.9421487603305785,0.5,0.0,0.0,1.0,0.0,0.0,0.0,0.9699248120300752,0.7801360544217686,0.040293292398375785,0,0,114,7,Random Forest,none,0,2
0.9421487603305785,0.5,0.0,0.0,1.0,0.0,0.0,0.0,0.9411027568922306,0.47439972036245326,0.042982286776986844,0,0,114,7,Random Forest,none,0,3
0.9504132231404959,0.5714285714285714,1.0,0.14285714285714285,1.0,0.25,0.3683941988065036,0.23899371069182385,0.9335839598997493,0.6773268398268399,0.03736550545427701,1,0,114,6,Random Forest,none,0,4
0.9421487603305785,0.5,0.0,0.0,1.0,0.0,0.0,0.0,0.9298245614035088,0.682148962148962,0.041000072371561266,0,0,114,7,Random Forest,none,0,5
0.9421487603305785,0.5,0.0,0.0,1.0,0.0,0.0,0.0,0.8796992481203006,0.5850442362737445,0.04180411544346798,0,0,114,7,Random Forest,none,0,6
0.9421487603305785,0.5,0.0,0.0,1.0,0.0,0.0,0.0,0.9260651629072683,0.43534798534798536,0.04373245164758891,0,0,114,7,Random Forest,none,0,7
0.95,0.5,0.0,0.0,1.0,0.0,0.0,0.0,0.9195906432748537,0.5433862433862434,0.03895097513777568,0,0,114,6,Random Forest,none,0,8
0.95,0.5,0.0,0.0,1.0,0.0,0.0,0.0,0.9254385964912281,0.5666666666666667,0.036290765702290215,0,0,114,6,Random Forest,none,0,9
0.9504132231404959,0.5,0.0,0.0,1.0,0.0,0.0,0.0,0.9681159420289855,0.8106837606837607,0.031247675192391248,0,0,115,6,Random Forest,none,1,0
0.9504132231404959,0.5,0.0,0.0,1.0,0.0,0.0,0.0,0.9173913043478261,0.5111667332467792,0.038354783370701445,0,0,115,6,Random Forest,none,1,1
0.9421487603305785,0.5,0.0,0.0,1.0,0.0,0.0,0.0,0.9561403508771931,0.49624819624819627,0.039912920433403595,0,0,114,7,Random Forest,none,1,2
0.9421487603305785,0.5,0.0,0.0,1.0,0.0,0.0,0.0,0.9774436090225564,0.6907312925170068,0.03810258426065375,0,0,114,7,Random Forest,none,1,3
0.9421487603305785,0.5,0.0,0.0,1.0,0.0,0.0,0.0,0.9799498746867168,0.8053030303030302,0.03699626205202025,0,0,114,7,Random Forest,none,1,4
0.9421487603305785,0.5,0.0,0.0,1.0,0.0,0.0,0.0,0.9323308270676692,0.7152456239412761,0.0414192298347984,0,0,114,7,Random Forest,none,1,5
0.9421487603305785,0.5,0.0,0.0,1.0,0.0,0.0,0.0,0.9097744360902256,0.5489737775452062,0.041423644077738686,0,0,114,7,Random Forest,none,1,6
0.9421487603305785,0.5,0.0,0.0,1.0,0.0,0.0,0.0,0.9536340852130325,0.5144924636521275,0.0419721095839032,0,0,114,7,Random Forest,none,1,7
0.95,0.5,0.0,0.0,1.0,0.0,0.0,0.0,0.9064327485380117,0.4616424116424116,0.037357963133594664,0,0,114,6,Random Forest,none,1,8
0.95,0.5,0.0,0.0,1.0,0.0,0.0,0.0,0.8654970760233918,0.39686417748917746,0.04052352977465085,0,0,114,6,Random Forest,none,1,9
0.9504132231404959,0.5,0.0,0.0,1.0,0.0,0.0,0.0,0.927536231884058,0.6217185592185592,0.036496738049224334,0,0,115,6,Random Forest,none,2,0
0.9504132231404959,0.5,0.0,0.0,1.0,0.0,0.0,0.0,0.9652173913043479,0.6555555555555556,0.03270961179460785,0,0,115,6,Random Forest,none,2,1
0.9421487603305785,0.5,0.0,0.0,1.0,0.0,0.0,0.0,0.9197994987468672,0.3787301587301587,0.04504264098258583,0,0,114,7,Random Forest,none,2,2
0.9421487603305785,0.5,0.0,0.0,1.0,0.0,0.0,0.0,0.8796992481203008,0.5497042846989542,0.04184011401070081,0,0,114,7,Random Forest,none,2,3
0.9421487603305785,0.5,0.0,0.0,1.0,0.0,0.0,0.0,0.9724310776942356,0.8202614379084967,0.03650373988592873,0,0,114,7,Random Forest,none,2,4
0.9421487603305785,0.5,0.0,0.0,1.0,0.0,0.0,0.0,0.8771929824561404,0.34972471747319617,0.0477400048758809,0,0,114,7,Random Forest,none,2,5
0.9421487603305785,0.5,0.0,0.0,1.0,0.0,0.0,0.0,0.9586466165413534,0.6205936920222634,0.03831012768816312,0,0,114,7,Random Forest,none,2,6
0.9504132231404959,0.5714285714285714,1.0,0.14285714285714285,1.0,0.25,0.3683941988065036,0.23899371069182385,0.9636591478696742,0.6571428571428571,0.03645410707125446,1,0,114,6,Random Forest,none,2,7
0.95,0.5,0.0,0.0,1.0,0.0,0.0,0.0,0.9005847953216375,0.3525396825396826,0.03934091584952109,0,0,114,6,Random Forest,none,2,8
0.95,0.5,0.0,0.0,1.0,0.0,0.0,0.0,0.9956140350877193,0.9444444444444444,0.03134692968478662,0,0,114,6,Random Forest,none,2,9
0.9504132231404959,0.5,0.0,0.0,1.0,0.0,0.0,0.0,0.8550724637681159,0.16697586417414007,0.04524855535156897,0,0,115,6,Random Forest,none,3,0
0.9504132231404959,0.5,0.0,0.0,1.0,0.0,0.0,0.0,0.9797101449275363,0.5771825396825396,0.03169350506913106,0,0,115,6,Random Forest,none,3,1
0.9421487603305785,0.5,0.0,0.0,1.0,0.0,0.0,0.0,0.9486215538847118,0.7129251700680272,0.03786865005341772,0,0,114,7,Random Forest,none,3,2
0.9421487603305785,0.5,0.0,0.0,1.0,0.0,0.0,0.0,0.8671679197994988,0.4609521814590939,0.046188735761913374,0,0,114,7,Random Forest,none,3,3
0.9421487603305785,0.5,0.0,0.0,1.0,0.0,0.0,0.0,0.9774436090225564,0.8476190476190475,0.03770358604556121,0,0,114,7,Random Forest,none,3,4
0.9421487603305785,0.5,0.0,0.0,1.0,0.0,0.0,0.0,0.9699248120300752,0.5190785405071119,0.039907558708849294,0,0,114,7,Random Forest,none,3,5
0.9421487603305785,0.5,0.0,0.0,1.0,0.0,0.0,0.0,0.8884711779448621,0.522164502164502,0.04230429384973739,0,0,114,7,Random Forest,none,3,6
0.9504132231404959,0.5714285714285714,1.0,0.14285714285714285,1.0,0.25,0.3683941988065036,0.23899371069182385,0.9661654135338346,0.6152337858220212,0.03882590800780964,1,0,114,6,Random Forest,none,3,7
0.95,0.5,0.0,0.0,1.0,0.0,0.0,0.0,0.9707602339181287,0.7756132756132756,0.03270772630405278,0,0,114,6,Random Forest,none,3,8
0.95,0.5,0.0,0.0,1.0,0.0,0.0,0.0,0.9883040935672515,0.8432900432900432,0.031172829572573613,0,0,114,6,Random Forest,none,3,9
0.9504132231404959,0.5,0.0,0.0,1.0,0.0,0.0,0.0,0.9202898550724639,0.43076233802040254,0.03920812878161165,0,0,115,6,Random Forest,none,4,0
0.9504132231404959,0.5,0.0,0.0,1.0,0.0,0.0,0.0,0.9652173913043479,0.8400383141762452,0.031081014418856804,0,0,115,6,Random Forest,none,4,1
0.9421487603305785,0.5,0.0,0.0,1.0,0.0,0.0,0.0,0.9887218045112782,0.7295918367346939,0.03572731058749101,0,0,114,7,Random Forest,none,4,2
0.9421487603305785,0.5,0.0,0.0,1.0,0.0,0.0,0.0,0.931077694235589,0.5952464887247496,0.04046064768045229,0,0,114,7,Random Forest,none,4,3
0.9421487603305785,0.5,0.0,0.0,1.0,0.0,0.0,0.0,0.9035087719298246,0.6583031004083635,0.03886447869057453,0,0,114,7,Random Forest,none,4,4
0.9421487603305785,0.5,0.0,0.0,1.0,0.0,0.0,0.0,0.8583959899749374,0.4683296395481269,0.04769102390152179,0,0,114,7,Random Forest,none,4,5
0.9421487603305785,0.5,0.0,0.0,1.0,0.0,0.0,0.0,0.8796992481203008,0.5010797039122161,0.04479224530861891,0,0,114,7,Random Forest,none,4,6
0.9421487603305785,0.5,0.0,0.0,1.0,0.0,0.0,0.0,0.9561403508771931,0.4919501133786848,0.041771583330531804,0,0,114,7,Random Forest,none,4,7
0.95,0.5,0.0,0.0,1.0,0.0,0.0,0.0,0.9619883040935673,0.4762718762718763,0.03676371721799742,0,0,114,6,Random Forest,none,4,8
0.95,0.5,0.0,0.0,1.0,0.0,0.0,0.0,0.9532163742690059,0.7048611111111112,0.03266133288257669,0,0,114,6,Random Forest,none,4,9
0.9421487603305785,0.8905797101449275,0.45454545454545453,0.8333333333333334,0.9478260869565217,0.5882352941176471,0.5898906801202691,0.56,0.9797101449275362,0.7619047619047619,0.0518262511001917,5,6,109,1,Random Forest,class_weight,0,0
0.9173553719008265,0.877536231884058,0.35714285714285715,0.8333333333333334,0.9217391304347826,0.5,0.5124568128752008,0.46269982238010654,0.9666666666666667,0.5956922162804515,0.07168874092155159,5,9,106,1,Random Forest,class_weight,0,1
0.9421487603305785,0.8352130325814536,0.5,0.7142857142857143,0.956140350877193,0.5882352941176471,0.5684481362970587,0.5581637976004172,0.9711779448621554,0.5632129774986918,0.05136609730251094,5,5,109,2,Random Forest,class_weight,0,2
0.9173553719008265,0.7550125313283208,0.36363636363636365,0.5714285714285714,0.9385964912280702,0.4444444444444444,0.4141906381266716,0.40217391304347827,0.9122807017543859,0.6657129518474056,0.0643164228188095,4,7,107,3,Random Forest,class_weight,0,3
0.9504132231404959,0.906641604010025,0.5454545454545454,0.8571428571428571,0.956140350877193,0.6666666666666666,0.6604661526884764,0.6413043478260869,0.9197994987468672,0.8149253731343282,0.050712107280355814,6,5,109,1,Random Forest,class_weight,0,4
0.9338842975206612,0.8978696741854637,0.46153846153846156,0.8571428571428571,0.9385964912280702,0.6,0.599913625202308,0.5674709562109026,0.9423558897243108,0.7731305961119626,0.07073873378033259,6,7,107,1,Random Forest,class_weight,0,5
0.9256198347107438,0.7593984962406015,0.4,0.5714285714285714,0.9473684210526315,0.47058823529411764,0.43988323070463986,0.431924882629108,0.8771929824561404,0.47422815279958136,0.07660960690204954,4,6,108,3,Random Forest,class_weight,0,6
0.9421487603305785,0.7011278195488722,0.5,0.42857142857142855,0.9736842105263158,0.46153846153846156,0.4325925554820793,0.4311618535930154,0.9010025062656641,0.36884326200115675,0.06315554440281099,3,3,111,4,Random Forest,class_weight,0,7
0.8916666666666667,0.7850877192982456,0.26666666666666666,0.6666666666666666,0.9035087719298246,0.38095238095238093,0.37574765346045197,0.33333333333333337,0.9400584795321637,0.44364316239316237,0.06961680412678119,4,11,103,2,Random Forest,class_weight,0,8
0.975,0.9078947368421053,0.7142857142857143,0.8333333333333334,0.9824561403508771,0.7692307692307693,0.7586088524687684,0.7560975609756098,0.9809941520467838,0.7098595848595849,0.04696870468095444,5,2,112,1,Random Forest,class_weight,0,9
0.9586776859504132,0.9782608695652174,0.5454545454545454,1.0,0.9565217391304348,0.7058823529411765,0.7223151185146153,0.6857142857142857,0.9884057971014493,0.8069444444444444,0.0528947955164505,6,5,110,0,Random Forest,class_weight,1,0
0.9338842975206612,0.8072463768115942,0.4,0.6666666666666666,0.9478260869565217,0.5,0.4844844269350164,0.46696035242290757,0.9347826086956522,0.5602764094143404,0.07061490497945493,4,6,109,2,Random Forest,class_weight,1,1
0.9173553719008265,0.8220551378446115,0.38461538461538464,0.7142857142857143,0.9298245614035088,0.5,0.4855993753606083,0.45933869526362825,0.9586466165413534,0.606655995731626,0.0634254971582948,5,8,106,2,Random Forest,class_weight,1,2
0.8925619834710744,0.8088972431077694,0.3125,0.7142857142857143,0.9035087719298246,0.43478260869565216,0.4257854658383759,0.38530676045330203,0.9411027568922306,0.4450375021803593,0.08240742997496445,5,11,103,2,Random Forest,class_weight,1,3
0.9669421487603306,0.9824561403508771,0.6363636363636364,1.0,0.9649122807017544,0.7777777777777778,0.7836039099693788,0.7608695652173914,0.9799498746867168,0.7189703153988869,0.04873969400111602,7,4,110,0,Random Forest,class_weight,1,4
0.9504132231404959,0.8395989974937343,0.5555555555555556,0.7142857142857143,0.9649122807017544,0.625,0.6043208450919978,0.5988950276243094,0.9799498746867168,0.8031746031746032,0.06757688035664948,5,4,110,2,Random Forest,class_weight,1,5
0.9008264462809917,0.7462406015037594,0.3076923076923077,0.5714285714285714,0.9210526315789473,0.4,0.3712851255189087,0.3512064343163539,0.9047619047619049,0.6245873862260245,0.06652585450936799,4,9,105,3,Random Forest,class_weight,1,6
0.9586776859504132,0.8439849624060151,0.625,0.7142857142857143,0.9736842105263158,0.6666666666666666,0.6463781742612354,0.6447445684086905,0.9561403508771931,0.5707381698761009,0.04831871590757201,5,3,111,2,Random Forest,class_weight,1,7
0.95,0.8947368421052632,0.5,0.8333333333333334,0.956140350877193,0.625,0.6225430174794672,0.6,0.9649122807017544,0.4586339586339586,0.061825992060331576,5,5,109,1,Random Forest,class_weight,1,8
0.9333333333333333,0.6491228070175439,0.3333333333333333,0.3333333333333333,0.9649122807017544,0.3333333333333333,0.2982456140350877,0.29824561403508776,0.868421052631579,0.3515151515151515,0.06506534605838217,2,4,110,4,Random Forest,class_weight,1,9
0.9504132231404959,0.8159420289855073,0.5,0.6666666666666666,0.9652173913043478,0.5714285714285714,0.5520491285645256,0.5456821026282854,0.9130434782608696,0.5503642698764649,0.06333568375304757,4,4,111,2,Random Forest,class_weight,2,0
0.9504132231404959,0.894927536231884,0.5,0.8333333333333334,0.9565217391304348,0.625,0.6227453129235471,0.6002202643171807,0.9391304347826088,0.6355750487329435,0.05614957139791221,5,5,110,1,Random Forest,class_weight,2,1
0.9008264462809917,0.6791979949874687,0.2727272727272727,0.42857142857142855,0.9298245614035088,0.3333333333333333,0.29105288084576925,0.28260869565217384,0.9085213032581454,0.3435053150116671,0.07489400022865006,3,8,106,4,Random Forest,class_weight,2,2
0.9090909090909091,0.7506265664160401,0.3333333333333333,0.5714285714285714,0.9298245614035088,0.42105263157894735,0.3915206505745568,0.37541060534960113,0.8759398496240601,0.5804110376544984,0.08104787044456858,4,8,106,3,Random Forest,class_weight,2,3
0.9586776859504132,0.9110275689223057,0.6,0.8571428571428571,0.9649122807017544,0.7058823529411765,0.6970130418894777,0.6844027125717267,0.9837092731829574,0.8238095238095238,0.05240755471678628,6,4,110,1,Random Forest,class_weight,2,4
0.9173553719008265,0.68796992481203,0.3333333333333333,0.42857142857142855,0.9473684210526315,0.375,0.3344949327077478,0.33149171270718225,0.9110275689223057,0.39203931309949586,0.06283410443926964,3,6,108,4,Random Forest,class_weight,2,5
0.9421487603305785,0.9022556390977443,0.5,0.8571428571428571,0.9473684210526315,0.631578947368421,0.6283906441721637,0.6025340215861098,0.9661654135338346,0.5195378151260505,0.06549944692770934,6,6,108,1,Random Forest,class_weight,2,6
0.9504132231404959,0.8395989974937343,0.5555555555555556,0.7142857142857143,0.9649122807017544,0.625,0.6043208450919978,0.5988950276243094,0.968671679197995,0.6431405895691611,0.05027419989180781,5,4,110,2,Random Forest,class_weight,2,7
0.925,0.8026315789473684,0.36363636363636365,0.6666666666666666,0.9385964912280702,0.47058823529411764,0.457154183797422,0.4339622641509433,0.9751461988304093,0.7974358974358975,0.05398891822641424,4,7,107,2,Random Forest,class_weight,2,8
0.9416666666666667,0.8903508771929824,0.45454545454545453,0.8333333333333334,0.9473684210526315,0.5882352941176471,0.5896626428691385,0.559748427672956,0.9736842105263158,0.6759259259259259,0.05900101281957045,5,6,108,1,Random Forest,class_weight,2,9
0.8760330578512396,0.5398550724637681,0.09090909090909091,0.16666666666666666,0.9130434782608695,0.11764705882352941,0.060192926542884606,0.05714285714285716,0.9057971014492754,0.25251167133520075,0.07565284158110638,1,10,105,5,Random Forest,class_weight,3,0
0.9256198347107438,0.8028985507246377,0.36363636363636365,0.6666666666666666,0.9391304347826087,0.47058823529411764,0.457466241725923,0.4342857142857143,0.9391304347826087,0.4347473088852399,0.06963478247576257,4,7,108,2,Random Forest,class_weight,3,1
0.9504132231404959,0.9736842105263157,0.5384615384615384,1.0,0.9473684210526315,0.7,0.7142278750440075,0.675603217158177,0.9837092731829573,0.8061533704390846,0.05190711485016779,7,6,108,0,Random Forest,class_weight,3,2
0.9173553719008265,0.68796992481203,0.3333333333333333,0.42857142857142855,0.9473684210526315,0.375,0.3344949327077478,0.33149171270718225,0.8596491228070176,0.507330300541269,0.066755152319232,3,6,108,4,Random Forest,class_weight,3,3
0.9504132231404959,0.7725563909774436,0.5714285714285714,0.5714285714285714,0.9736842105263158,0.5714285714285714,0.5451127819548872,0.5451127819548872,0.9536340852130326,0.626336605023241,0.051855718279178495,4,3,111,3,Random Forest,class_weight,3,4
0.9586776859504132,0.9110275689223057,0.6,0.8571428571428571,0.9649122807017544,0.7058823529411765,0.6970130418894777,0.6844027125717267,0.9598997493734336,0.5500261643118786,0.05537127844746084,6,4,110,1,Random Forest,class_weight,3,5
0.9173553719008265,0.7550125313283208,0.36363636363636365,0.5714285714285714,0.9385964912280702,0.4444444444444444,0.4141906381266716,0.40217391304347827,0.9160401002506265,0.4957272851669403,0.07667312597913298,4,7,107,3,Random Forest,class_weight,3,6
0.9586776859504132,0.8439849624060151,0.625,0.7142857142857143,0.9736842105263158,0.6666666666666666,0.6463781742612354,0.6447445684086905,0.968671679197995,0.6124149659863946,0.056833934446864756,5,3,111,2,Random Forest,class_weight,3,7
0.9666666666666667,0.9035087719298246,0.625,0.8333333333333334,0.9736842105263158,0.7142857142857143,0.7051102404077108,0.696969696969697,0.9912280701754387,0.9166666666666667,0.04821933393225595,5,3,111,1,Random Forest,class_weight,3,8
0.9583333333333334,0.9780701754385965,0.5454545454545454,1.0,0.956140350877193,0.7058823529411765,0.7221711019408551,0.6855345911949685,0.9853801169590642,0.746067821067821,0.05907327432443665,6,5,109,0,Random Forest,class_weight,3,9
0.9090909090909091,0.7942028985507246,0.3076923076923077,0.6666666666666666,0.9217391304347826,0.42105263157894735,0.41249428349935935,0.37890807279514693,0.9304347826086957,0.42552754435107376,0.07394050608737757,4,9,106,2,Random Forest,class_weight,4,0
0.9256198347107438,0.9608695652173913,0.4,1.0,0.9217391304347826,0.5714285714285714,0.6072031391337771,0.5387547649301143,0.9739130434782609,0.7333333333333333,0.06448056199883333,6,9,106,0,Random Forest,class_weight,4,1
0.9338842975206612,0.7637844611528821,0.4444444444444444,0.5714285714285714,0.956140350877193,0.5,0.46940788889987284,0.4651933701657458,0.974937343358396,0.6017316017316018,0.051352883691051766,4,5,109,3,Random Forest,class_weight,4,2
0.9090909090909091,0.8176691729323309,0.35714285714285715,0.7142857142857143,0.9210526315789473,0.47619047619047616,0.4637144261226385,0.43240938166311294,0.9561403508771931,0.6388888888888888,0.07365477024498017,5,9,105,2,Random Forest,class_weight,4,3
0.9173553719008265,0.68796992481203,0.3333333333333333,0.42857142857142855,0.9473684210526315,0.375,0.3344949327077478,0.33149171270718225,0.8057644110275689,0.5022970085470085,0.0682773820296831,3,6,108,4,Random Forest,class_weight,4,4
0.9421487603305785,0.768170426065163,0.5,0.5714285714285714,0.9649122807017544,0.5333333333333333,0.5039159537045698,0.5026423957721667,0.8646616541353384,0.4135578473813768,0.06422362277056529,4,4,110,3,Random Forest,class_weight,4,5
0.9504132231404959,0.7725563909774436,0.5714285714285714,0.5714285714285714,0.9736842105263158,0.5714285714285714,0.5451127819548872,0.5451127819548872,0.9360902255639098,0.6181072428971588,0.05549380668688921,4,3,111,3,Random Forest,class_weight,4,6
0.9504132231404959,0.8395989974937343,0.5555555555555556,0.7142857142857143,0.9649122807017544,0.625,0.6043208450919978,0.5988950276243094,0.9636591478696742,0.5594343000358037,0.05664627485515338,5,4,110,2,Random Forest,class_weight,4,7
0.9416666666666667,0.8903508771929824,0.45454545454545453,0.8333333333333334,0.9473684210526315,0.5882352941176471,0.5896626428691385,0.559748427672956,0.9707602339181287,0.5351851851851852,0.058394199430195984,5,6,108,1,Random Forest,class_weight,4,8
0.95,0.8947368421052632,0.5,0.8333333333333334,0.956140350877193,0.625,0.6225430174794672,0.6,0.9576023391812866,0.6662393162393163,0.06535954085655583,5,5,109,1,Random Forest,class_weight,4,9
0.9669421487603306,0.8246376811594203,0.6666666666666666,0.6666666666666666,0.9826086956521739,0.6666666666666666,0.6492753623188405,0.6492753623188405,0.9753623188405797,0.7535353535353535,0.033474882618692525,4,2,113,2,Random Forest,random_over,0,0
0.9338842975206612,0.8072463768115942,0.4,0.6666666666666666,0.9478260869565217,0.5,0.4844844269350164,0.46696035242290757,0.9666666666666667,0.48049450549450545,0.04623024682892671,4,6,109,2,Random Forest,random_over,0,1
0.9586776859504132,0.7769423558897243,0.6666666666666666,0.5714285714285714,0.9824561403508771,0.6153846153846154,0.5956570390127073,0.5936870382807253,0.9724310776942355,0.6709510727367869,0.036765439699305257,4,2,112,3,Random Forest,random_over,0,2
0.9504132231404959,0.7725563909774436,0.5714285714285714,0.5714285714285714,0.9736842105263158,0.5714285714285714,0.5451127819548872,0.5451127819548872,0.9147869674185464,0.610204081632653,0.04732360808659822,4,3,111,3,Random Forest,random_over,0,3
0.9586776859504132,0.8439849624060151,0.625,0.7142857142857143,0.9736842105263158,0.6666666666666666,0.6463781742612354,0.6447445684086905,0.9360902255639098,0.7709993088144348,0.036353009893670477,5,3,111,2,Random Forest,random_over,0,4
0.9586776859504132,0.8439849624060151,0.625,0.7142857142857143,0.9736842105263158,0.6666666666666666,0.6463781742612354,0.6447445684086905,0.9498746867167919,0.6703634085213033,0.046353853936071214,5,3,111,2,Random Forest,random_over,0,5
0.9338842975206612,0.6967418546365914,0.42857142857142855,0.42857142857142855,0.9649122807017544,0.42857142857142855,0.39348370927318294,0.393483709273183,0.8446115288220551,0.5134103325160235,0.055340859641776076,3,4,110,4,Random Forest,random_over,0,6
0.9421487603305785,0.7011278195488722,0.5,0.42857142857142855,0.9736842105263158,0.46153846153846156,0.4325925554820793,0.4311618535930154,0.9135338345864662,0.37575396825396823,0.04884449913633568,3,3,111,4,Random Forest,random_over,0,7
0.925,0.5657894736842105,0.2,0.16666666666666666,0.9649122807017544,0.18181818181818182,0.14350946197048195,0.1428571428571429,0.9444444444444444,0.46489262371615314,0.04615991482706604,1,4,110,5,Random Forest,random_over,0,8
0.975,0.8289473684210527,0.8,0.6666666666666666,0.9912280701754386,0.7272727272727273,0.7175473098524098,0.7142857142857143,0.9663742690058479,0.6153036576949621,0.032931037883806726,4,1,113,2,Random Forest,random_over,0,9
0.9669421487603306,0.9036231884057971,0.625,0.8333333333333334,0.9739130434782609,0.7142857142857143,0.7052554234184422,0.6971214017521903,0.991304347826087,0.8634920634920635,0.03194140188106781,5,3,112,1,Random Forest,random_over,1,0
0.9586776859504132,0.741304347826087,0.6,0.5,0.9826086956521739,0.5454545454545454,0.5263876499510503,0.5239968528717546,0.9318840579710145,0.5441919191919191,0.047255984705335714,3,2,113,3,Random Forest,random_over,1,1
0.9586776859504132,0.8439849624060151,0.625,0.7142857142857143,0.9736842105263158,0.6666666666666666,0.6463781742612354,0.6447445684086905,0.9674185463659148,0.6626655925528107,0.04157189475590254,5,3,111,2,Random Forest,random_over,1,2
0.9256198347107438,0.8264411027568923,0.4166666666666667,0.7142857142857143,0.9385964912280702,0.5263157894736842,0.5099556473733603,0.4889723134678554,0.924812030075188,0.36967550238486196,0.06255809332520637,5,7,107,2,Random Forest,random_over,1,3
0.9504132231404959,0.7725563909774436,0.5714285714285714,0.5714285714285714,0.9736842105263158,0.5714285714285714,0.5451127819548872,0.5451127819548872,0.9824561403508771,0.7559523809523809,0.03333388541901381,4,3,111,3,Random Forest,random_over,1,4
0.9669421487603306,0.8483709273182958,0.7142857142857143,0.7142857142857143,0.9824561403508771,0.7142857142857143,0.6967418546365914,0.6967418546365916,0.9649122807017544,0.6937074829931973,0.043571484922756296,5,2,112,2,Random Forest,random_over,1,5
0.9421487603305785,0.768170426065163,0.5,0.5714285714285714,0.9649122807017544,0.5333333333333333,0.5039159537045698,0.5026423957721667,0.912280701754386,0.6763146997929605,0.04588996969316714,4,4,110,3,Random Forest,random_over,1,6
0.9669421487603306,0.781328320802005,0.8,0.5714285714285714,0.9912280701754386,0.6666666666666666,0.6599801878951662,0.6497829232995658,0.9586466165413534,0.5773504273504273,0.03756464502969775,4,1,113,3,Random Forest,random_over,1,7
0.9416666666666667,0.5745614035087719,0.3333333333333333,0.16666666666666666,0.9824561403508771,0.2222222222222222,0.20817020153834945,0.1954022988505747,0.9605263157894737,0.5432178932178932,0.04244534831686266,1,2,112,5,Random Forest,random_over,1,8
0.95,0.6578947368421052,0.5,0.3333333333333333,0.9824561403508771,0.4,0.3834128905580745,0.375,0.8771929824561403,0.37385242385242384,0.04946083230470392,2,2,112,4,Random Forest,random_over,1,9
0.9421487603305785,0.7326086956521739,0.42857142857142855,0.5,0.9652173913043478,0.46153846153846156,0.4325925554820793,0.4311618535930154,0.9115942028985506,0.490687079429473,0.046385045187289115,3,4,111,3,Random Forest,random_over,2,0
0.9586776859504132,0.8202898550724638,0.5714285714285714,0.6666666666666666,0.9739130434782609,0.6153846153846154,0.5956570390127073,0.5936870382807253,0.9565217391304348,0.6727513227513227,0.035660720231502074,4,3,112,2,Random Forest,random_over,2,1
0.9256198347107438,0.6923558897243107,0.375,0.42857142857142855,0.956140350877193,0.4,0.361453733147904,0.36054022313564293,0.9210526315789473,0.3752248267728143,0.05765438250156603,3,5,109,4,Random Forest,random_over,2,2
0.9338842975206612,0.7637844611528821,0.4444444444444444,0.5714285714285714,0.956140350877193,0.5,0.46940788889987284,0.4651933701657458,0.8696741854636592,0.6295751633986928,0.05370611299455604,4,5,109,3,Random Forest,random_over,2,3
0.9752066115702479,0.8527568922305764,0.8333333333333334,0.7142857142857143,0.9912280701754386,0.7692307692307693,0.7587215225433354,0.7562122229684352,0.9887218045112782,0.8523809523809525,0.0331841324216534,5,1,113,2,Random Forest,random_over,2,4
0.9504132231404959,0.7055137844611529,0.6,0.42857142857142855,0.9824561403508771,0.5,0.4821236116472483,0.47467438494934877,0.9097744360902256,0.4562229437229437,0.04736456051453977,3,2,112,4,Random Forest,random_over,2,5
0.9421487603305785,0.8352130325814536,0.5,0.7142857142857143,0.956140350877193,0.5882352941176471,0.5684481362970587,0.5581637976004172,0.962406015037594,0.5060657596371881,0.04414799732638112,5,5,109,2,Random Forest,random_over,2,6
0.9338842975206612,0.6967418546365914,0.42857142857142855,0.42857142857142855,0.9649122807017544,0.42857142857142855,0.39348370927318294,0.393483709273183,0.962406015037594,0.6194083694083694,0.037459394749499136,3,4,110,4,Random Forest,random_over,2,7
0.975,0.8289473684210527,0.8,0.6666666666666666,0.9912280701754386,0.7272727272727273,0.7175473098524098,0.7142857142857143,0.9839181286549707,0.8333333333333333,0.034813084922645406,4,1,113,2,Random Forest,random_over,2,8
0.9583333333333334,0.8201754385964912,0.5714285714285714,0.6666666666666666,0.9736842105263158,0.6153846153846154,0.5954671637658074,0.5934959349593496,0.9809941520467836,0.7694805194805194,0.037893207615947305,4,3,111,2,Random Forest,random_over,2,9
0.9173553719008265,0.5615942028985508,0.16666666666666666,0.16666666666666666,0.9565217391304348,0.16666666666666666,0.12318840579710146,0.12318840579710144,0.9130434782608695,0.2568815242728286,0.05489221176009045,1,5,110,5,Random Forest,random_over,3,0
0.9421487603305785,0.7326086956521739,0.42857142857142855,0.5,0.9652173913043478,0.46153846153846156,0.4325925554820793,0.4311618535930154,0.9449275362318841,0.5107934180514826,0.047109800304052804,3,4,111,3,Random Forest,random_over,3,1
0.9586776859504132,0.7769423558897243,0.6666666666666666,0.5714285714285714,0.9824561403508771,0.6153846153846154,0.5956570390127073,0.5936870382807253,0.9824561403508771,0.7912698412698411,0.035880807102629655,4,2,112,3,Random Forest,random_over,3,2
0.9504132231404959,0.6384711779448622,0.6666666666666666,0.2857142857142857,0.9912280701754386,0.4,0.415804511364738,0.3784246575342466,0.8596491228070176,0.497207399646424,0.05003624152644489,2,1,113,5,Random Forest,random_over,3,3
0.9421487603305785,0.7011278195488722,0.5,0.42857142857142855,0.9736842105263158,0.46153846153846156,0.4325925554820793,0.4311618535930154,0.9486215538847117,0.6296485260770974,0.03790028023756464,3,3,111,4,Random Forest,random_over,3,4
0.9586776859504132,0.7769423558897243,0.6666666666666666,0.5714285714285714,0.9824561403508771,0.6153846153846154,0.5956570390127073,0.5936870382807253,0.9636591478696742,0.6547880690737833,0.03842033396714874,4,2,112,3,Random Forest,random_over,3,5
0.9421487603305785,0.768170426065163,0.5,0.5714285714285714,0.9649122807017544,0.5333333333333333,0.5039159537045698,0.5026423957721667,0.9097744360902256,0.46669817352228243,0.05438482360730721,4,4,110,3,Random Forest,random_over,3,6
0.9586776859504132,0.7769423558897243,0.6666666666666666,0.5714285714285714,0.9824561403508771,0.6153846153846154,0.5956570390127073,0.5936870382807253,0.9686716791979949,0.603030303030303,0.04237337003654119,4,2,112,3,Random Forest,random_over,3,7
0.9916666666666667,0.9166666666666667,1.0,0.8333333333333334,1.0,0.9090909090909091,0.9088932591463857,0.9047619047619048,0.9853801169590642,0.8958333333333333,0.02718562141450398,5,0,114,1,Random Forest,random_over,3,8
0.9666666666666667,0.9035087719298246,0.625,0.8333333333333334,0.9736842105263158,0.7142857142857143,0.7051102404077108,0.696969696969697,0.9883040935672516,0.8555555555555555,0.03728503608667762,5,3,111,1,Random Forest,random_over,3,9
0.9338842975206612,0.7282608695652174,0.375,0.5,0.9565217391304348,0.42857142857142855,0.3988428337106091,0.39424280350438057,0.9289855072463767,0.3836392914653784,0.0528699905874494,3,5,110,3,Random Forest,random_over,4,0
0.9504132231404959,0.8159420289855073,0.5,0.6666666666666666,0.9652173913043478,0.5714285714285714,0.5520491285645256,0.5456821026282854,0.9695652173913043,0.731203007518797,0.04184540171898136,4,4,111,2,Random Forest,random_over,4,1
0.9504132231404959,0.7725563909774436,0.5714285714285714,0.5714285714285714,0.9736842105263158,0.5714285714285714,0.5451127819548872,0.5451127819548872,0.9736842105263158,0.5940785405071118,0.03888819979778067,4,3,111,3,Random Forest,random_over,4,2
0.9421487603305785,0.8352130325814536,0.5,0.7142857142857143,0.956140350877193,0.5882352941176471,0.5684481362970587,0.5581637976004172,0.9523809523809524,0.6679035250463821,0.04910694208697966,5,5,109,2,Random Forest,random_over,4,3
0.9504132231404959,0.7055137844611529,0.6,0.42857142857142855,0.9824561403508771,0.5,0.4821236116472483,0.47467438494934877,0.8170426065162907,0.50410643969966,0.05057582162036259,3,2,112,4,Random Forest,random_over,4,4
0.9421487603305785,0.6340852130325814,0.5,0.2857142857142857,0.9824561403508771,0.36363636363636365,0.3501784379632934,0.33568627450980393,0.8784461152882206,0.39317964473925165,0.048574769514164874,2,2,112,5,Random Forest,random_over,4,5
0.9586776859504132,0.7098997493734336,0.75,0.42857142857142855,0.9912280701754386,0.5454545454545454,0.5481765267182397,0.5254901960784313,0.949874686716792,0.653006363835857,0.03904761447162754,3,1,113,4,Random Forest,random_over,4,6
0.9586776859504132,0.7769423558897243,0.6666666666666666,0.5714285714285714,0.9824561403508771,0.6153846153846154,0.5956570390127073,0.5936870382807253,0.968671679197995,0.5456959706959708,0.04092366683105454,4,2,112,3,Random Forest,random_over,4,7
0.9583333333333334,0.7412280701754386,0.6,0.5,0.9824561403508771,0.5454545454545454,0.5262013605584338,0.5238095238095238,0.9590643274853801,0.4749999999999999,0.04216468195480901,3,2,112,3,Random Forest,random_over,4,8
0.95,0.8157894736842105,0.5,0.6666666666666666,0.9649122807017544,0.5714285714285714,0.5518254055364693,0.5454545454545454,0.9532163742690059,0.7007575757575757,0.04120053953627526,4,4,110,2,Random Forest,random_over,4,9
0.8264462809917356,0.9086956521739131,0.2222222222222222,1.0,0.8173913043478261,0.36363636363636365,0.4261953919005867,0.3074407195421096,0.981159420289855,0.7416666666666666,0.13796823785765022,6,21,94,0,Random Forest,random_under,0,0
0.7603305785123967,0.8739130434782609,0.17142857142857143,1.0,0.7478260869565218,0.2926829268292683,0.3580485410722618,0.22726271746311377,0.9579710144927537,0.6381285381285381,0.15837066757776969,6,29,86,0,Random Forest,random_under,0,1
0.8512396694214877,0.9210526315789473,0.28,1.0,0.8421052631578947,0.4375,0.48558158293350717,0.3816013628620102,0.968671679197995,0.5970547309833024,0.12430036788431283,7,18,96,0,Random Forest,random_under,0,2
0.8264462809917356,0.7738095238095238,0.20833333333333334,0.7142857142857143,0.8333333333333334,0.3225806451612903,0.32061844488956603,0.25592972181551976,0.8947368421052633,0.5140280354566069,0.1491452838352173,5,19,95,2,Random Forest,random_under,0,3
0.9008264462809917,0.8803258145363408,0.35294117647058826,0.8571428571428571,0.9035087719298246,0.5,0.5110296692730562,0.4553638409602401,0.924812030075188,0.763095238095238,0.1255732887971965,6,11,103,1,Random Forest,random_under,0,4
0.7603305785123967,0.8057644110275689,0.17647058823529413,0.8571428571428571,0.7543859649122807,0.2926829268292683,0.31762837409578615,0.21761426978818277,0.8984962406015038,0.4623480243161094,0.15631785296466372,6,28,86,1,Random Forest,random_under,0,5
0.768595041322314,0.7431077694235588,0.16129032258064516,0.7142857142857143,0.7719298245614035,0.2631578947368421,0.26003282745110406,0.18635926993275698,0.8521303258145363,0.49372653873632344,0.1624326323939451,5,26,88,2,Random Forest,random_under,0,6
0.8512396694214877,0.786967418546366,0.23809523809523808,0.7142857142857143,0.8596491228070176,0.35714285714285715,0.35379719465661547,0.29605688429217836,0.8583959899749374,0.35056780776826857,0.13558713806989062,5,16,98,2,Random Forest,random_under,0,7
0.8166666666666667,0.9035087719298245,0.21428571428571427,1.0,0.8070175438596491,0.35294117647058826,0.4158513326022506,0.29487179487179493,0.9736842105263157,0.7035714285714285,0.14067408378624657,6,22,92,0,Random Forest,random_under,0,8
0.8916666666666667,0.9429824561403508,0.3157894736842105,1.0,0.8859649122807017,0.48,0.5289408221642574,0.4372294372294373,0.9809941520467836,0.861111111111111,0.11976680027325785,6,13,101,0,Random Forest,random_under,0,9
0.8429752066115702,0.9173913043478261,0.24,1.0,0.8347826086956521,0.3870967741935484,0.4476023079553506,0.3338162851347435,0.9594202898550724,0.6913690476190476,0.13413010471313935,6,19,96,0,Random Forest,random_under,1,0
0.7603305785123967,0.7949275362318841,0.15151515151515152,0.8333333333333334,0.7565217391304347,0.2564102564102564,0.28752231587409677,0.18829516539440205,0.9072463768115941,0.5772946859903381,0.1680743511663952,5,28,87,1,Random Forest,random_under,1,1
0.8512396694214877,0.9210526315789473,0.28,1.0,0.8421052631578947,0.4375,0.48558158293350717,0.3816013628620102,0.9461152882205515,0.5087535014005602,0.1429180789082994,7,18,96,0,Random Forest,random_under,1,2
0.8181818181818182,0.9035087719298245,0.2413793103448276,1.0,0.8070175438596491,0.3888888888888889,0.4413585143316245,0.3260759493670886,0.9436090225563909,0.46119356833642544,0.15217753573174755,7,22,92,0,Random Forest,random_under,1,3
0.8347107438016529,0.9122807017543859,0.25925925925925924,1.0,0.8245614035087719,0.4117647058823529,0.4623582795705722,0.35224839400428265,0.9899749373433584,0.8333333333333333,0.1295811024809015,7,20,94,0,Random Forest,random_under,1,4
0.71900826446281,0.8508771929824561,0.17073170731707318,1.0,0.7017543859649122,0.2916666666666667,0.34613830246454064,0.2139854795567444,0.9536340852130325,0.6174603174603175,0.16005419307978686,7,34,80,0,Random Forest,random_under,1,5
0.8264462809917356,0.7738095238095238,0.20833333333333334,0.7142857142857143,0.8333333333333334,0.3225806451612903,0.32061844488956603,0.25592972181551976,0.8759398496240601,0.5376068376068376,0.13629509846421647,5,19,95,2,Random Forest,random_under,1,6
0.8347107438016529,0.8452380952380952,0.24,0.8571428571428571,0.8333333333333334,0.375,0.39814799433982506,0.31289040318001127,0.943609022556391,0.7016727115249282,0.12414856795323763,6,19,95,1,Random Forest,random_under,1,7
0.825,0.8289473684210527,0.2,0.8333333333333334,0.8245614035087719,0.3225806451612903,0.35306336486838785,0.26315789473684215,0.902046783625731,0.36385836385836384,0.15093577226101693,5,20,94,1,Random Forest,random_under,1,8
0.8416666666666667,0.6008771929824561,0.11764705882352941,0.3333333333333333,0.868421052631579,0.17391304347826086,0.12609793149958468,0.10798122065727689,0.7733918128654971,0.3264921253643058,0.1317061709299366,2,15,99,4,Random Forest,random_under,1,9
0.8429752066115702,0.8384057971014494,0.21739130434782608,0.8333333333333334,0.8434782608695652,0.3448275862068966,0.3744685761239883,0.288895762449737,0.9304347826086956,0.49974004753416523,0.13615538136996252,5,18,97,1,Random Forest,random_under,2,0
0.8264462809917356,0.9086956521739131,0.2222222222222222,1.0,0.8173913043478261,0.36363636363636365,0.4261953919005867,0.3074407195421096,0.963768115942029,0.6573232323232323,0.13207512975529917,6,21,94,0,Random Forest,random_under,2,1
0.8181818181818182,0.8364661654135338,0.2222222222222222,0.8571428571428571,0.8157894736842105,0.35294117647058826,0.37733494852491983,0.28747323340471087,0.8834586466165414,0.3396047769169479,0.15688186753504862,6,21,93,1,Random Forest,random_under,2,2
0.743801652892562,0.7969924812030075,0.16666666666666666,0.8571428571428571,0.7368421052631579,0.27906976744186046,0.3033305710822577,0.20174505213875293,0.8609022556390977,0.5234147839737902,0.16571893612210684,6,30,84,1,Random Forest,random_under,2,3
0.8181818181818182,0.9035087719298245,0.2413793103448276,1.0,0.8070175438596491,0.3888888888888889,0.4413585143316245,0.3260759493670886,0.9912280701754386,0.7545918367346939,0.13362084131025564,7,22,92,0,Random Forest,random_under,2,4
0.8347107438016529,0.7781954887218046,0.21739130434782608,0.7142857142857143,0.8421052631578947,0.3333333333333333,0.3310583670696387,0.26844014510278114,0.8383458646616542,0.3208016539949313,0.14485284047278932,5,18,96,2,Random Forest,random_under,2,5
0.8181818181818182,0.9035087719298245,0.2413793103448276,1.0,0.8070175438596491,0.3888888888888889,0.4413585143316245,0.3260759493670886,0.956140350877193,0.4853483817769532,0.14962263661719907,7,22,92,0,Random Forest,random_under,2,6
0.9338842975206612,0.9649122807017544,0.4666666666666667,1.0,0.9298245614035088,0.6363636363636364,0.6587246227787229,0.6052202283849919,0.9786967418546366,0.6554945054945055,0.11475857315862421,7,8,106,0,Random Forest,random_under,2,7
0.875,0.9342105263157895,0.2857142857142857,1.0,0.868421052631579,0.4444444444444444,0.4981167541368988,0.3975903614457831,0.9619883040935673,0.580119825708061,0.11969925414195039,6,15,99,0,Random Forest,random_under,2,8
0.8416666666666667,0.9166666666666667,0.24,1.0,0.8333333333333334,0.3870967741935484,0.4472135954999579,0.33333333333333337,0.9634502923976608,0.6069444444444445,0.1345501393337897,6,19,95,0,Random Forest,random_under,2,9
0.768595041322314,0.8782608695652174,0.17647058823529413,1.0,0.7565217391304347,0.3,0.36538176790466104,0.23555956678700363,0.8884057971014493,0.20073146518159307,0.15843570070762872,6,28,87,0,Random Forest,random_under,3,0
0.859504132231405,0.9260869565217391,0.2608695652173913,1.0,0.8521739130434782,0.41379310344827586,0.4714936247556855,0.3637488400866068,0.9608695652173913,0.6078042328042328,0.13564988417390642,6,17,98,0,Random Forest,random_under,3,1
0.8429752066115702,0.9166666666666667,0.2692307692307692,1.0,0.8333333333333334,0.42424242424242425,0.47366546671567095,0.3664921465968586,0.9611528822055138,0.6228930168558651,0.13906799342790066,7,19,95,0,Random Forest,random_under,3,2
0.8099173553719008,0.7650375939849624,0.19230769230769232,0.7142857142857143,0.8157894736842105,0.30303030303030304,0.3012939735650057,0.2331220721961973,0.8471177944862156,0.4703141845798628,0.13852448075682894,5,21,93,2,Random Forest,random_under,3,3
0.8677685950413223,0.7957393483709273,0.2631578947368421,0.7142857142857143,0.8771929824561403,0.38461538461538464,0.3795453426292243,0.3277777777777777,0.9285714285714286,0.5595704948646125,0.12448101233447421,5,14,100,2,Random Forest,random_under,3,4
0.8429752066115702,0.849624060150376,0.25,0.8571428571428571,0.8421052631578947,0.3870967741935484,0.4093938037720317,0.3267935578330893,0.9423558897243107,0.40249433106575966,0.14170413930212855,6,18,96,1,Random Forest,random_under,3,5
0.7520661157024794,0.868421052631579,0.1891891891891892,1.0,0.7368421052631579,0.3181818181818182,0.37336652294386546,0.24469413233458182,0.9298245614035088,0.6776548899129544,0.16896318573886746,7,30,84,0,Random Forest,random_under,3,6
0.8429752066115702,0.849624060150376,0.25,0.8571428571428571,0.8421052631578947,0.3870967741935484,0.4093938037720317,0.3267935578330893,0.9573934837092731,0.7156771799628943,0.1311082566521795,6,18,96,1,Random Forest,random_under,3,7
0.85,0.9210526315789473,0.25,1.0,0.8421052631578947,0.4,0.4588314677411235,0.34782608695652173,0.9561403508771931,0.633041958041958,0.12683742358068983,6,18,96,0,Random Forest,random_under,3,8
0.8333333333333334,0.9122807017543859,0.23076923076923078,1.0,0.8245614035087719,0.375,0.4362148562459979,0.3197278911564626,0.9912280701754386,0.8634920634920635,0.1446759749882766,6,20,94,0,Random Forest,random_under,3,9
0.8181818181818182,0.9043478260869565,0.21428571428571427,1.0,0.808695652173913,0.35294117647058826,0.4162834676825859,0.2953943885653785,0.936231884057971,0.3851787101787102,0.14608871151811337,6,22,93,0,Random Forest,random_under,4,0
0.7851239669421488,0.8869565217391304,0.1875,1.0,0.7739130434782608,0.3157894736842105,0.380931352939311,0.2534409112482203,0.963768115942029,0.6563131313131313,0.14281277398291928,6,26,89,0,Random Forest,random_under,4,1
0.9173553719008265,0.956140350877193,0.4117647058823529,1.0,0.9122807017543859,0.5833333333333334,0.6128988455202387,0.5461365341335334,0.9786967418546366,0.6365079365079366,0.12726878909700157,7,10,104,0,Random Forest,random_under,4,2
0.8099173553719008,0.8991228070175439,0.23333333333333334,1.0,0.7982456140350878,0.3783783783783784,0.43157538152855807,0.31402514173034257,0.9473684210526316,0.6535783904204957,0.14419059051552904,7,23,91,0,Random Forest,random_under,4,3
0.8181818181818182,0.6353383458646616,0.14285714285714285,0.42857142857142855,0.8421052631578947,0.21428571428571427,0.16685631887735577,0.13962508080155134,0.8558897243107769,0.48454656449519223,0.13575184001034246,3,18,96,4,Random Forest,random_under,4,4
0.8347107438016529,0.7781954887218046,0.21739130434782608,0.7142857142857143,0.8421052631578947,0.3333333333333333,0.3310583670696387,0.26844014510278114,0.8157894736842105,0.40386002886002886,0.13824165659278762,5,18,96,2,Random Forest,random_under,4,5
0.8264462809917356,0.7738095238095238,0.20833333333333334,0.7142857142857143,0.8333333333333334,0.3225806451612903,0.32061844488956603,0.25592972181551976,0.8433583959899749,0.33851540616246495,0.14798448675791237,5,19,95,2,Random Forest,random_under,4,6
0.8347107438016529,0.9122807017543859,0.25925925925925924,1.0,0.8245614035087719,0.4117647058823529,0.4623582795705722,0.35224839400428265,0.9786967418546366,0.6851473922902493,0.13166505933194664,7,20,94,0,Random Forest,random_under,4,7
0.8916666666666667,0.9429824561403508,0.3157894736842105,1.0,0.8859649122807017,0.48,0.5289408221642574,0.4372294372294373,0.966374269005848,0.4610500610500611,0.1163637359889213,6,13,101,0,Random Forest,random_under,4,8
0.825,0.9078947368421053,0.2222222222222222,1.0,0.8157894736842105,0.36363636363636365,0.42577758243900343,0.30693069306930687,0.945906432748538,0.555871212121212,0.13507331639497455,6,21,93,0,Random Forest,random_under,4,9
0.9669421487603306,0.8246376811594203,0.6666666666666666,0.6666666666666666,0.9826086956521739,0.6666666666666666,0.6492753623188405,0.6492753623188405,0.9840579710144928,0.7876373626373626,0.02875491442787879,4,2,113,2,Random Forest,smotenc,0,0
0.9504132231404959,0.894927536231884,0.5,0.8333333333333334,0.9565217391304348,0.625,0.6227453129235471,0.6002202643171807,0.9594202898550724,0.44691876750700277,0.048501232554401315,5,5,110,1,Random Forest,smotenc,0,1
0.9586776859504132,0.7098997493734336,0.75,0.42857142857142855,0.9912280701754386,0.5454545454545454,0.5481765267182397,0.5254901960784313,0.9649122807017543,0.6160797652394291,0.03743731085505629,3,1,113,4,Random Forest,smotenc,0,2
0.9504132231404959,0.7055137844611529,0.6,0.42857142857142855,0.9824561403508771,0.5,0.4821236116472483,0.47467438494934877,0.899749373433584,0.5636416728853704,0.04883625950303899,3,2,112,4,Random Forest,smotenc,0,3
0.9669421487603306,0.8483709273182958,0.7142857142857143,0.7142857142857143,0.9824561403508771,0.7142857142857143,0.6967418546365914,0.6967418546365916,0.9060150375939849,0.7252380952380952,0.036299596313661524,5,2,112,2,Random Forest,smotenc,0,4
0.9504132231404959,0.6384711779448622,0.6666666666666666,0.2857142857142857,0.9912280701754386,0.4,0.415804511364738,0.3784246575342466,0.9360902255639098,0.5489370748299319,0.04675283245477854,2,1,113,5,Random Forest,smotenc,0,5
0.9338842975206612,0.6296992481203008,0.4,0.2857142857142857,0.9736842105263158,0.3333333333333333,0.3042670353993305,0.29956584659913166,0.8884711779448622,0.36031746031746026,0.05512416745105505,2,3,111,5,Random Forest,smotenc,0,6
0.9090909090909091,0.4824561403508772,0.0,0.0,0.9649122807017544,0.0,-0.04581773954659914,-0.043921568627451,0.849624060150376,0.21051265648983403,0.06226330831053767,0,4,110,7,Random Forest,smotenc,0,7
0.95,0.6578947368421052,0.5,0.3333333333333333,0.9824561403508771,0.4,0.3834128905580745,0.375,0.9473684210526316,0.4157647907647908,0.04230010018537071,2,2,112,4,Random Forest,smotenc,0,8
0.9666666666666667,0.7456140350877193,0.75,0.5,0.9912280701754386,0.6,0.596420051979227,0.5833333333333333,0.9883040935672515,0.7996031746031746,0.02721186976768608,3,1,113,3,Random Forest,smotenc,0,9
0.9669421487603306,0.8246376811594203,0.6666666666666666,0.6666666666666666,0.9826086956521739,0.6666666666666666,0.6492753623188405,0.6492753623188405,0.9797101449275363,0.6723905723905723,0.03291053032855247,4,2,113,2,Random Forest,smotenc,1,0
0.9586776859504132,0.6623188405797101,0.6666666666666666,0.3333333333333333,0.991304347826087,0.4444444444444444,0.4532333324183035,0.4254510921177588,0.9405797101449276,0.606060606060606,0.04103876618392232,2,1,114,4,Random Forest,smotenc,1,1
0.9338842975206612,0.6967418546365914,0.42857142857142855,0.42857142857142855,0.9649122807017544,0.42857142857142855,0.39348370927318294,0.393483709273183,0.9411027568922306,0.4194472194472194,0.04909311841331851,3,4,110,4,Random Forest,smotenc,1,2
0.9421487603305785,0.768170426065163,0.5,0.5714285714285714,0.9649122807017544,0.5333333333333333,0.5039159537045698,0.5026423957721667,0.931077694235589,0.3592331478045764,0.06579311470475814,4,4,110,3,Random Forest,smotenc,1,3
0.9586776859504132,0.7769423558897243,0.6666666666666666,0.5714285714285714,0.9824561403508771,0.6153846153846154,0.5956570390127073,0.5936870382807253,0.9786967418546366,0.7922077922077921,0.030981425966927104,4,2,112,3,Random Forest,smotenc,1,4
0.9586776859504132,0.7769423558897243,0.6666666666666666,0.5714285714285714,0.9824561403508771,0.6153846153846154,0.5956570390127073,0.5936870382807253,0.9473684210526316,0.5987634518690419,0.04837630765934781,4,2,112,3,Random Forest,smotenc,1,5
0.9338842975206612,0.6967418546365914,0.42857142857142855,0.42857142857142855,0.9649122807017544,0.42857142857142855,0.39348370927318294,0.393483709273183,0.8721804511278195,0.5084359449348008,0.053319687717897024,3,4,110,4,Random Forest,smotenc,1,6
0.9256198347107438,0.62531328320802,0.3333333333333333,0.2857142857142857,0.9649122807017544,0.3076923076923077,0.2695280719514513,0.2686366689053056,0.9348370927318296,0.4050286023500309,0.04362494397612187,2,4,110,5,Random Forest,smotenc,1,7
0.95,0.6578947368421052,0.5,0.3333333333333333,0.9824561403508771,0.4,0.3834128905580745,0.375,0.945906432748538,0.4136002886002886,0.045710445702463416,2,2,112,4,Random Forest,smotenc,1,8
0.95,0.6578947368421052,0.5,0.3333333333333333,0.9824561403508771,0.4,0.3834128905580745,0.375,0.868421052631579,0.4090582830892908,0.0482291280770238,2,2,112,4,Random Forest,smotenc,1,9
0.9338842975206612,0.49130434782608695,0.0,0.0,0.9826086956521739,0.0,-0.029612032826634598,-0.025423728813559254,0.8855072463768117,0.30785834535834533,0.052061121085950436,0,2,113,6,Random Forest,smotenc,2,0
0.9338842975206612,0.6492753623188405,0.3333333333333333,0.3333333333333333,0.9652173913043478,0.3333333333333333,0.2985507246376812,0.2985507246376812,0.9463768115942028,0.5014005602240896,0.04212537509320787,2,4,111,4,Random Forest,smotenc,2,1
0.9421487603305785,0.6340852130325814,0.5,0.2857142857142857,0.9824561403508771,0.36363636363636365,0.3501784379632934,0.33568627450980393,0.906015037593985,0.3590832654131887,0.056016244277870546,2,2,112,5,Random Forest,smotenc,2,2
0.9421487603305785,0.768170426065163,0.5,0.5714285714285714,0.9649122807017544,0.5333333333333333,0.5039159537045698,0.5026423957721667,0.8521303258145363,0.4899110741475273,0.059181961831002564,4,4,110,3,Random Forest,smotenc,2,3
0.9586776859504132,0.7098997493734336,0.75,0.42857142857142855,0.9912280701754386,0.5454545454545454,0.5481765267182397,0.5254901960784313,0.9761904761904762,0.6669172932330827,0.03588785844778123,3,1,113,4,Random Forest,smotenc,2,4
0.9338842975206612,0.56265664160401,0.3333333333333333,0.14285714285714285,0.9824561403508771,0.2,0.1881468377216009,0.17123287671232879,0.9223057644110275,0.3820615474750813,0.046708573313337796,1,2,112,6,Random Forest,smotenc,2,5
0.9586776859504132,0.7769423558897243,0.6666666666666666,0.5714285714285714,0.9824561403508771,0.6153846153846154,0.5956570390127073,0.5936870382807253,0.9699248120300752,0.5528344671201815,0.044368132031080344,4,2,112,3,Random Forest,smotenc,2,6
0.9586776859504132,0.8439849624060151,0.625,0.7142857142857143,0.9736842105263158,0.6666666666666666,0.6463781742612354,0.6447445684086905,0.9736842105263158,0.6227367870225013,0.037661825837158304,5,3,111,2,Random Forest,smotenc,2,7
0.9333333333333333,0.7280701754385965,0.375,0.5,0.956140350877193,0.42857142857142855,0.3985405706652278,0.3939393939393939,0.9532163742690059,0.43632478632478633,0.04240328337582504,3,5,109,3,Random Forest,smotenc,2,8
0.9666666666666667,0.8245614035087718,0.6666666666666666,0.6666666666666666,0.9824561403508771,0.6666666666666666,0.6491228070175439,0.6491228070175439,0.966374269005848,0.6171568627450981,0.03802652937603567,4,2,112,2,Random Forest,smotenc,2,9
0.9338842975206612,0.6492753623188405,0.3333333333333333,0.3333333333333333,0.9652173913043478,0.3333333333333333,0.2985507246376812,0.2985507246376812,0.9014492753623189,0.2701525054466231,0.0591724461840318,2,4,111,4,Random Forest,smotenc,3,0
0.9256198347107438,0.7239130434782608,0.3333333333333333,0.5,0.9478260869565217,0.4,0.3705131856006393,0.3620386643233743,0.955072463768116,0.42777777777777776,0.05077402080052804,3,6,109,3,Random Forest,smotenc,3,1
0.9421487603305785,0.6340852130325814,0.5,0.2857142857142857,0.9824561403508771,0.36363636363636365,0.3501784379632934,0.33568627450980393,0.9724310776942355,0.6965986394557822,0.03697439892451996,2,2,112,5,Random Forest,smotenc,3,2
0.9421487603305785,0.7011278195488722,0.5,0.42857142857142855,0.9736842105263158,0.46153846153846156,0.4325925554820793,0.4311618535930154,0.8421052631578947,0.3072049332553534,0.053155231541803384,3,3,111,4,Random Forest,smotenc,3,3
0.9586776859504132,0.6428571428571428,1.0,0.2857142857142857,1.0,0.4444444444444444,0.5231725181940632,0.4297832233741753,0.9448621553884713,0.6311947767612792,0.03769913846289665,2,0,114,5,Random Forest,smotenc,3,4
0.9338842975206612,0.6296992481203008,0.4,0.2857142857142857,0.9736842105263158,0.3333333333333333,0.3042670353993305,0.29956584659913166,0.9448621553884712,0.4309000523286238,0.04538749847327974,2,3,111,5,Random Forest,smotenc,3,5
0.9421487603305785,0.768170426065163,0.5,0.5714285714285714,0.9649122807017544,0.5333333333333333,0.5039159537045698,0.5026423957721667,0.9035087719298246,0.5915622389306601,0.050504508311778135,4,4,110,3,Random Forest,smotenc,3,6
0.9504132231404959,0.7055137844611529,0.6,0.42857142857142855,0.9824561403508771,0.5,0.4821236116472483,0.47467438494934877,0.9686716791979949,0.5359693877551021,0.04440373458521395,3,2,112,4,Random Forest,smotenc,3,7
0.9416666666666667,0.6535087719298246,0.4,0.3333333333333333,0.9736842105263158,0.36363636363636365,0.3348554112644579,0.33333333333333337,0.9736842105263158,0.6666666666666666,0.033320239540745325,2,3,111,4,Random Forest,smotenc,3,8
0.975,0.8289473684210527,0.8,0.6666666666666666,0.9912280701754386,0.7272727272727273,0.7175473098524098,0.7142857142857143,0.9912280701754386,0.8722222222222221,0.03176930905161254,4,1,113,2,Random Forest,smotenc,3,9
0.9256198347107438,0.7239130434782608,0.3333333333333333,0.5,0.9478260869565217,0.4,0.3705131856006393,0.3620386643233743,0.9449275362318841,0.42857142857142855,0.0511903981981834,3,6,109,3,Random Forest,smotenc,4,0
0.9586776859504132,0.741304347826087,0.6,0.5,0.9826086956521739,0.5454545454545454,0.5263876499510503,0.5239968528717546,0.9579710144927536,0.435026085026085,0.04445611394168006,3,2,113,3,Random Forest,smotenc,4,1
0.9669421487603306,0.781328320802005,0.8,0.5714285714285714,0.9912280701754386,0.6666666666666666,0.6599801878951662,0.6497829232995658,0.9761904761904762,0.6383503401360544,0.035967497728846255,4,1,113,3,Random Forest,smotenc,4,2
0.9338842975206612,0.6967418546365914,0.42857142857142855,0.42857142857142855,0.9649122807017544,0.42857142857142855,0.39348370927318294,0.393483709273183,0.9598997493734336,0.6893506493506494,0.04162887458708249,3,4,110,4,Random Forest,smotenc,4,3
0.9421487603305785,0.7011278195488722,0.5,0.42857142857142855,0.9736842105263158,0.46153846153846156,0.4325925554820793,0.4311618535930154,0.8984962406015038,0.41286121286121286,0.053076044378868675,3,3,111,4,Random Forest,smotenc,4,4
0.9256198347107438,0.49122807017543857,0.0,0.0,0.9824561403508771,0.0,-0.032124628310161774,-0.02639019792648445,0.8521303258145363,0.2694497341556165,0.05367044878602871,0,2,112,7,Random Forest,smotenc,4,5
0.9421487603305785,0.5670426065162907,0.5,0.14285714285714285,0.9912280701754386,0.2222222222222222,0.2455239449419507,0.20169651272384537,0.8909774436090225,0.49647859143657463,0.04335376406676679,1,1,113,6,Random Forest,smotenc,4,6
0.9669421487603306,0.8483709273182958,0.7142857142857143,0.7142857142857143,0.9824561403508771,0.7142857142857143,0.6967418546365914,0.6967418546365916,0.9674185463659147,0.602531012404962,0.03926119532189757,5,2,112,2,Random Forest,smotenc,4,7
0.9416666666666667,0.7324561403508771,0.42857142857142855,0.5,0.9649122807017544,0.46153846153846156,0.4323254750628465,0.43089430894308944,0.9444444444444444,0.376797385620915,0.04588013184946425,3,4,110,3,Random Forest,smotenc,4,8
0.9666666666666667,0.8245614035087718,0.6666666666666666,0.6666666666666666,0.9824561403508771,0.6666666666666666,0.6491228070175439,0.6491228070175439,0.9707602339181287,0.6218253968253968,0.0380628449967703,4,2,112,2,Random Forest,smotenc,4,9
0.9752066115702479,0.8289855072463768,0.8,0.6666666666666666,0.991304347826087,0.7272727272727273,0.7176576368702007,0.7143981117230527,0.9826086956521739,0.7999999999999999,0.027268977470538393,4,1,114,2,Random Forest,borderline_smote,0,0
0.9586776859504132,0.8992753623188405,0.5555555555555556,0.8333333333333334,0.9652173913043478,0.6666666666666666,0.660688560731237,0.645577035735208,0.9681159420289854,0.5132275132275133,0.04218268346276388,5,4,111,1,Random Forest,borderline_smote,0,1
0.9504132231404959,0.7055137844611529,0.6,0.42857142857142855,0.9824561403508771,0.5,0.4821236116472483,0.47467438494934877,0.968671679197995,0.7193286010056197,0.035826132374724394,3,2,112,4,Random Forest,borderline_smote,0,2
0.9421487603305785,0.6340852130325814,0.5,0.2857142857142857,0.9824561403508771,0.36363636363636365,0.3501784379632934,0.33568627450980393,0.9147869674185463,0.47627659696625213,0.05020381900203674,2,2,112,5,Random Forest,borderline_smote,0,3
0.9586776859504132,0.8439849624060151,0.625,0.7142857142857143,0.9736842105263158,0.6666666666666666,0.6463781742612354,0.6447445684086905,0.9210526315789473,0.7140124902419984,0.034914717467279074,5,3,111,2,Random Forest,borderline_smote,0,4
0.9669421487603306,0.8483709273182958,0.7142857142857143,0.7142857142857143,0.9824561403508771,0.7142857142857143,0.6967418546365914,0.6967418546365916,0.949874686716792,0.7622260298422218,0.041142596809344734,5,2,112,2,Random Forest,borderline_smote,0,5
0.9504132231404959,0.7055137844611529,0.6,0.42857142857142855,0.9824561403508771,0.5,0.4821236116472483,0.47467438494934877,0.8984962406015038,0.5641137566137566,0.046365173520347545,3,2,112,4,Random Forest,borderline_smote,0,6
0.9504132231404959,0.6384711779448622,0.6666666666666666,0.2857142857142857,0.9912280701754386,0.4,0.415804511364738,0.3784246575342466,0.9110275689223057,0.41449938949938947,0.04730316827669733,2,1,113,5,Random Forest,borderline_smote,0,7
0.9166666666666666,0.4824561403508772,0.0,0.0,0.9649122807017544,0.0,-0.0426014322842305,-0.04166666666666674,0.9152046783625731,0.2781986531986532,0.04986876035599875,0,4,110,6,Random Forest,borderline_smote,0,8
0.975,0.75,1.0,0.5,1.0,0.6666666666666666,0.6979824404521128,0.6551724137931034,0.9853801169590644,0.8061868686868686,0.027257831023974822,3,0,114,3,Random Forest,borderline_smote,0,9
0.9586776859504132,0.8202898550724638,0.5714285714285714,0.6666666666666666,0.9739130434782609,0.6153846153846154,0.5956570390127073,0.5936870382807253,0.9884057971014493,0.8375,0.02972962043547682,4,3,112,2,Random Forest,borderline_smote,1,0
0.9504132231404959,0.6579710144927536,0.5,0.3333333333333333,0.9826086956521739,0.4,0.38362687289130337,0.3752151462994836,0.9130434782608695,0.5217005217005216,0.042124499756206045,2,2,113,4,Random Forest,borderline_smote,1,1
0.9504132231404959,0.8395989974937343,0.5555555555555556,0.7142857142857143,0.9649122807017544,0.625,0.6043208450919978,0.5988950276243094,0.9736842105263158,0.7048229548229548,0.03701019005454109,5,4,110,2,Random Forest,borderline_smote,1,2
0.9338842975206612,0.7637844611528821,0.4444444444444444,0.5714285714285714,0.956140350877193,0.5,0.46940788889987284,0.4651933701657458,0.9411027568922306,0.4152858579329167,0.05892911751050296,4,5,109,3,Random Forest,borderline_smote,1,3
0.9586776859504132,0.7769423558897243,0.6666666666666666,0.5714285714285714,0.9824561403508771,0.6153846153846154,0.5956570390127073,0.5936870382807253,0.9774436090225564,0.6869047619047619,0.0330317447016883,4,2,112,3,Random Forest,borderline_smote,1,4
0.9669421487603306,0.8483709273182958,0.7142857142857143,0.7142857142857143,0.9824561403508771,0.7142857142857143,0.6967418546365914,0.6967418546365916,0.968671679197995,0.73562477622628,0.0415035888802339,5,2,112,2,Random Forest,borderline_smote,1,5
0.9421487603305785,0.768170426065163,0.5,0.5714285714285714,0.9649122807017544,0.5333333333333333,0.5039159537045698,0.5026423957721667,0.9047619047619047,0.5660034013605442,0.04994833213879708,4,4,110,3,Random Forest,borderline_smote,1,6
0.9586776859504132,0.7769423558897243,0.6666666666666666,0.5714285714285714,0.9824561403508771,0.6153846153846154,0.5956570390127073,0.5936870382807253,0.9385964912280701,0.6081529581529581,0.03819747456003198,4,2,112,3,Random Forest,borderline_smote,1,7
0.95,0.6578947368421052,0.5,0.3333333333333333,0.9824561403508771,0.4,0.3834128905580745,0.375,0.9590643274853801,0.5572089947089947,0.039768249092900804,2,2,112,4,Random Forest,borderline_smote,1,8
0.9416666666666667,0.5745614035087719,0.3333333333333333,0.16666666666666666,0.9824561403508771,0.2222222222222222,0.20817020153834945,0.1954022988505747,0.8991228070175439,0.38361145027811694,0.045896759744715646,1,2,112,5,Random Forest,borderline_smote,1,9
0.9586776859504132,0.741304347826087,0.6,0.5,0.9826086956521739,0.5454545454545454,0.5263876499510503,0.5239968528717546,0.9101449275362319,0.5157242063492063,0.04269780792467195,3,2,113,3,Random Forest,borderline_smote,2,0
0.9504132231404959,0.8159420289855073,0.5,0.6666666666666666,0.9652173913043478,0.5714285714285714,0.5520491285645256,0.5456821026282854,0.9463768115942028,0.6373015873015873,0.03703755530661428,4,4,111,2,Random Forest,borderline_smote,2,1
0.9173553719008265,0.6209273182957393,0.2857142857142857,0.2857142857142857,0.956140350877193,0.2857142857142857,0.24185463659147868,0.24185463659147866,0.9047619047619048,0.3157051282051282,0.05957832538270025,2,5,109,5,Random Forest,borderline_smote,2,2
0.9504132231404959,0.7725563909774436,0.5714285714285714,0.5714285714285714,0.9736842105263158,0.5714285714285714,0.5451127819548872,0.5451127819548872,0.8458646616541353,0.5764828738512948,0.05252711155103681,4,3,111,3,Random Forest,borderline_smote,2,3
0.9586776859504132,0.7098997493734336,0.75,0.42857142857142855,0.9912280701754386,0.5454545454545454,0.5481765267182397,0.5254901960784313,0.9899749373433584,0.8520408163265305,0.030406360888470017,3,1,113,4,Random Forest,borderline_smote,2,4
0.9338842975206612,0.6296992481203008,0.4,0.2857142857142857,0.9736842105263158,0.3333333333333333,0.3042670353993305,0.29956584659913166,0.9273182957393484,0.4564625850340136,0.04433796351840163,2,3,111,5,Random Forest,borderline_smote,2,5
0.9586776859504132,0.8439849624060151,0.625,0.7142857142857143,0.9736842105263158,0.6666666666666666,0.6463781742612354,0.6447445684086905,0.968671679197995,0.5710884353741497,0.040641218974294076,5,3,111,2,Random Forest,borderline_smote,2,6
0.9586776859504132,0.8439849624060151,0.625,0.7142857142857143,0.9736842105263158,0.6666666666666666,0.6463781742612354,0.6447445684086905,0.9711779448621554,0.6581959706959708,0.03442803357778707,5,3,111,2,Random Forest,borderline_smote,2,7
0.95,0.5789473684210527,0.5,0.16666666666666666,0.9912280701754386,0.25,0.2688064609902745,0.23076923076923084,0.9473684210526316,0.5151126651126651,0.039036288305002595,1,1,113,5,Random Forest,borderline_smote,2,8
0.9666666666666667,0.8245614035087718,0.6666666666666666,0.6666666666666666,0.9824561403508771,0.6666666666666666,0.6491228070175439,0.6491228070175439,0.9809941520467836,0.7453703703703703,0.03366360219132922,4,2,112,2,Random Forest,borderline_smote,2,9
0.9256198347107438,0.5659420289855073,0.2,0.16666666666666666,0.9652173913043478,0.18181818181818182,0.14384767611274948,0.14319433516915825,0.8971014492753624,0.2844225666806312,0.05588854895497779,1,4,111,5,Random Forest,borderline_smote,3,0
0.9338842975206612,0.8072463768115942,0.4,0.6666666666666666,0.9478260869565217,0.5,0.4844844269350164,0.46696035242290757,0.9608695652173913,0.5027777777777778,0.04594704492188915,4,6,109,2,Random Forest,borderline_smote,3,1
0.9669421487603306,0.781328320802005,0.8,0.5714285714285714,0.9912280701754386,0.6666666666666666,0.6599801878951662,0.6497829232995658,0.9761904761904762,0.7431122448979592,0.03369107358574376,4,1,113,3,Random Forest,borderline_smote,3,2
0.9504132231404959,0.7055137844611529,0.6,0.42857142857142855,0.9824561403508771,0.5,0.4821236116472483,0.47467438494934877,0.8734335839598998,0.5170814132104454,0.04775515169744497,3,2,112,4,Random Forest,borderline_smote,3,3
0.9669421487603306,0.7142857142857143,1.0,0.42857142857142855,1.0,0.6,0.6434621850078751,0.5856164383561644,0.9373433583959899,0.7537414965986393,0.033613368386885084,3,0,114,4,Random Forest,borderline_smote,3,4
0.9421487603305785,0.7011278195488722,0.5,0.42857142857142855,0.9736842105263158,0.46153846153846156,0.4325925554820793,0.4311618535930154,0.9536340852130325,0.47038239538239535,0.04039129743969587,3,3,111,4,Random Forest,borderline_smote,3,5
0.9338842975206612,0.7637844611528821,0.4444444444444444,0.5714285714285714,0.956140350877193,0.5,0.46940788889987284,0.4651933701657458,0.931077694235589,0.6686217008797655,0.045758040790690804,4,5,109,3,Random Forest,borderline_smote,3,6
0.9586776859504132,0.7769423558897243,0.6666666666666666,0.5714285714285714,0.9824561403508771,0.6153846153846154,0.5956570390127073,0.5936870382807253,0.9586466165413534,0.6811123195359647,0.03728894609976012,4,2,112,3,Random Forest,borderline_smote,3,7
0.975,0.9078947368421053,0.7142857142857143,0.8333333333333334,0.9824561403508771,0.7692307692307693,0.7586088524687684,0.7560975609756098,0.9868421052631579,0.9,0.028907322982341242,5,2,112,1,Random Forest,borderline_smote,3,8
0.9666666666666667,0.8245614035087718,0.6666666666666666,0.6666666666666666,0.9824561403508771,0.6666666666666666,0.6491228070175439,0.6491228070175439,0.9824561403508771,0.7529461279461279,0.032808409892650374,4,2,112,2,Random Forest,borderline_smote,3,9
0.9338842975206612,0.7282608695652174,0.375,0.5,0.9565217391304348,0.42857142857142855,0.3988428337106091,0.39424280350438057,0.9246376811594204,0.5191729323308271,0.04929510601324225,3,5,110,3,Random Forest,borderline_smote,4,0
0.9586776859504132,0.741304347826087,0.6,0.5,0.9826086956521739,0.5454545454545454,0.5263876499510503,0.5239968528717546,0.9420289855072463,0.6584485407066052,0.04097787480816067,3,2,113,3,Random Forest,borderline_smote,4,1
0.9586776859504132,0.7769423558897243,0.6666666666666666,0.5714285714285714,0.9824561403508771,0.6153846153846154,0.5956570390127073,0.5936870382807253,0.9824561403508772,0.6535714285714287,0.033323422781862164,4,2,112,3,Random Forest,borderline_smote,4,2
0.9669421487603306,0.781328320802005,0.8,0.5714285714285714,0.9912280701754386,0.6666666666666666,0.6599801878951662,0.6497829232995658,0.9736842105263158,0.7804704067861963,0.03692404151130494,4,1,113,3,Random Forest,borderline_smote,4,3
0.9421487603305785,0.7011278195488722,0.5,0.42857142857142855,0.9736842105263158,0.46153846153846156,0.4325925554820793,0.4311618535930154,0.9122807017543859,0.4935025292168149,0.045311835427976795,3,3,111,4,Random Forest,borderline_smote,4,4
0.9338842975206612,0.56265664160401,0.3333333333333333,0.14285714285714285,0.9824561403508771,0.2,0.1881468377216009,0.17123287671232879,0.8822055137844611,0.31771550835590245,0.05108180687051005,1,2,112,6,Random Forest,borderline_smote,4,5
0.9504132231404959,0.6384711779448622,0.6666666666666666,0.2857142857142857,0.9912280701754386,0.4,0.415804511364738,0.3784246575342466,0.9197994987468672,0.5670779220779221,0.04103968239477493,2,1,113,5,Random Forest,borderline_smote,4,6
0.9504132231404959,0.7055137844611529,0.6,0.42857142857142855,0.9824561403508771,0.5,0.4821236116472483,0.47467438494934877,0.9862155388471178,0.6893424036281179,0.0368378969231267,3,2,112,4,Random Forest,borderline_smote,4,7
0.9333333333333333,0.7280701754385965,0.375,0.5,0.956140350877193,0.42857142857142855,0.3985405706652278,0.3939393939393939,0.9590643274853802,0.48316498316498313,0.04070183323752872,3,5,109,3,Random Forest,borderline_smote,4,8
0.9666666666666667,0.8245614035087718,0.6666666666666666,0.6666666666666666,0.9824561403508771,0.6666666666666666,0.6491228070175439,0.6491228070175439,0.9473684210526316,0.7277389277389277,0.03723162626757406,4,2,112,2,Random Forest,borderline_smote,4,9
0.9669421487603306,0.8246376811594203,0.6666666666666666,0.6666666666666666,0.9826086956521739,0.6666666666666666,0.6492753623188405,0.6492753623188405,0.981159420289855,0.7924242424242424,0.02975571780013068,4,2,113,2,Random Forest,adasyn,0,0
0.9421487603305785,0.8115942028985508,0.4444444444444444,0.6666666666666666,0.9565217391304348,0.5333333333333333,0.5156008731659382,0.5038078500292911,0.9739130434782609,0.5832362082362083,0.04314968300341174,4,5,110,2,Random Forest,adasyn,0,1
0.9669421487603306,0.781328320802005,0.8,0.5714285714285714,0.9912280701754386,0.6666666666666666,0.6599801878951662,0.6497829232995658,0.968671679197995,0.7333333333333333,0.03553163672869395,4,1,113,3,Random Forest,adasyn,0,2
0.9338842975206612,0.6967418546365914,0.42857142857142855,0.42857142857142855,0.9649122807017544,0.42857142857142855,0.39348370927318294,0.393483709273183,0.9022556390977444,0.4665755297334245,0.05341820098418442,3,4,110,4,Random Forest,adasyn,0,3
0.9586776859504132,0.8439849624060151,0.625,0.7142857142857143,0.9736842105263158,0.6666666666666666,0.6463781742612354,0.6447445684086905,0.924812030075188,0.7043471307018105,0.03697979650263448,5,3,111,2,Random Forest,adasyn,0,4
0.9752066115702479,0.8527568922305764,0.8333333333333334,0.7142857142857143,0.9912280701754386,0.7692307692307693,0.7587215225433354,0.7562122229684352,0.9511278195488722,0.8165980361102312,0.041348230657180046,5,1,113,2,Random Forest,adasyn,0,5
0.9421487603305785,0.7011278195488722,0.5,0.42857142857142855,0.9736842105263158,0.46153846153846156,0.4325925554820793,0.4311618535930154,0.9310776942355891,0.5733937115516062,0.04917643163407983,3,3,111,4,Random Forest,adasyn,0,6
0.9504132231404959,0.7055137844611529,0.6,0.42857142857142855,0.9824561403508771,0.5,0.4821236116472483,0.47467438494934877,0.8646616541353384,0.36102699144173794,0.05093691009745807,3,2,112,4,Random Forest,adasyn,0,7
0.9333333333333333,0.7280701754385965,0.375,0.5,0.956140350877193,0.42857142857142855,0.3985405706652278,0.3939393939393939,0.9298245614035088,0.3694683257918552,0.049149974390540585,3,5,109,3,Random Forest,adasyn,0,8
0.975,0.75,1.0,0.5,1.0,0.6666666666666666,0.6979824404521128,0.6551724137931034,0.9956140350877192,0.9305555555555556,0.025019802836495488,3,0,114,3,Random Forest,adasyn,0,9
0.9834710743801653,0.9123188405797102,0.8333333333333334,0.8333333333333334,0.991304347826087,0.8333333333333334,0.8246376811594203,0.8246376811594203,0.9855072463768116,0.8722222222222222,0.031086718886406052,5,1,114,1,Random Forest,adasyn,1,0
0.9504132231404959,0.6579710144927536,0.5,0.3333333333333333,0.9826086956521739,0.4,0.38362687289130337,0.3752151462994836,0.946376811594203,0.5244708994708994,0.0451734047078826,2,2,113,4,Random Forest,adasyn,1,1
0.9338842975206612,0.7637844611528821,0.4444444444444444,0.5714285714285714,0.956140350877193,0.5,0.46940788889987284,0.4651933701657458,0.9699248120300752,0.6309523809523809,0.039732572478233495,4,5,109,3,Random Forest,adasyn,1,2
0.9256198347107438,0.7593984962406015,0.4,0.5714285714285714,0.9473684210526315,0.47058823529411764,0.43988323070463986,0.431924882629108,0.9160401002506265,0.38073945025164535,0.06344600934171178,4,6,108,3,Random Forest,adasyn,1,3
0.9421487603305785,0.768170426065163,0.5,0.5714285714285714,0.9649122807017544,0.5333333333333333,0.5039159537045698,0.5026423957721667,0.9774436090225563,0.6674603174603175,0.036874805123862625,4,4,110,3,Random Forest,adasyn,1,4
0.9586776859504132,0.8439849624060151,0.625,0.7142857142857143,0.9736842105263158,0.6666666666666666,0.6463781742612354,0.6447445684086905,0.9799498746867168,0.7702380952380952,0.041899336340571754,5,3,111,2,Random Forest,adasyn,1,5
0.9421487603305785,0.768170426065163,0.5,0.5714285714285714,0.9649122807017544,0.5333333333333333,0.5039159537045698,0.5026423957721667,0.899749373433584,0.6326232247284879,0.04916468251798574,4,4,110,3,Random Forest,adasyn,1,6
0.9504132231404959,0.7055137844611529,0.6,0.42857142857142855,0.9824561403508771,0.5,0.4821236116472483,0.47467438494934877,0.9423558897243108,0.5611577964519141,0.039537026671015094,3,2,112,4,Random Forest,adasyn,1,7
0.9666666666666667,0.7456140350877193,0.75,0.5,0.9912280701754386,0.6,0.596420051979227,0.5833333333333333,0.956140350877193,0.5805555555555555,0.04050444858940247,3,1,113,3,Random Forest,adasyn,1,8
0.9416666666666667,0.5745614035087719,0.3333333333333333,0.16666666666666666,0.9824561403508771,0.2222222222222222,0.20817020153834945,0.1954022988505747,0.8888888888888888,0.3850108828369698,0.04759134725464696,1,2,112,5,Random Forest,adasyn,1,9
0.9586776859504132,0.741304347826087,0.6,0.5,0.9826086956521739,0.5454545454545454,0.5263876499510503,0.5239968528717546,0.8797101449275362,0.4465318465318465,0.04602486639673723,3,2,113,3,Random Forest,adasyn,2,0
0.9586776859504132,0.8202898550724638,0.5714285714285714,0.6666666666666666,0.9739130434782609,0.6153846153846154,0.5956570390127073,0.5936870382807253,0.9623188405797102,0.7551282051282051,0.0346914671367582,4,3,112,2,Random Forest,adasyn,2,1
0.9008264462809917,0.5451127819548872,0.14285714285714285,0.14285714285714285,0.9473684210526315,0.14285714285714285,0.09022556390977443,0.09022556390977443,0.8897243107769424,0.27408963585434176,0.06340364039440655,1,6,108,6,Random Forest,adasyn,2,2
0.9338842975206612,0.7637844611528821,0.4444444444444444,0.5714285714285714,0.956140350877193,0.5,0.46940788889987284,0.4651933701657458,0.8784461152882206,0.6302499205760881,0.05483507774283366,4,5,109,3,Random Forest,adasyn,2,3
0.9586776859504132,0.7098997493734336,0.75,0.42857142857142855,0.9912280701754386,0.5454545454545454,0.5481765267182397,0.5254901960784313,0.9837092731829573,0.7916666666666667,0.0340291925525351,3,1,113,4,Random Forest,adasyn,2,4
0.9338842975206612,0.56265664160401,0.3333333333333333,0.14285714285714285,0.9824561403508771,0.2,0.1881468377216009,0.17123287671232879,0.9273182957393484,0.4413676098458707,0.04681128638483476,1,2,112,6,Random Forest,adasyn,2,5
0.9586776859504132,0.8439849624060151,0.625,0.7142857142857143,0.9736842105263158,0.6666666666666666,0.6463781742612354,0.6447445684086905,0.9774436090225564,0.6282312925170068,0.04011192107806915,5,3,111,2,Random Forest,adasyn,2,6
0.9586776859504132,0.8439849624060151,0.625,0.7142857142857143,0.9736842105263158,0.6666666666666666,0.6463781742612354,0.6447445684086905,0.9636591478696741,0.6905562224889956,0.03651823482840691,5,3,111,2,Random Forest,adasyn,2,7
0.95,0.736842105263158,0.5,0.5,0.9736842105263158,0.5,0.47368421052631576,0.4736842105263158,0.9619883040935673,0.6299603174603173,0.038770119393626935,3,3,111,3,Random Forest,adasyn,2,8
0.9666666666666667,0.9035087719298246,0.625,0.8333333333333334,0.9736842105263158,0.7142857142857143,0.7051102404077108,0.696969696969697,0.9912280701754386,0.8857142857142857,0.03312277887972177,5,3,111,1,Random Forest,adasyn,2,9
0.9090909090909091,0.5572463768115942,0.14285714285714285,0.16666666666666666,0.9478260869565217,0.15384615384615385,0.10646358842082325,0.10611148421759564,0.9101449275362319,0.2759615384615384,0.06085724425260887,1,6,109,5,Random Forest,adasyn,3,0
0.9421487603305785,0.8115942028985508,0.4444444444444444,0.6666666666666666,0.9565217391304348,0.5333333333333333,0.5156008731659382,0.5038078500292911,0.9507246376811594,0.47962962962962963,0.04863096462480077,4,5,110,2,Random Forest,adasyn,3,1
0.9504132231404959,0.7725563909774436,0.5714285714285714,0.5714285714285714,0.9736842105263158,0.5714285714285714,0.5451127819548872,0.5451127819548872,0.9736842105263157,0.7755512461394813,0.036847288591507744,4,3,111,3,Random Forest,adasyn,3,2
0.9421487603305785,0.6340852130325814,0.5,0.2857142857142857,0.9824561403508771,0.36363636363636365,0.3501784379632934,0.33568627450980393,0.8847117794486214,0.4828117913832199,0.047695907137159585,2,2,112,5,Random Forest,adasyn,3,3
0.9504132231404959,0.6384711779448622,0.6666666666666666,0.2857142857142857,0.9912280701754386,0.4,0.415804511364738,0.3784246575342466,0.9461152882205515,0.7555555555555555,0.03541504014443637,2,1,113,5,Random Forest,adasyn,3,4
0.9421487603305785,0.7011278195488722,0.5,0.42857142857142855,0.9736842105263158,0.46153846153846156,0.4325925554820793,0.4311618535930154,0.956140350877193,0.5399659863945578,0.041259024964414706,3,3,111,4,Random Forest,adasyn,3,5
0.9256198347107438,0.7593984962406015,0.4,0.5714285714285714,0.9473684210526315,0.47058823529411764,0.43988323070463986,0.431924882629108,0.9122807017543859,0.6660355434039644,0.05037929393644536,4,6,108,3,Random Forest,adasyn,3,6
0.9586776859504132,0.7769423558897243,0.6666666666666666,0.5714285714285714,0.9824561403508771,0.6153846153846154,0.5956570390127073,0.5936870382807253,0.9824561403508771,0.745330859616574,0.03596940548165139,4,2,112,3,Random Forest,adasyn,3,7
0.975,0.9078947368421053,0.7142857142857143,0.8333333333333334,0.9824561403508771,0.7692307692307693,0.7586088524687684,0.7560975609756098,0.9824561403508771,0.8888888888888888,0.03036622738365622,5,2,112,1,Random Forest,adasyn,3,8
0.9666666666666667,0.8245614035087718,0.6666666666666666,0.6666666666666666,0.9824561403508771,0.6666666666666666,0.6491228070175439,0.6491228070175439,0.9839181286549707,0.8361823361823362,0.033693429464414656,4,2,112,2,Random Forest,adasyn,3,9
0.9256198347107438,0.7239130434782608,0.3333333333333333,0.5,0.9478260869565217,0.4,0.3705131856006393,0.3620386643233743,0.946376811594203,0.42906746031746024,0.04986575079396662,3,6,109,3,Random Forest,adasyn,4,0
0.9338842975206612,0.7282608695652174,0.375,0.5,0.9565217391304348,0.42857142857142855,0.3988428337106091,0.39424280350438057,0.9420289855072463,0.6648478835978836,0.0452504091102658,3,5,110,3,Random Forest,adasyn,4,1
0.9669421487603306,0.8483709273182958,0.7142857142857143,0.7142857142857143,0.9824561403508771,0.7142857142857143,0.6967418546365914,0.6967418546365916,0.9812030075187971,0.6551543694400837,0.03286414117582489,5,2,112,2,Random Forest,adasyn,4,2
0.9586776859504132,0.8439849624060151,0.625,0.7142857142857143,0.9736842105263158,0.6666666666666666,0.6463781742612354,0.6447445684086905,0.9699248120300752,0.758451072736787,0.040600552128678864,5,3,111,2,Random Forest,adasyn,4,3
0.9421487603305785,0.7011278195488722,0.5,0.42857142857142855,0.9736842105263158,0.46153846153846156,0.4325925554820793,0.4311618535930154,0.9097744360902256,0.4306134938675592,0.04825483206047697,3,3,111,4,Random Forest,adasyn,4,4
0.9421487603305785,0.6340852130325814,0.5,0.2857142857142857,0.9824561403508771,0.36363636363636365,0.3501784379632934,0.33568627450980393,0.8646616541353385,0.3445003025648187,0.049908905801605966,2,2,112,5,Random Forest,adasyn,4,5
0.9504132231404959,0.6384711779448622,0.6666666666666666,0.2857142857142857,0.9912280701754386,0.4,0.415804511364738,0.3784246575342466,0.9273182957393484,0.5371447028423773,0.04283118385635627,2,1,113,5,Random Forest,adasyn,4,6
0.9586776859504132,0.8439849624060151,0.625,0.7142857142857143,0.9736842105263158,0.6666666666666666,0.6463781742612354,0.6447445684086905,0.981203007518797,0.6358070500927644,0.037273170500879485,5,3,111,2,Random Forest,adasyn,4,7
0.9416666666666667,0.7324561403508771,0.42857142857142855,0.5,0.9649122807017544,0.46153846153846156,0.4323254750628465,0.43089430894308944,0.9605263157894737,0.4681457431457431,0.0425475758429051,3,4,110,3,Random Forest,adasyn,4,8
0.95,0.8157894736842105,0.5,0.6666666666666666,0.9649122807017544,0.5714285714285714,0.5518254055364693,0.5454545454545454,0.9576023391812865,0.7123015873015872,0.041214280369954226,4,4,110,2,Random Forest,adasyn,4,9
0.9669421487603306,0.6666666666666666,1.0,0.3333333333333333,1.0,0.5,0.5675639625104965,0.4872881355932204,0.9710144927536232,0.7298192004074356,0.025652552023530006,2,0,115,4,XGBoost,none,0,0
0.9586776859504132,0.741304347826087,0.6,0.5,0.9826086956521739,0.5454545454545454,0.5263876499510503,0.5239968528717546,0.9753623188405798,0.5588675213675214,0.030262770131230354,3,2,113,3,XGBoost,none,0,1
0.9669421487603306,0.7142857142857143,1.0,0.42857142857142855,1.0,0.6,0.6434621850078751,0.5856164383561644,0.9774436090225564,0.8118152524167561,0.029361343011260033,3,0,114,4,XGBoost,none,0,2
0.9504132231404959,0.7055137844611529,0.6,0.42857142857142855,0.9824561403508771,0.5,0.4821236116472483,0.47467438494934877,0.9523809523809523,0.6541414141414141,0.03925913944840431,3,2,112,4,XGBoost,none,0,3
0.9669421487603306,0.781328320802005,0.8,0.5714285714285714,0.9912280701754386,0.6666666666666666,0.6599801878951662,0.6497829232995658,0.9085213032581454,0.7419233348810814,0.026146074756979942,4,1,113,3,XGBoost,none,0,4
0.9752066115702479,0.7857142857142857,1.0,0.5714285714285714,1.0,0.7272727272727273,0.7461746154731859,0.7152941176470589,0.9761904761904762,0.7875392581274934,0.02328784205019474,4,0,114,3,XGBoost,none,0,5
0.9586776859504132,0.7769423558897243,0.6666666666666666,0.5714285714285714,0.9824561403508771,0.6153846153846154,0.5956570390127073,0.5936870382807253,0.899749373433584,0.6189706651891524,0.038005631417036057,4,2,112,3,XGBoost,none,0,6
0.9504132231404959,0.7055137844611529,0.6,0.42857142857142855,0.9824561403508771,0.5,0.4821236116472483,0.47467438494934877,0.9486215538847118,0.6174922960637246,0.04040297493338585,3,2,112,4,XGBoost,none,0,7
0.9583333333333334,0.5833333333333334,1.0,0.16666666666666666,1.0,0.2857142857142857,0.3995796110241594,0.2753623188405797,0.922514619883041,0.4531201369436664,0.03690710291266441,1,0,114,5,XGBoost,none,0,8
0.9666666666666667,0.7456140350877193,0.75,0.5,0.9912280701754386,0.6,0.596420051979227,0.5833333333333333,0.945906432748538,0.6691919191919192,0.02713468112051487,3,1,113,3,XGBoost,none,0,9
0.9917355371900827,0.9166666666666667,1.0,0.8333333333333334,1.0,0.9090909090909091,0.9089276237893511,0.9047993705743509,0.9898550724637681,0.9102564102564102,0.013767169788479805,5,0,115,1,XGBoost,none,1,0
0.9504132231404959,0.5789855072463769,0.5,0.16666666666666666,0.991304347826087,0.25,0.2689759648419309,0.23093220338983056,0.9202898550724637,0.44469998525726084,0.04317855089902878,1,1,114,5,XGBoost,none,1,1
0.9504132231404959,0.7725563909774436,0.5714285714285714,0.5714285714285714,0.9736842105263158,0.5714285714285714,0.5451127819548872,0.5451127819548872,0.9598997493734336,0.5225056689342404,0.039321452379226685,4,3,111,3,XGBoost,none,1,2
0.9504132231404959,0.7725563909774436,0.5714285714285714,0.5714285714285714,0.9736842105263158,0.5714285714285714,0.5451127819548872,0.5451127819548872,0.9536340852130325,0.4967120181405895,0.04021048918366432,4,3,111,3,XGBoost,none,1,3
0.9669421487603306,0.781328320802005,0.8,0.5714285714285714,0.9912280701754386,0.6666666666666666,0.6599801878951662,0.6497829232995658,0.9849624060150376,0.7551948051948052,0.02805335447192192,4,1,113,3,XGBoost,none,1,4
0.9504132231404959,0.6384711779448622,0.6666666666666666,0.2857142857142857,0.9912280701754386,0.4,0.415804511364738,0.3784246575342466,0.9072681704260652,0.5649534161490684,0.03626472130417824,2,1,113,5,XGBoost,none,1,5
0.9421487603305785,0.6340852130325814,0.5,0.2857142857142857,0.9824561403508771,0.36363636363636365,0.3501784379632934,0.33568627450980393,0.9223057644110276,0.5761904761904761,0.042404983192682266,2,2,112,5,XGBoost,none,1,6
0.9752066115702479,0.7857142857142857,1.0,0.5714285714285714,1.0,0.7272727272727273,0.7461746154731859,0.7152941176470589,0.974937343358396,0.7842712842712842,0.02477981150150299,4,0,114,3,XGBoost,none,1,7
0.9583333333333334,0.6622807017543859,0.6666666666666666,0.3333333333333333,0.9912280701754386,0.4444444444444444,0.45307632099523115,0.425287356321839,0.9444444444444444,0.6814935064935065,0.028958765789866447,2,1,113,4,XGBoost,none,1,8
0.95,0.5789473684210527,0.5,0.16666666666666666,0.9912280701754386,0.25,0.2688064609902745,0.23076923076923084,0.8450292397660819,0.38950240183792817,0.04336944594979286,1,1,113,5,XGBoost,none,1,9
0.9586776859504132,0.6623188405797101,0.6666666666666666,0.3333333333333333,0.991304347826087,0.4444444444444444,0.4532333324183035,0.4254510921177588,0.9507246376811594,0.6223214285714286,0.0321490615606308,2,1,114,4,XGBoost,none,2,0
0.9752066115702479,0.8289855072463768,0.8,0.6666666666666666,0.991304347826087,0.7272727272727273,0.7176576368702007,0.7143981117230527,0.9884057971014493,0.8617424242424242,0.018886541947722435,4,1,114,2,XGBoost,none,2,1
0.9256198347107438,0.5582706766917294,0.25,0.14285714285714285,0.9736842105263158,0.18181818181818182,0.1521803492083471,0.14588235294117646,0.9010025062656641,0.3194429384657088,0.057964593172073364,1,3,111,6,XGBoost,none,2,2
0.9586776859504132,0.7769423558897243,0.6666666666666666,0.5714285714285714,0.9824561403508771,0.6153846153846154,0.5956570390127073,0.5936870382807253,0.9110275689223059,0.6020768068777436,0.034773215651512146,4,2,112,3,XGBoost,none,2,3
0.9669421487603306,0.7142857142857143,1.0,0.42857142857142855,1.0,0.6,0.6434621850078751,0.5856164383561644,0.9812030075187971,0.784859584859585,0.028444183990359306,3,0,114,4,XGBoost,none,2,4
0.9421487603305785,0.5670426065162907,0.5,0.14285714285714285,0.9912280701754386,0.2222222222222222,0.2455239449419507,0.20169651272384537,0.868421052631579,0.3843338236195379,0.04944596067070961,1,1,113,6,XGBoost,none,2,5
0.9669421487603306,0.7142857142857143,1.0,0.42857142857142855,1.0,0.6,0.6434621850078751,0.5856164383561644,0.9611528822055138,0.6648008853891207,0.0345032662153244,3,0,114,4,XGBoost,none,2,6
0.9586776859504132,0.7769423558897243,0.6666666666666666,0.5714285714285714,0.9824561403508771,0.6153846153846154,0.5956570390127073,0.5936870382807253,0.9786967418546366,0.7580197580197581,0.03263028338551521,4,2,112,3,XGBoost,none,2,7
0.95,0.5789473684210527,0.5,0.16666666666666666,0.9912280701754386,0.25,0.2688064609902745,0.23076923076923084,0.9517543859649124,0.5602020202020201,0.031104551628232002,1,1,113,5,XGBoost,none,2,8
0.9916666666666667,0.9166666666666667,1.0,0.8333333333333334,1.0,0.9090909090909091,0.9088932591463857,0.9047619047619048,0.9970760233918128,0.9583333333333334,0.011161888018250465,5,0,114,1,XGBoost,none,2,9
0.9586776859504132,0.6623188405797101,0.6666666666666666,0.3333333333333333,0.991304347826087,0.4444444444444444,0.4532333324183035,0.4254510921177588,0.9347826086956522,0.47817460317460314,0.03988795727491379,2,1,114,4,XGBoost,none,3,0
0.9586776859504132,0.8202898550724638,0.5714285714285714,0.6666666666666666,0.9739130434782609,0.6153846153846154,0.5956570390127073,0.5936870382807253,0.9623188405797102,0.473015873015873,0.037886492908000946,4,3,112,2,XGBoost,none,3,1
0.9752066115702479,0.7857142857142857,1.0,0.5714285714285714,1.0,0.7272727272727273,0.7461746154731859,0.7152941176470589,0.9862155388471178,0.8392857142857142,0.02595735527575016,4,0,114,3,XGBoost,none,3,2
0.9586776859504132,0.6428571428571428,1.0,0.2857142857142857,1.0,0.4444444444444444,0.5231725181940632,0.4297832233741753,0.8609022556390978,0.4842525399129172,0.04025455191731453,2,0,114,5,XGBoost,none,3,3
0.9752066115702479,0.8527568922305764,0.8333333333333334,0.7142857142857143,0.9912280701754386,0.7692307692307693,0.7587215225433354,0.7562122229684352,0.9749373433583961,0.769047619047619,0.026700789108872414,5,1,113,2,XGBoost,none,3,4
0.9586776859504132,0.6428571428571428,1.0,0.2857142857142857,1.0,0.4444444444444444,0.5231725181940632,0.4297832233741753,0.968671679197995,0.6641414141414141,0.03778550773859024,2,0,114,5,XGBoost,none,3,5
0.9421487603305785,0.7011278195488722,0.5,0.42857142857142855,0.9736842105263158,0.46153846153846156,0.4325925554820793,0.4311618535930154,0.9135338345864662,0.5218421872899071,0.04994567483663559,3,3,111,4,XGBoost,none,3,6
0.9586776859504132,0.7098997493734336,0.75,0.42857142857142855,0.9912280701754386,0.5454545454545454,0.5481765267182397,0.5254901960784313,0.9711779448621554,0.7570191713048855,0.030289536342024803,3,1,113,4,XGBoost,none,3,7
0.9916666666666667,0.9166666666666667,1.0,0.8333333333333334,1.0,0.9090909090909091,0.9088932591463857,0.9047619047619048,0.9795321637426901,0.8833333333333333,0.016211751848459244,5,0,114,1,XGBoost,none,3,8
0.9833333333333333,0.8333333333333333,1.0,0.6666666666666666,1.0,0.8,0.8094272134003795,0.7916666666666666,0.9941520467836258,0.9166666666666666,0.014648456126451492,4,0,114,2,XGBoost,none,3,9
0.9669421487603306,0.7456521739130435,0.75,0.5,0.991304347826087,0.6,0.5965573849089534,0.5834767641996558,0.9420289855072465,0.5619691611070922,0.032801177352666855,3,1,114,3,XGBoost,none,4,0
0.9834710743801653,0.9123188405797102,0.8333333333333334,0.8333333333333334,0.991304347826087,0.8333333333333334,0.8246376811594203,0.8246376811594203,0.9608695652173913,0.8636363636363636,0.01797008141875267,5,1,114,1,XGBoost,none,4,1
0.9421487603305785,0.6340852130325814,0.5,0.2857142857142857,0.9824561403508771,0.36363636363636365,0.3501784379632934,0.33568627450980393,0.9736842105263158,0.5892857142857142,0.04028673842549324,2,2,112,5,XGBoost,none,4,2
0.9834710743801653,0.8571428571428572,1.0,0.7142857142857143,1.0,0.8333333333333334,0.837836764143084,0.8248914616497829,0.9699248120300752,0.8189884649511978,0.02331678941845894,5,0,114,2,XGBoost,none,4,3
0.9669421487603306,0.7142857142857143,1.0,0.42857142857142855,1.0,0.6,0.6434621850078751,0.5856164383561644,0.918546365914787,0.6395028451632225,0.03573310747742653,3,0,114,4,XGBoost,none,4,4
0.9586776859504132,0.6428571428571428,1.0,0.2857142857142857,1.0,0.4444444444444444,0.5231725181940632,0.4297832233741753,0.8959899749373433,0.5727678571428572,0.04018625244498253,2,0,114,5,XGBoost,none,4,5
0.9669421487603306,0.7142857142857143,1.0,0.42857142857142855,1.0,0.6,0.6434621850078751,0.5856164383561644,0.918546365914787,0.601037851037851,0.037416908890008926,3,0,114,4,XGBoost,none,4,6
0.9586776859504132,0.7098997493734336,0.75,0.42857142857142855,0.9912280701754386,0.5454545454545454,0.5481765267182397,0.5254901960784313,0.9824561403508771,0.7499226963512677,0.03335358947515488,3,1,113,4,XGBoost,none,4,7
0.9416666666666667,0.5745614035087719,0.3333333333333333,0.16666666666666666,0.9824561403508771,0.2222222222222222,0.20817020153834945,0.1954022988505747,0.9590643274853801,0.4548433048433048,0.03879955783486366,1,2,112,5,XGBoost,none,4,8
0.95,0.736842105263158,0.5,0.5,0.9736842105263158,0.5,0.47368421052631576,0.4736842105263158,0.9532163742690059,0.6899961597542242,0.02913028374314308,3,3,111,3,XGBoost,none,4,9
0.9752066115702479,0.8289855072463768,0.8,0.6666666666666666,0.991304347826087,0.7272727272727273,0.7176576368702007,0.7143981117230527,0.9782608695652174,0.8124999999999999,0.020789621397852898,4,1,114,2,XGBoost,class_weight,0,0
0.9586776859504132,0.8992753623188405,0.5555555555555556,0.8333333333333334,0.9652173913043478,0.6666666666666666,0.660688560731237,0.645577035735208,0.9826086956521739,0.6405122655122655,0.03132261335849762,5,4,111,1,XGBoost,class_weight,0,1
0.9752066115702479,0.7857142857142857,1.0,0.5714285714285714,1.0,0.7272727272727273,0.7461746154731859,0.7152941176470589,0.9774436090225563,0.8784013605442176,0.019841184839606285,4,0,114,3,XGBoost,class_weight,0,2
0.9504132231404959,0.7725563909774436,0.5714285714285714,0.5714285714285714,0.9736842105263158,0.5714285714285714,0.5451127819548872,0.5451127819548872,0.9486215538847118,0.6160072724742071,0.04508223012089729,4,3,111,3,XGBoost,class_weight,0,3
0.9669421487603306,0.8483709273182958,0.7142857142857143,0.7142857142857143,0.9824561403508771,0.7142857142857143,0.6967418546365914,0.6967418546365916,0.9348370927318296,0.7645058023209284,0.031046465039253235,5,2,112,2,XGBoost,class_weight,0,4
0.9669421487603306,0.8483709273182958,0.7142857142857143,0.7142857142857143,0.9824561403508771,0.7142857142857143,0.6967418546365914,0.6967418546365916,0.9799498746867168,0.8244047619047619,0.024590374901890755,5,2,112,2,XGBoost,class_weight,0,5
0.9338842975206612,0.7637844611528821,0.4444444444444444,0.5714285714285714,0.956140350877193,0.5,0.46940788889987284,0.4651933701657458,0.9110275689223059,0.6810640971931294,0.04637930169701576,4,5,109,3,XGBoost,class_weight,0,6
0.9421487603305785,0.7011278195488722,0.5,0.42857142857142855,0.9736842105263158,0.46153846153846156,0.4325925554820793,0.4311618535930154,0.9323308270676691,0.5165223665223666,0.048807427287101746,3,3,111,4,XGBoost,class_weight,0,7
0.9416666666666667,0.6535087719298246,0.4,0.3333333333333333,0.9736842105263158,0.36363636363636365,0.3348554112644579,0.33333333333333337,0.9239766081871346,0.47645502645502646,0.039556633681058884,2,3,111,4,XGBoost,class_weight,0,8
0.9583333333333334,0.7412280701754386,0.6,0.5,0.9824561403508771,0.5454545454545454,0.5262013605584338,0.5238095238095238,0.9502923976608186,0.698015873015873,0.030954642221331596,3,2,112,3,XGBoost,class_weight,0,9
0.9669421487603306,0.9036231884057971,0.625,0.8333333333333334,0.9739130434782609,0.7142857142857143,0.7052554234184422,0.6971214017521903,0.9898550724637681,0.9102564102564102,0.019612237811088562,5,3,112,1,XGBoost,class_weight,1,0
0.9504132231404959,0.6579710144927536,0.5,0.3333333333333333,0.9826086956521739,0.4,0.38362687289130337,0.3752151462994836,0.9391304347826086,0.5799960388195682,0.03833886608481407,2,2,113,4,XGBoost,class_weight,1,1
0.9504132231404959,0.7725563909774436,0.5714285714285714,0.5714285714285714,0.9736842105263158,0.5714285714285714,0.5451127819548872,0.5451127819548872,0.974937343358396,0.6160714285714286,0.03469180315732956,4,3,111,3,XGBoost,class_weight,1,2
0.9421487603305785,0.8352130325814536,0.5,0.7142857142857143,0.956140350877193,0.5882352941176471,0.5684481362970587,0.5581637976004172,0.9573934837092731,0.5682312925170068,0.04635334387421608,5,5,109,2,XGBoost,class_weight,1,3
0.9586776859504132,0.8439849624060151,0.625,0.7142857142857143,0.9736842105263158,0.6666666666666666,0.6463781742612354,0.6447445684086905,0.9824561403508771,0.6635281385281385,0.024859121069312096,5,3,111,2,XGBoost,class_weight,1,4
0.9586776859504132,0.7098997493734336,0.75,0.42857142857142855,0.9912280701754386,0.5454545454545454,0.5481765267182397,0.5254901960784313,0.931077694235589,0.6472222222222221,0.034302305430173874,3,1,113,4,XGBoost,class_weight,1,5
0.9338842975206612,0.6967418546365914,0.42857142857142855,0.42857142857142855,0.9649122807017544,0.42857142857142855,0.39348370927318294,0.393483709273183,0.9172932330827068,0.5689046633146011,0.04708746820688248,3,4,110,4,XGBoost,class_weight,1,6
0.9669421487603306,0.781328320802005,0.8,0.5714285714285714,0.9912280701754386,0.6666666666666666,0.6599801878951662,0.6497829232995658,0.9699248120300752,0.7564116555713194,0.029486272484064102,4,1,113,3,XGBoost,class_weight,1,7
0.9666666666666667,0.8245614035087718,0.6666666666666666,0.6666666666666666,0.9824561403508771,0.6666666666666666,0.6491228070175439,0.6491228070175439,0.9561403508771931,0.644017094017094,0.029706183820962906,4,2,112,2,XGBoost,class_weight,1,8
0.9416666666666667,0.5745614035087719,0.3333333333333333,0.16666666666666666,0.9824561403508771,0.2222222222222222,0.20817020153834945,0.1954022988505747,0.8757309941520468,0.414937275985663,0.048987485468387604,1,2,112,5,XGBoost,class_weight,1,9
0.9421487603305785,0.6536231884057971,0.4,0.3333333333333333,0.9739130434782609,0.36363636363636365,0.3351176630318999,0.33359559402045635,0.9405797101449276,0.6162337662337662,0.03661109507083893,2,3,112,4,XGBoost,class_weight,2,0
0.9752066115702479,0.8289855072463768,0.8,0.6666666666666666,0.991304347826087,0.7272727272727273,0.7176576368702007,0.7143981117230527,0.9869565217391305,0.8491452991452992,0.020288344472646713,4,1,114,2,XGBoost,class_weight,2,1
0.9090909090909091,0.6835839598997494,0.3,0.42857142857142855,0.9385964912280702,0.35294117647058826,0.31131832511222096,0.30568596765779865,0.9210526315789473,0.33921960392548633,0.06369810551404953,3,7,107,4,XGBoost,class_weight,2,2
0.9504132231404959,0.7725563909774436,0.5714285714285714,0.5714285714285714,0.9736842105263158,0.5714285714285714,0.5451127819548872,0.5451127819548872,0.9122807017543859,0.5891555812608444,0.03872208669781685,4,3,111,3,XGBoost,class_weight,2,3
0.9586776859504132,0.7098997493734336,0.75,0.42857142857142855,0.9912280701754386,0.5454545454545454,0.5481765267182397,0.5254901960784313,0.9736842105263157,0.7778711484593837,0.025343390181660652,3,1,113,4,XGBoost,class_weight,2,4
0.9504132231404959,0.6384711779448622,0.6666666666666666,0.2857142857142857,0.9912280701754386,0.4,0.415804511364738,0.3784246575342466,0.8796992481203008,0.4054185722991885,0.05182782933115959,2,1,113,5,XGBoost,class_weight,2,5
0.9421487603305785,0.768170426065163,0.5,0.5714285714285714,0.9649122807017544,0.5333333333333333,0.5039159537045698,0.5026423957721667,0.9674185463659147,0.6933691308691308,0.03898203745484352,4,4,110,3,XGBoost,class_weight,2,6
0.9421487603305785,0.768170426065163,0.5,0.5714285714285714,0.9649122807017544,0.5333333333333333,0.5039159537045698,0.5026423957721667,0.9711779448621554,0.6903929403929403,0.042065542191267014,4,4,110,3,XGBoost,class_weight,2,7
0.975,0.8289473684210527,0.8,0.6666666666666666,0.9912280701754386,0.7272727272727273,0.7175473098524098,0.7142857142857143,0.9576023391812866,0.6455555555555555,0.0277415718883276,4,1,113,2,XGBoost,class_weight,2,8
0.975,0.9078947368421053,0.7142857142857143,0.8333333333333334,0.9824561403508771,0.7692307692307693,0.7586088524687684,0.7560975609756098,0.9970760233918128,0.9583333333333334,0.016640210524201393,5,2,112,1,XGBoost,class_weight,2,9
0.9421487603305785,0.6536231884057971,0.4,0.3333333333333333,0.9739130434782609,0.36363636363636365,0.3351176630318999,0.33359559402045635,0.9347826086956521,0.371256038647343,0.04817400872707367,2,3,112,4,XGBoost,class_weight,3,0
0.9586776859504132,0.8992753623188405,0.5555555555555556,0.8333333333333334,0.9652173913043478,0.6666666666666666,0.660688560731237,0.645577035735208,0.9536231884057971,0.46162698412698416,0.04070383310317993,5,4,111,1,XGBoost,class_weight,3,1
0.9669421487603306,0.8483709273182958,0.7142857142857143,0.7142857142857143,0.9824561403508771,0.7142857142857143,0.6967418546365914,0.6967418546365916,0.9874686716791979,0.8520408163265305,0.02152576856315136,5,2,112,2,XGBoost,class_weight,3,2
0.9586776859504132,0.7098997493734336,0.75,0.42857142857142855,0.9912280701754386,0.5454545454545454,0.5481765267182397,0.5254901960784313,0.87468671679198,0.5403723148403998,0.039713066071271896,3,1,113,4,XGBoost,class_weight,3,3
0.9586776859504132,0.8439849624060151,0.625,0.7142857142857143,0.9736842105263158,0.6666666666666666,0.6463781742612354,0.6447445684086905,0.968671679197995,0.6901360544217687,0.033806212246418,5,3,111,2,XGBoost,class_weight,3,4
0.9504132231404959,0.7055137844611529,0.6,0.42857142857142855,0.9824561403508771,0.5,0.4821236116472483,0.47467438494934877,0.9636591478696742,0.6416916416916417,0.04048299044370651,3,2,112,4,XGBoost,class_weight,3,5
0.9173553719008265,0.68796992481203,0.3333333333333333,0.42857142857142855,0.9473684210526315,0.375,0.3344949327077478,0.33149171270718225,0.894736842105263,0.48592870544090055,0.06585423648357391,3,6,108,4,XGBoost,class_weight,3,6
0.9586776859504132,0.7769423558897243,0.6666666666666666,0.5714285714285714,0.9824561403508771,0.6153846153846154,0.5956570390127073,0.5936870382807253,0.9536340852130326,0.6739651416122003,0.035049621015787125,4,2,112,3,XGBoost,class_weight,3,7
0.975,0.9078947368421053,0.7142857142857143,0.8333333333333334,0.9824561403508771,0.7692307692307693,0.7586088524687684,0.7560975609756098,0.9809941520467836,0.8859649122807018,0.020299648866057396,5,2,112,1,XGBoost,class_weight,3,8
0.975,0.9078947368421053,0.7142857142857143,0.8333333333333334,0.9824561403508771,0.7692307692307693,0.7586088524687684,0.7560975609756098,0.9941520467836257,0.9107142857142857,0.014379719272255898,5,2,112,1,XGBoost,class_weight,3,9
0.9338842975206612,0.7282608695652174,0.375,0.5,0.9565217391304348,0.42857142857142855,0.3988428337106091,0.39424280350438057,0.9507246376811593,0.6240338164251207,0.04178940877318382,3,5,110,3,XGBoost,class_weight,4,0
0.9669421487603306,0.9036231884057971,0.625,0.8333333333333334,0.9739130434782609,0.7142857142857143,0.7052554234184422,0.6971214017521903,0.9652173913043479,0.8400383141762452,0.02869234047830105,5,3,112,1,XGBoost,class_weight,4,1
0.9586776859504132,0.8439849624060151,0.625,0.7142857142857143,0.9736842105263158,0.6666666666666666,0.6463781742612354,0.6447445684086905,0.9674185463659148,0.6085497835497835,0.031476423144340515,5,3,111,2,XGBoost,class_weight,4,2
0.9586776859504132,0.8439849624060151,0.625,0.7142857142857143,0.9736842105263158,0.6666666666666666,0.6463781742612354,0.6447445684086905,0.9636591478696741,0.7840476190476191,0.03244270011782646,5,3,111,2,XGBoost,class_weight,4,3
0.9421487603305785,0.7011278195488722,0.5,0.42857142857142855,0.9736842105263158,0.46153846153846156,0.4325925554820793,0.4311618535930154,0.9323308270676691,0.6362640843477081,0.04533601924777031,3,3,111,4,XGBoost,class_weight,4,4
0.9421487603305785,0.6340852130325814,0.5,0.2857142857142857,0.9824561403508771,0.36363636363636365,0.3501784379632934,0.33568627450980393,0.918546365914787,0.5274000509294627,0.04542521387338638,2,2,112,5,XGBoost,class_weight,4,5
0.9504132231404959,0.7055137844611529,0.6,0.42857142857142855,0.9824561403508771,0.5,0.4821236116472483,0.47467438494934877,0.9323308270676691,0.6238095238095238,0.044154830276966095,3,2,112,4,XGBoost,class_weight,4,6
0.9504132231404959,0.7055137844611529,0.6,0.42857142857142855,0.9824561403508771,0.5,0.4821236116472483,0.47467438494934877,0.9749373433583961,0.6984959484959485,0.036203429102897644,3,2,112,4,XGBoost,class_weight,4,7
0.9416666666666667,0.6535087719298246,0.4,0.3333333333333333,0.9736842105263158,0.36363636363636365,0.3348554112644579,0.33333333333333337,0.9546783625730993,0.4367965367965368,0.04319893196225166,2,3,111,4,XGBoost,class_weight,4,8
0.9583333333333334,0.8991228070175439,0.5555555555555556,0.8333333333333334,0.9649122807017544,0.6666666666666666,0.6605137270691691,0.6453900709219859,0.9517543859649124,0.5735449735449736,0.03923172131180763,5,4,110,1,XGBoost,class_weight,4,9
0.9752066115702479,0.8289855072463768,0.8,0.6666666666666666,0.991304347826087,0.7272727272727273,0.7176576368702007,0.7143981117230527,0.9826086956521739,0.8306878306878307,0.01953999698162079,4,1,114,2,XGBoost,random_over,0,0
0.9421487603305785,0.7326086956521739,0.42857142857142855,0.5,0.9652173913043478,0.46153846153846156,0.4325925554820793,0.4311618535930154,0.9739130434782609,0.5520202020202021,0.03835897147655487,3,4,111,3,XGBoost,random_over,0,1
0.9752066115702479,0.7857142857142857,1.0,0.5714285714285714,1.0,0.7272727272727273,0.7461746154731859,0.7152941176470589,0.9486215538847118,0.7475765306122448,0.025963544845581055,4,0,114,3,XGBoost,random_over,0,2
0.9421487603305785,0.7011278195488722,0.5,0.42857142857142855,0.9736842105263158,0.46153846153846156,0.4325925554820793,0.4311618535930154,0.9536340852130325,0.6168058132343845,0.04154594615101814,3,3,111,4,XGBoost,random_over,0,3
0.9752066115702479,0.8527568922305764,0.8333333333333334,0.7142857142857143,0.9912280701754386,0.7692307692307693,0.7587215225433354,0.7562122229684352,0.9398496240601504,0.7546099290780142,0.027723457664251328,5,1,113,2,XGBoost,random_over,0,4
0.9504132231404959,0.8395989974937343,0.5555555555555556,0.7142857142857143,0.9649122807017544,0.625,0.6043208450919978,0.5988950276243094,0.9724310776942356,0.8040293040293041,0.033062878996133804,5,4,110,2,XGBoost,random_over,0,5
0.9338842975206612,0.7637844611528821,0.4444444444444444,0.5714285714285714,0.956140350877193,0.5,0.46940788889987284,0.4651933701657458,0.9197994987468672,0.659255030683602,0.04532283544540405,4,5,109,3,XGBoost,random_over,0,6
0.9421487603305785,0.7011278195488722,0.5,0.42857142857142855,0.9736842105263158,0.46153846153846156,0.4325925554820793,0.4311618535930154,0.9398496240601504,0.5834410687351863,0.0481051541864872,3,3,111,4,XGBoost,random_over,0,7
0.9416666666666667,0.6535087719298246,0.4,0.3333333333333333,0.9736842105263158,0.36363636363636365,0.3348554112644579,0.33333333333333337,0.9385964912280702,0.48017857142857145,0.03799569234251976,2,3,111,4,XGBoost,random_over,0,8
0.975,0.8289473684210527,0.8,0.6666666666666666,0.9912280701754386,0.7272727272727273,0.7175473098524098,0.7142857142857143,0.945906432748538,0.7313492063492064,0.025123801082372665,4,1,113,2,XGBoost,random_over,0,9
0.9669421487603306,0.9036231884057971,0.625,0.8333333333333334,0.9739130434782609,0.7142857142857143,0.7052554234184422,0.6971214017521903,0.9898550724637681,0.9102564102564102,0.018764110282063484,5,3,112,1,XGBoost,random_over,1,0
0.9338842975206612,0.6492753623188405,0.3333333333333333,0.3333333333333333,0.9652173913043478,0.3333333333333333,0.2985507246376812,0.2985507246376812,0.9289855072463767,0.5253411306042884,0.04466651752591133,2,4,111,4,XGBoost,random_over,1,1
0.9586776859504132,0.8439849624060151,0.625,0.7142857142857143,0.9736842105263158,0.6666666666666666,0.6463781742612354,0.6447445684086905,0.9774436090225563,0.7002551020408163,0.031237995252013206,5,3,111,2,XGBoost,random_over,1,2
0.9338842975206612,0.8308270676691729,0.45454545454545453,0.7142857142857143,0.9473684210526315,0.5555555555555556,0.537328395407574,0.5217391304347826,0.9523809523809524,0.5385415704743436,0.0530485063791275,5,6,108,2,XGBoost,random_over,1,3
0.9586776859504132,0.8439849624060151,0.625,0.7142857142857143,0.9736842105263158,0.6666666666666666,0.6463781742612354,0.6447445684086905,0.9824561403508772,0.6448979591836734,0.02660493180155754,5,3,111,2,XGBoost,random_over,1,4
0.9421487603305785,0.7011278195488722,0.5,0.42857142857142855,0.9736842105263158,0.46153846153846156,0.4325925554820793,0.4311618535930154,0.9285714285714286,0.5661564625850339,0.04097234830260277,3,3,111,4,XGBoost,random_over,1,5
0.9421487603305785,0.7011278195488722,0.5,0.42857142857142855,0.9736842105263158,0.46153846153846156,0.4325925554820793,0.4311618535930154,0.9047619047619048,0.5783858998144712,0.04426192119717598,3,3,111,4,XGBoost,random_over,1,6
0.9669421487603306,0.781328320802005,0.8,0.5714285714285714,0.9912280701754386,0.6666666666666666,0.6599801878951662,0.6497829232995658,0.9611528822055138,0.6787569573283858,0.0318404845893383,4,1,113,3,XGBoost,random_over,1,7
0.975,0.8289473684210527,0.8,0.6666666666666666,0.9912280701754386,0.7272727272727273,0.7175473098524098,0.7142857142857143,0.9473684210526316,0.6261494252873563,0.03061392717063427,4,1,113,2,XGBoost,random_over,1,8
0.95,0.6578947368421052,0.5,0.3333333333333333,0.9824561403508771,0.4,0.3834128905580745,0.375,0.894736842105263,0.40454545454545454,0.04791880398988724,2,2,112,4,XGBoost,random_over,1,9
0.9504132231404959,0.7369565217391305,0.5,0.5,0.9739130434782609,0.5,0.47391304347826085,0.4739130434782609,0.9260869565217391,0.5669802867383512,0.04075133800506592,3,3,112,3,XGBoost,random_over,2,0
0.9834710743801653,0.9123188405797102,0.8333333333333334,0.8333333333333334,0.991304347826087,0.8333333333333334,0.8246376811594203,0.8246376811594203,0.9840579710144928,0.8680555555555556,0.01836840622127056,5,1,114,1,XGBoost,random_over,2,1
0.9338842975206612,0.6967418546365914,0.42857142857142855,0.42857142857142855,0.9649122807017544,0.42857142857142855,0.39348370927318294,0.393483709273183,0.912280701754386,0.3559623849539816,0.0589345321059227,3,4,110,4,XGBoost,random_over,2,2
0.9504132231404959,0.7725563909774436,0.5714285714285714,0.5714285714285714,0.9736842105263158,0.5714285714285714,0.5451127819548872,0.5451127819548872,0.9147869674185464,0.5799450549450549,0.041036684066057205,4,3,111,3,XGBoost,random_over,2,3
0.9752066115702479,0.7857142857142857,1.0,0.5714285714285714,1.0,0.7272727272727273,0.7461746154731859,0.7152941176470589,0.962406015037594,0.7709906951286263,0.02559838630259037,4,0,114,3,XGBoost,random_over,2,4
0.9338842975206612,0.6296992481203008,0.4,0.2857142857142857,0.9736842105263158,0.3333333333333333,0.3042670353993305,0.29956584659913166,0.8959899749373434,0.4293002170047725,0.05285719037055969,2,3,111,5,XGBoost,random_over,2,5
0.9421487603305785,0.768170426065163,0.5,0.5714285714285714,0.9649122807017544,0.5333333333333333,0.5039159537045698,0.5026423957721667,0.9724310776942356,0.7189952904238619,0.035475607961416245,4,4,110,3,XGBoost,random_over,2,6
0.9586776859504132,0.8439849624060151,0.625,0.7142857142857143,0.9736842105263158,0.6666666666666666,0.6463781742612354,0.6447445684086905,0.9724310776942356,0.6535190999476712,0.04058510437607765,5,3,111,2,XGBoost,random_over,2,7
0.975,0.8289473684210527,0.8,0.6666666666666666,0.9912280701754386,0.7272727272727273,0.7175473098524098,0.7142857142857143,0.9576023391812866,0.759164535379369,0.025051085278391838,4,1,113,2,XGBoost,random_over,2,8
0.9833333333333333,0.9912280701754386,0.75,1.0,0.9824561403508771,0.8571428571428571,0.8583950752789522,0.8484848484848485,0.9912280701754386,0.8551587301587301,0.018788842484354973,6,2,112,0,XGBoost,random_over,2,9
0.9173553719008265,0.6405797101449275,0.25,0.3333333333333333,0.9478260869565217,0.2857142857142857,0.2456365388566926,0.2428035043804756,0.9405797101449276,0.34345238095238095,0.0547960065305233,2,6,109,4,XGBoost,random_over,3,0
0.9504132231404959,0.894927536231884,0.5,0.8333333333333334,0.9565217391304348,0.625,0.6227453129235471,0.6002202643171807,0.963768115942029,0.5203703703703704,0.04038344696164131,5,5,110,1,XGBoost,random_over,3,1
0.9586776859504132,0.7769423558897243,0.6666666666666666,0.5714285714285714,0.9824561403508771,0.6153846153846154,0.5956570390127073,0.5936870382807253,0.9862155388471178,0.842517006802721,0.024914730340242386,4,2,112,3,XGBoost,random_over,3,2
0.9586776859504132,0.7098997493734336,0.75,0.42857142857142855,0.9912280701754386,0.5454545454545454,0.5481765267182397,0.5254901960784313,0.8922305764411027,0.5209968602825745,0.0408470518887043,3,1,113,4,XGBoost,random_over,3,3
0.9504132231404959,0.7725563909774436,0.5714285714285714,0.5714285714285714,0.9736842105263158,0.5714285714285714,0.5451127819548872,0.5451127819548872,0.9724310776942355,0.6776315789473684,0.03560751676559448,4,3,111,3,XGBoost,random_over,3,4
0.9504132231404959,0.6384711779448622,0.6666666666666666,0.2857142857142857,0.9912280701754386,0.4,0.415804511364738,0.3784246575342466,0.9649122807017544,0.5982683982683983,0.04089411720633507,2,1,113,5,XGBoost,random_over,3,5
0.9173553719008265,0.68796992481203,0.3333333333333333,0.42857142857142855,0.9473684210526315,0.375,0.3344949327077478,0.33149171270718225,0.9248120300751881,0.5106732348111658,0.06144295632839203,3,6,108,4,XGBoost,random_over,3,6
0.9669421487603306,0.781328320802005,0.8,0.5714285714285714,0.9912280701754386,0.6666666666666666,0.6599801878951662,0.6497829232995658,0.9611528822055138,0.6700302343159485,0.03065803088247776,4,1,113,3,XGBoost,random_over,3,7
0.9666666666666667,0.9035087719298246,0.625,0.8333333333333334,0.9736842105263158,0.7142857142857143,0.7051102404077108,0.696969696969697,0.9809941520467836,0.8859649122807018,0.019120750948786736,5,3,111,1,XGBoost,random_over,3,8
0.9833333333333333,0.9122807017543859,0.8333333333333334,0.8333333333333334,0.9912280701754386,0.8333333333333334,0.8245614035087719,0.8245614035087719,0.9956140350877193,0.9305555555555556,0.014901730231940746,5,1,113,1,XGBoost,random_over,3,9
0.9504132231404959,0.7369565217391305,0.5,0.5,0.9739130434782609,0.5,0.47391304347826085,0.4739130434782609,0.9478260869565217,0.6322242572242572,0.034462302923202515,3,3,112,3,XGBoost,random_over,4,0
0.9586776859504132,0.8992753623188405,0.5555555555555556,0.8333333333333334,0.9652173913043478,0.6666666666666666,0.660688560731237,0.645577035735208,0.9666666666666667,0.7675925925925926,0.035250455141067505,5,4,111,1,XGBoost,random_over,4,1
0.9586776859504132,0.8439849624060151,0.625,0.7142857142857143,0.9736842105263158,0.6666666666666666,0.6463781742612354,0.6447445684086905,0.9711779448621554,0.6045660688517832,0.032866496592760086,5,3,111,2,XGBoost,random_over,4,2
0.9669421487603306,0.8483709273182958,0.7142857142857143,0.7142857142857143,0.9824561403508771,0.7142857142857143,0.6967418546365914,0.6967418546365916,0.9611528822055138,0.7985803016858917,0.027738269418478012,5,2,112,2,XGBoost,random_over,4,3
0.9504132231404959,0.7055137844611529,0.6,0.42857142857142855,0.9824561403508771,0.5,0.4821236116472483,0.47467438494934877,0.9260651629072681,0.569047619047619,0.0440385602414608,3,2,112,4,XGBoost,random_over,4,4
0.9504132231404959,0.7055137844611529,0.6,0.42857142857142855,0.9824561403508771,0.5,0.4821236116472483,0.47467438494934877,0.912280701754386,0.5998790425261014,0.040063634514808655,3,2,112,4,XGBoost,random_over,4,5
0.9504132231404959,0.7055137844611529,0.6,0.42857142857142855,0.9824561403508771,0.5,0.4821236116472483,0.47467438494934877,0.9398496240601504,0.6455357142857143,0.041328586637973785,3,2,112,4,XGBoost,random_over,4,6
0.9504132231404959,0.7055137844611529,0.6,0.42857142857142855,0.9824561403508771,0.5,0.4821236116472483,0.47467438494934877,0.9724310776942356,0.7591836734693878,0.03203264996409416,3,2,112,4,XGBoost,random_over,4,7
0.95,0.6578947368421052,0.5,0.3333333333333333,0.9824561403508771,0.4,0.3834128905580745,0.375,0.9576023391812866,0.46201021201021203,0.0431663915514946,2,2,112,4,XGBoost,random_over,4,8
0.95,0.8157894736842105,0.5,0.6666666666666666,0.9649122807017544,0.5714285714285714,0.5518254055364693,0.5454545454545454,0.9590643274853802,0.7394179894179894,0.03299541026353836,4,4,110,2,XGBoost,random_over,4,9
0.8842975206611571,0.9391304347826087,0.3,1.0,0.8782608695652174,0.46153846153846156,0.5133013353475376,0.4170681348933243,0.9782608695652174,0.621031746031746,0.09176710247993469,6,14,101,0,XGBoost,random_under,0,0
0.7851239669421488,0.8869565217391304,0.1875,1.0,0.7739130434782608,0.3157894736842105,0.380931352939311,0.2534409112482203,0.9521739130434783,0.4196581196581196,0.1618392914533615,6,26,89,0,XGBoost,random_under,0,1
0.8842975206611571,0.9385964912280702,0.3333333333333333,1.0,0.8771929824561403,0.5,0.5407380704358752,0.4524886877828054,0.9636591478696742,0.6966791979949876,0.08717241883277893,7,14,100,0,XGBoost,random_under,0,2
0.859504132231405,0.8583959899749374,0.2727272727272727,0.8571428571428571,0.8596491228070176,0.41379310344827586,0.43387601774552437,0.3573883161512027,0.9223057644110275,0.5334064327485379,0.1189793050289154,6,16,98,1,XGBoost,random_under,0,3
0.8842975206611571,0.8715538847117794,0.3157894736842105,0.8571428571428571,0.8859649122807017,0.46153846153846156,0.4768440427523941,0.41180555555555554,0.9072681704260652,0.7651987110633727,0.08887463808059692,6,13,101,1,XGBoost,random_under,0,4
0.8099173553719008,0.8320802005012531,0.21428571428571427,0.8571428571428571,0.8070175438596491,0.34285714285714286,0.36766639259104106,0.27582617746552174,0.9473684210526316,0.7453634085213032,0.14989806711673737,6,22,92,1,XGBoost,random_under,0,5
0.7603305785123967,0.8057644110275689,0.17647058823529413,0.8571428571428571,0.7543859649122807,0.2926829268292683,0.31762837409578615,0.21761426978818277,0.8533834586466165,0.6597911497105045,0.1632278710603714,6,28,86,1,XGBoost,random_under,0,6
0.8512396694214877,0.786967418546366,0.23809523809523808,0.7142857142857143,0.8596491228070176,0.35714285714285715,0.35379719465661547,0.29605688429217836,0.8809523809523809,0.49895833333333334,0.11528193950653076,5,16,98,2,XGBoost,random_under,0,7
0.85,0.9210526315789473,0.25,1.0,0.8421052631578947,0.4,0.4588314677411235,0.34782608695652173,0.9590643274853801,0.6581465919701214,0.117247574031353,6,18,96,0,XGBoost,random_under,0,8
0.8583333333333333,0.8464912280701755,0.23809523809523808,0.8333333333333334,0.8596491228070176,0.37037037037037035,0.3974871068365152,0.31726907630522083,0.9590643274853801,0.7925925925925926,0.0932566300034523,5,16,98,1,XGBoost,random_under,0,9
0.8429752066115702,0.8384057971014494,0.21739130434782608,0.8333333333333334,0.8434782608695652,0.3448275862068966,0.3744685761239883,0.288895762449737,0.9652173913043478,0.7453703703703703,0.11615976691246033,5,18,97,1,XGBoost,random_under,1,0
0.7933884297520661,0.8913043478260869,0.1935483870967742,1.0,0.782608695652174,0.32432432432432434,0.3891948750579695,0.2630937880633374,0.9289855072463769,0.35191520467836257,0.14827337861061096,6,25,90,0,XGBoost,random_under,1,1
0.8264462809917356,0.9078947368421053,0.25,1.0,0.8157894736842105,0.4,0.4516053237297504,0.3387978142076502,0.9598997493734336,0.5097221074664684,0.12565717101097107,7,21,93,0,XGBoost,random_under,1,2
0.8099173553719008,0.8320802005012531,0.21428571428571427,0.8571428571428571,0.8070175438596491,0.34285714285714286,0.36766639259104106,0.27582617746552174,0.9360902255639098,0.5906593406593406,0.13711829483509064,6,22,92,1,XGBoost,random_under,1,3
0.859504132231405,0.9254385964912281,0.2916666666666667,1.0,0.8508771929824561,0.45161290322580644,0.4981691626544974,0.3976573938506588,0.9774436090225564,0.7528344671201814,0.10342337191104889,7,17,97,0,XGBoost,random_under,1,4
0.7768595041322314,0.881578947368421,0.20588235294117646,1.0,0.7631578947368421,0.34146341463414637,0.39638458980396263,0.271571906354515,0.9398496240601504,0.440878169449598,0.16737452149391174,7,27,87,0,XGBoost,random_under,1,5
0.859504132231405,0.8583959899749374,0.2727272727272727,0.8571428571428571,0.8596491228070176,0.41379310344827586,0.43387601774552437,0.3573883161512027,0.8771929824561404,0.5704480104277998,0.11059755086898804,6,16,98,1,XGBoost,random_under,1,6
0.859504132231405,0.8583959899749374,0.2727272727272727,0.8571428571428571,0.8596491228070176,0.41379310344827586,0.43387601774552437,0.3573883161512027,0.9398496240601504,0.7063492063492063,0.10220777243375778,6,16,98,1,XGBoost,random_under,1,7
0.8,0.8157894736842106,0.17857142857142858,0.8333333333333334,0.7982456140350878,0.29411764705882354,0.3254488689930657,0.23076923076923084,0.871345029239766,0.2626207729468599,0.16132085025310516,5,23,91,1,XGBoost,random_under,1,8
0.8833333333333333,0.6228070175438596,0.16666666666666666,0.3333333333333333,0.9122807017543859,0.2222222222222222,0.1784344596771036,0.16666666666666674,0.7558479532163742,0.41862118578220264,0.09792589396238327,2,10,104,4,XGBoost,random_under,1,9
0.8760330578512396,0.8557971014492753,0.2631578947368421,0.8333333333333334,0.8782608695652174,0.4,0.4246000689917708,0.35109045405791917,0.9144927536231884,0.5013687600644122,0.10025366395711899,5,14,101,1,XGBoost,random_under,2,0
0.8677685950413223,0.9304347826086956,0.2727272727272727,1.0,0.8608695652173913,0.42857142857142855,0.48454371185234896,0.3802816901408451,0.9550724637681159,0.663918597742127,0.11646181344985962,6,16,99,0,XGBoost,random_under,2,1
0.8264462809917356,0.9078947368421053,0.25,1.0,0.8157894736842105,0.4,0.4516053237297504,0.3387978142076502,0.9060150375939849,0.3047173414820473,0.14085492491722107,7,21,93,0,XGBoost,random_under,2,2
0.7603305785123967,0.8057644110275689,0.17647058823529413,0.8571428571428571,0.7543859649122807,0.2926829268292683,0.31762837409578615,0.21761426978818277,0.8709273182957393,0.49191522762951334,0.19853416085243225,6,28,86,1,XGBoost,random_under,2,3
0.8760330578512396,0.9342105263157895,0.3181818181818182,1.0,0.868421052631579,0.4827586206896552,0.5256574830378469,0.4329896907216495,0.9837092731829574,0.6762832405689548,0.08455128222703934,7,15,99,0,XGBoost,random_under,2,4
0.8429752066115702,0.7155388471177945,0.2,0.5714285714285714,0.8596491228070176,0.2962962962962963,0.27094510680122286,0.23033143622363572,0.8007518796992481,0.31697623029144767,0.12693212926387787,4,16,98,3,XGBoost,random_under,2,5
0.8181818181818182,0.9035087719298245,0.2413793103448276,1.0,0.8070175438596491,0.3888888888888889,0.4413585143316245,0.3260759493670886,0.9298245614035088,0.3561976911976912,0.1403721123933792,7,22,92,0,XGBoost,random_under,2,6
0.9338842975206612,0.9649122807017544,0.4666666666666667,1.0,0.9298245614035088,0.6363636363636364,0.6587246227787229,0.6052202283849919,0.9736842105263157,0.6531746031746031,0.06365171819925308,7,8,106,0,XGBoost,random_under,2,7
0.8416666666666667,0.9166666666666667,0.24,1.0,0.8333333333333334,0.3870967741935484,0.4472135954999579,0.33333333333333337,0.9824561403508772,0.7654151404151404,0.10015249252319336,6,19,95,0,XGBoost,random_under,2,8
0.8666666666666667,0.9298245614035088,0.2727272727272727,1.0,0.8596491228070176,0.42857142857142855,0.48420012470625223,0.37984496124031,0.9883040935672515,0.8214646464646465,0.10467974841594696,6,16,98,0,XGBoost,random_under,2,9
0.7768595041322314,0.8036231884057972,0.16129032258064516,0.8333333333333334,0.7739130434782608,0.2702702702702703,0.30198639379498005,0.2041412911084044,0.8826086956521739,0.25406057357276873,0.16483958065509796,5,26,89,1,XGBoost,random_under,3,0
0.8264462809917356,0.8297101449275363,0.2,0.8333333333333334,0.8260869565217391,0.3225806451612903,0.353574739791119,0.26369168356997963,0.9434782608695652,0.5153769841269841,0.11538393795490265,5,20,95,1,XGBoost,random_under,3,1
0.7851239669421488,0.818922305764411,0.1935483870967742,0.8571428571428571,0.7807017543859649,0.3157894736842105,0.34112553910467003,0.24447646493756003,0.9573934837092731,0.6981192476990796,0.12988105416297913,6,25,89,1,XGBoost,random_under,3,2
0.8429752066115702,0.7825814536340852,0.22727272727272727,0.7142857142857143,0.8508771929824561,0.3448275862068966,0.3420945524532019,0.281786941580756,0.786967418546366,0.49224670749917704,0.12725363671779633,5,17,97,2,XGBoost,random_under,3,3
0.859504132231405,0.7913533834586466,0.25,0.7142857142857143,0.868421052631579,0.37037037037037035,0.36624847285630413,0.31134917977904253,0.9223057644110275,0.5553880643166358,0.11274701356887817,5,15,99,2,XGBoost,random_under,3,4
0.8842975206611571,0.9385964912280702,0.3333333333333333,1.0,0.8771929824561403,0.5,0.5407380704358752,0.4524886877828054,0.9448621553884712,0.4029144991329865,0.10430438816547394,7,14,100,0,XGBoost,random_under,3,5
0.8099173553719008,0.8320802005012531,0.21428571428571427,0.8571428571428571,0.8070175438596491,0.34285714285714286,0.36766639259104106,0.27582617746552174,0.9122807017543859,0.45523244871070956,0.14242692291736603,6,22,92,1,XGBoost,random_under,3,6
0.8429752066115702,0.9166666666666667,0.2692307692307692,1.0,0.8333333333333334,0.42424242424242425,0.47366546671567095,0.3664921465968586,0.9624060150375939,0.6805555555555556,0.10775567591190338,7,19,95,0,XGBoost,random_under,3,7
0.825,0.8289473684210527,0.2,0.8333333333333334,0.8245614035087719,0.3225806451612903,0.35306336486838785,0.26315789473684215,0.9415204678362574,0.6091269841269841,0.12344691157341003,5,20,94,1,XGBoost,random_under,3,8
0.8333333333333334,0.9122807017543859,0.23076923076923078,1.0,0.8245614035087719,0.375,0.4362148562459979,0.3197278911564626,0.9736842105263157,0.7652777777777777,0.12343040853738785,6,20,94,0,XGBoost,random_under,3,9
0.8181818181818182,0.9043478260869565,0.21428571428571427,1.0,0.808695652173913,0.35294117647058826,0.4162834676825859,0.2953943885653785,0.9434782608695652,0.47247284878863827,0.12764441967010498,6,22,93,0,XGBoost,random_under,4,0
0.7933884297520661,0.8913043478260869,0.1935483870967742,1.0,0.782608695652174,0.32432432432432434,0.3891948750579695,0.2630937880633374,0.9579710144927536,0.6233766233766234,0.16820135712623596,6,25,90,0,XGBoost,random_under,4,1
0.8842975206611571,0.8715538847117794,0.3157894736842105,0.8571428571428571,0.8859649122807017,0.46153846153846156,0.4768440427523941,0.41180555555555554,0.9586466165413533,0.570952380952381,0.09221113473176956,6,13,101,1,XGBoost,random_under,4,2
0.7933884297520661,0.8903508771929824,0.21875,1.0,0.7807017543859649,0.358974358974359,0.4132535647419509,0.29173495668461713,0.9373433583959899,0.5224180581323439,0.16243477165699005,7,25,89,0,XGBoost,random_under,4,3
0.8099173553719008,0.6979949874686717,0.16666666666666666,0.5714285714285714,0.8245614035087719,0.25806451612903225,0.2318430860071004,0.18506588579795014,0.8182957393483709,0.4376959247648902,0.1343812644481659,4,20,94,3,XGBoost,random_under,4,4
0.8099173553719008,0.8320802005012531,0.21428571428571427,0.8571428571428571,0.8070175438596491,0.34285714285714286,0.36766639259104106,0.27582617746552174,0.868421052631579,0.5650444793301936,0.12976519763469696,6,22,92,1,XGBoost,random_under,4,5
0.8429752066115702,0.7155388471177945,0.2,0.5714285714285714,0.8596491228070176,0.2962962962962963,0.27094510680122286,0.23033143622363572,0.7982456140350878,0.42156750023953243,0.11591599881649017,4,16,98,3,XGBoost,random_under,4,6
0.8347107438016529,0.9122807017543859,0.25925925925925924,1.0,0.8245614035087719,0.4117647058823529,0.4623582795705722,0.35224839400428265,0.9774436090225564,0.8430735930735931,0.10472872108221054,7,20,94,0,XGBoost,random_under,4,7
0.8833333333333333,0.8596491228070176,0.2777777777777778,0.8333333333333334,0.8859649122807017,0.4166666666666667,0.4390365869055443,0.3693693693693695,0.9502923976608186,0.4315734989648033,0.08722403645515442,5,13,101,1,XGBoost,random_under,4,8
0.8166666666666667,0.8245614035087719,0.19230769230769232,0.8333333333333334,0.8157894736842105,0.3125,0.3434031847042962,0.2517006802721088,0.9473684210526315,0.5277777777777778,0.12866713106632233,5,21,93,1,XGBoost,random_under,4,9
0.9752066115702479,0.8289855072463768,0.8,0.6666666666666666,0.991304347826087,0.7272727272727273,0.7176576368702007,0.7143981117230527,0.9826086956521739,0.8257575757575758,0.018630892038345337,4,1,114,2,XGBoost,smotenc,0,0
0.9504132231404959,0.894927536231884,0.5,0.8333333333333334,0.9565217391304348,0.625,0.6227453129235471,0.6002202643171807,0.9768115942028985,0.6130341880341881,0.03685721382498741,5,5,110,1,XGBoost,smotenc,0,1
0.9669421487603306,0.781328320802005,0.8,0.5714285714285714,0.9912280701754386,0.6666666666666666,0.6599801878951662,0.6497829232995658,0.9511278195488722,0.7655913978494624,0.024726897478103638,4,1,113,3,XGBoost,smotenc,0,2
0.9421487603305785,0.7011278195488722,0.5,0.42857142857142855,0.9736842105263158,0.46153846153846156,0.4325925554820793,0.4311618535930154,0.943609022556391,0.6511372225657939,0.038290031254291534,3,3,111,4,XGBoost,smotenc,0,3
0.9669421487603306,0.8483709273182958,0.7142857142857143,0.7142857142857143,0.9824561403508771,0.7142857142857143,0.6967418546365914,0.6967418546365916,0.9223057644110276,0.7112914018066243,0.03103223256766796,5,2,112,2,XGBoost,smotenc,0,4
0.9586776859504132,0.8439849624060151,0.625,0.7142857142857143,0.9736842105263158,0.6666666666666666,0.6463781742612354,0.6447445684086905,0.9711779448621554,0.7421245421245422,0.030879901722073555,5,3,111,2,XGBoost,smotenc,0,5
0.9338842975206612,0.7637844611528821,0.4444444444444444,0.5714285714285714,0.956140350877193,0.5,0.46940788889987284,0.4651933701657458,0.9185463659147869,0.5606139891854177,0.04799738526344299,4,5,109,3,XGBoost,smotenc,0,6
0.9421487603305785,0.7011278195488722,0.5,0.42857142857142855,0.9736842105263158,0.46153846153846156,0.4325925554820793,0.4311618535930154,0.8784461152882206,0.33563974872245544,0.054521359503269196,3,3,111,4,XGBoost,smotenc,0,7
0.9416666666666667,0.6535087719298246,0.4,0.3333333333333333,0.9736842105263158,0.36363636363636365,0.3348554112644579,0.33333333333333337,0.9400584795321637,0.4876893939393939,0.03844369947910309,2,3,111,4,XGBoost,smotenc,0,8
0.9666666666666667,0.7456140350877193,0.75,0.5,0.9912280701754386,0.6,0.596420051979227,0.5833333333333333,0.9546783625730995,0.7130541871921181,0.02384306862950325,3,1,113,3,XGBoost,smotenc,0,9
0.9752066115702479,0.9079710144927536,0.7142857142857143,0.8333333333333334,0.9826086956521739,0.7692307692307693,0.7587215225433354,0.7562122229684352,0.9942028985507246,0.9166666666666666,0.016440333798527718,5,2,113,1,XGBoost,smotenc,1,0
0.9669421487603306,0.7456521739130435,0.75,0.5,0.991304347826087,0.6,0.5965573849089534,0.5834767641996558,0.9260869565217391,0.6397177228379275,0.03057859279215336,3,1,114,3,XGBoost,smotenc,1,1
0.9338842975206612,0.7637844611528821,0.4444444444444444,0.5714285714285714,0.956140350877193,0.5,0.46940788889987284,0.4651933701657458,0.9624060150375939,0.5189625850340136,0.04768885299563408,4,5,109,3,XGBoost,smotenc,1,2
0.9421487603305785,0.8352130325814536,0.5,0.7142857142857143,0.956140350877193,0.5882352941176471,0.5684481362970587,0.5581637976004172,0.9436090225563909,0.4448412698412698,0.050080157816410065,5,5,109,2,XGBoost,smotenc,1,3
0.9669421487603306,0.8483709273182958,0.7142857142857143,0.7142857142857143,0.9824561403508771,0.7142857142857143,0.6967418546365914,0.6967418546365916,0.9824561403508771,0.7210884353741496,0.026759060099720955,5,2,112,2,XGBoost,smotenc,1,4
0.9504132231404959,0.7725563909774436,0.5714285714285714,0.5714285714285714,0.9736842105263158,0.5714285714285714,0.5451127819548872,0.5451127819548872,0.9323308270676691,0.6047619047619047,0.03856833279132843,4,3,111,3,XGBoost,smotenc,1,5
0.9421487603305785,0.7011278195488722,0.5,0.42857142857142855,0.9736842105263158,0.46153846153846156,0.4325925554820793,0.4311618535930154,0.9172932330827068,0.6277562166872708,0.04215574264526367,3,3,111,4,XGBoost,smotenc,1,6
0.9586776859504132,0.7769423558897243,0.6666666666666666,0.5714285714285714,0.9824561403508771,0.6153846153846154,0.5956570390127073,0.5936870382807253,0.9724310776942356,0.7722832722832724,0.02851943112909794,4,2,112,3,XGBoost,smotenc,1,7
0.9666666666666667,0.7456140350877193,0.75,0.5,0.9912280701754386,0.6,0.596420051979227,0.5833333333333333,0.9619883040935673,0.5997779453661807,0.033307045698165894,3,1,113,3,XGBoost,smotenc,1,8
0.95,0.6578947368421052,0.5,0.3333333333333333,0.9824561403508771,0.4,0.3834128905580745,0.375,0.8318713450292398,0.38402659069325734,0.0446355827152729,2,2,112,4,XGBoost,smotenc,1,9
0.9421487603305785,0.6536231884057971,0.4,0.3333333333333333,0.9739130434782609,0.36363636363636365,0.3351176630318999,0.33359559402045635,0.8985507246376812,0.4537037037037037,0.043070029467344284,2,3,112,4,XGBoost,smotenc,2,0
0.9752066115702479,0.8289855072463768,0.8,0.6666666666666666,0.991304347826087,0.7272727272727273,0.7176576368702007,0.7143981117230527,0.9768115942028985,0.7742063492063492,0.02125607617199421,4,1,114,2,XGBoost,smotenc,2,1
0.9338842975206612,0.6967418546365914,0.42857142857142855,0.42857142857142855,0.9649122807017544,0.42857142857142855,0.39348370927318294,0.393483709273183,0.8972431077694236,0.39753550543024224,0.05889737233519554,3,4,110,4,XGBoost,smotenc,2,2
0.9504132231404959,0.8395989974937343,0.5555555555555556,0.7142857142857143,0.9649122807017544,0.625,0.6043208450919978,0.5988950276243094,0.8972431077694235,0.645906432748538,0.04063870385289192,5,4,110,2,XGBoost,smotenc,2,3
0.9752066115702479,0.7857142857142857,1.0,0.5714285714285714,1.0,0.7272727272727273,0.7461746154731859,0.7152941176470589,0.9761904761904763,0.811965811965812,0.022906161844730377,4,0,114,3,XGBoost,smotenc,2,4
0.9421487603305785,0.6340852130325814,0.5,0.2857142857142857,0.9824561403508771,0.36363636363636365,0.3501784379632934,0.33568627450980393,0.9022556390977444,0.33669950738916254,0.05224376916885376,2,2,112,5,XGBoost,smotenc,2,5
0.9421487603305785,0.7011278195488722,0.5,0.42857142857142855,0.9736842105263158,0.46153846153846156,0.4325925554820793,0.4311618535930154,0.9724310776942356,0.5726499690785405,0.03523756563663483,3,3,111,4,XGBoost,smotenc,2,6
0.9586776859504132,0.8439849624060151,0.625,0.7142857142857143,0.9736842105263158,0.6666666666666666,0.6463781742612354,0.6447445684086905,0.9586466165413534,0.6413729128014842,0.04144914448261261,5,3,111,2,XGBoost,smotenc,2,7
0.9583333333333334,0.8201754385964912,0.5714285714285714,0.6666666666666666,0.9736842105263158,0.6153846153846154,0.5954671637658074,0.5934959349593496,0.9707602339181286,0.6313131313131313,0.033425696194171906,4,3,111,2,XGBoost,smotenc,2,8
0.9833333333333333,0.9122807017543859,0.8333333333333334,0.8333333333333334,0.9912280701754386,0.8333333333333334,0.8245614035087719,0.8245614035087719,0.9868421052631579,0.7659090909090909,0.017518622800707817,5,1,113,1,XGBoost,smotenc,2,9
0.9421487603305785,0.7326086956521739,0.42857142857142855,0.5,0.9652173913043478,0.46153846153846156,0.4325925554820793,0.4311618535930154,0.9260869565217392,0.39138499844382196,0.04936471953988075,3,4,111,3,XGBoost,smotenc,3,0
0.9504132231404959,0.894927536231884,0.5,0.8333333333333334,0.9565217391304348,0.625,0.6227453129235471,0.6002202643171807,0.9521739130434783,0.4250841750841751,0.04184884950518608,5,5,110,1,XGBoost,smotenc,3,1
0.9586776859504132,0.7769423558897243,0.6666666666666666,0.5714285714285714,0.9824561403508771,0.6153846153846154,0.5956570390127073,0.5936870382807253,0.9774436090225564,0.7933150183150184,0.028845949098467827,4,2,112,3,XGBoost,smotenc,3,2
0.9421487603305785,0.7011278195488722,0.5,0.42857142857142855,0.9736842105263158,0.46153846153846156,0.4325925554820793,0.4311618535930154,0.8609022556390977,0.5407399114295666,0.047403257340192795,3,3,111,4,XGBoost,smotenc,3,3
0.9586776859504132,0.7769423558897243,0.6666666666666666,0.5714285714285714,0.9824561403508771,0.6153846153846154,0.5956570390127073,0.5936870382807253,0.9624060150375939,0.6614751163623345,0.03839869424700737,4,2,112,3,XGBoost,smotenc,3,4
0.9421487603305785,0.7011278195488722,0.5,0.42857142857142855,0.9736842105263158,0.46153846153846156,0.4325925554820793,0.4311618535930154,0.9674185463659148,0.6492063492063491,0.04803965613245964,3,3,111,4,XGBoost,smotenc,3,5
0.9338842975206612,0.7637844611528821,0.4444444444444444,0.5714285714285714,0.956140350877193,0.5,0.46940788889987284,0.4651933701657458,0.8947368421052632,0.5421092144776356,0.05228579789400101,4,5,109,3,XGBoost,smotenc,3,6
0.9586776859504132,0.7769423558897243,0.6666666666666666,0.5714285714285714,0.9824561403508771,0.6153846153846154,0.5956570390127073,0.5936870382807253,0.9586466165413533,0.6809098639455782,0.03196657821536064,4,2,112,3,XGBoost,smotenc,3,7
0.9666666666666667,0.9035087719298246,0.625,0.8333333333333334,0.9736842105263158,0.7142857142857143,0.7051102404077108,0.696969696969697,0.9780701754385965,0.8809523809523809,0.024190183728933334,5,3,111,1,XGBoost,smotenc,3,8
0.9833333333333333,0.8333333333333333,1.0,0.6666666666666666,1.0,0.8,0.8094272134003795,0.7916666666666666,0.9868421052631579,0.9,0.012614890933036804,4,0,114,2,XGBoost,smotenc,3,9
0.9586776859504132,0.8202898550724638,0.5714285714285714,0.6666666666666666,0.9739130434782609,0.6153846153846154,0.5956570390127073,0.5936870382807253,0.9652173913043478,0.5481481481481482,0.030824918299913406,4,3,112,2,XGBoost,smotenc,4,0
0.9586776859504132,0.8202898550724638,0.5714285714285714,0.6666666666666666,0.9739130434782609,0.6153846153846154,0.5956570390127073,0.5936870382807253,0.9666666666666667,0.8092948717948718,0.031832605600357056,4,3,112,2,XGBoost,smotenc,4,1
0.9669421487603306,0.781328320802005,0.8,0.5714285714285714,0.9912280701754386,0.6666666666666666,0.6599801878951662,0.6497829232995658,0.9812030075187971,0.6697802197802197,0.02747269906103611,4,1,113,3,XGBoost,smotenc,4,2
0.9586776859504132,0.8439849624060151,0.625,0.7142857142857143,0.9736842105263158,0.6666666666666666,0.6463781742612354,0.6447445684086905,0.9837092731829574,0.857142857142857,0.026977067813277245,5,3,111,2,XGBoost,smotenc,4,3
0.9338842975206612,0.6967418546365914,0.42857142857142855,0.42857142857142855,0.9649122807017544,0.42857142857142855,0.39348370927318294,0.393483709273183,0.9197994987468672,0.4478347467069272,0.051910679787397385,3,4,110,4,XGBoost,smotenc,4,4
0.9338842975206612,0.56265664160401,0.3333333333333333,0.14285714285714285,0.9824561403508771,0.2,0.1881468377216009,0.17123287671232879,0.8884711779448622,0.4273809523809523,0.04753663390874863,1,2,112,6,XGBoost,smotenc,4,5
0.9586776859504132,0.7098997493734336,0.75,0.42857142857142855,0.9912280701754386,0.5454545454545454,0.5481765267182397,0.5254901960784313,0.8659147869674185,0.5761880069632208,0.036108456552028656,3,1,113,4,XGBoost,smotenc,4,6
0.9586776859504132,0.7769423558897243,0.6666666666666666,0.5714285714285714,0.9824561403508771,0.6153846153846154,0.5956570390127073,0.5936870382807253,0.9711779448621554,0.5999458874458874,0.03290041908621788,4,2,112,3,XGBoost,smotenc,4,7
0.9333333333333333,0.6491228070175439,0.3333333333333333,0.3333333333333333,0.9649122807017544,0.3333333333333333,0.2982456140350877,0.29824561403508776,0.956140350877193,0.587391774891775,0.048620883375406265,2,4,110,4,XGBoost,smotenc,4,8
0.9666666666666667,0.9035087719298246,0.625,0.8333333333333334,0.9736842105263158,0.7142857142857143,0.7051102404077108,0.696969696969697,0.9634502923976609,0.6301282051282051,0.028433123603463173,5,3,111,1,XGBoost,smotenc,4,9
0.9834710743801653,0.8333333333333333,1.0,0.6666666666666666,1.0,0.8,0.8094878969266034,0.7917383820998278,0.9797101449275363,0.8296568627450981,0.01666431874036789,4,0,115,2,XGBoost,borderline_smote,0,0
0.9669421487603306,0.9036231884057971,0.625,0.8333333333333334,0.9739130434782609,0.7142857142857143,0.7052554234184422,0.6971214017521903,0.9855072463768116,0.6825757575757575,0.024225309491157532,5,3,112,1,XGBoost,borderline_smote,0,1
0.9752066115702479,0.8527568922305764,0.8333333333333334,0.7142857142857143,0.9912280701754386,0.7692307692307693,0.7587215225433354,0.7562122229684352,0.9624060150375939,0.8074404761904761,0.021016769111156464,5,1,113,2,XGBoost,borderline_smote,0,2
0.9338842975206612,0.6967418546365914,0.42857142857142855,0.42857142857142855,0.9649122807017544,0.42857142857142855,0.39348370927318294,0.393483709273183,0.943609022556391,0.532112332112332,0.047642841935157776,3,4,110,4,XGBoost,borderline_smote,0,3
0.9669421487603306,0.8483709273182958,0.7142857142857143,0.7142857142857143,0.9824561403508771,0.7142857142857143,0.6967418546365914,0.6967418546365916,0.9461152882205515,0.744155844155844,0.02708645537495613,5,2,112,2,XGBoost,borderline_smote,0,4
0.9669421487603306,0.8483709273182958,0.7142857142857143,0.7142857142857143,0.9824561403508771,0.7142857142857143,0.6967418546365914,0.6967418546365916,0.9736842105263158,0.831168831168831,0.024994928389787674,5,2,112,2,XGBoost,borderline_smote,0,5
0.9338842975206612,0.6967418546365914,0.42857142857142855,0.42857142857142855,0.9649122807017544,0.42857142857142855,0.39348370927318294,0.393483709273183,0.9273182957393484,0.6149884394565246,0.04413128271698952,3,4,110,4,XGBoost,borderline_smote,0,6
0.9421487603305785,0.7011278195488722,0.5,0.42857142857142855,0.9736842105263158,0.46153846153846156,0.4325925554820793,0.4311618535930154,0.9273182957393484,0.47231635359714175,0.04890812560915947,3,3,111,4,XGBoost,borderline_smote,0,7
0.95,0.736842105263158,0.5,0.5,0.9736842105263158,0.5,0.47368421052631576,0.4736842105263158,0.9400584795321638,0.523015873015873,0.038169946521520615,3,3,111,3,XGBoost,borderline_smote,0,8
0.9666666666666667,0.8245614035087718,0.6666666666666666,0.6666666666666666,0.9824561403508771,0.6666666666666666,0.6491228070175439,0.6491228070175439,0.9502923976608186,0.7296939619520265,0.02498474158346653,4,2,112,2,XGBoost,borderline_smote,0,9
0.9669421487603306,0.9036231884057971,0.625,0.8333333333333334,0.9739130434782609,0.7142857142857143,0.7052554234184422,0.6971214017521903,0.9898550724637681,0.8766233766233765,0.02024851180613041,5,3,112,1,XGBoost,borderline_smote,1,0
0.9586776859504132,0.6623188405797101,0.6666666666666666,0.3333333333333333,0.991304347826087,0.4444444444444444,0.4532333324183035,0.4254510921177588,0.9565217391304348,0.5542328042328042,0.03419839218258858,2,1,114,4,XGBoost,borderline_smote,1,1
0.9586776859504132,0.8439849624060151,0.625,0.7142857142857143,0.9736842105263158,0.6666666666666666,0.6463781742612354,0.6447445684086905,0.9724310776942355,0.614126559714795,0.03421948105096817,5,3,111,2,XGBoost,borderline_smote,1,2
0.9338842975206612,0.8308270676691729,0.45454545454545453,0.7142857142857143,0.9473684210526315,0.5555555555555556,0.537328395407574,0.5217391304347826,0.9598997493734336,0.5219387755102041,0.04759102314710617,5,6,108,2,XGBoost,borderline_smote,1,3
0.9669421487603306,0.8483709273182958,0.7142857142857143,0.7142857142857143,0.9824561403508771,0.7142857142857143,0.6967418546365914,0.6967418546365916,0.9862155388471178,0.7568027210884354,0.026896758005023003,5,2,112,2,XGBoost,borderline_smote,1,4
0.9586776859504132,0.7769423558897243,0.6666666666666666,0.5714285714285714,0.9824561403508771,0.6153846153846154,0.5956570390127073,0.5936870382807253,0.9436090225563909,0.7333207490184235,0.03134365379810333,4,2,112,3,XGBoost,borderline_smote,1,5
0.9421487603305785,0.768170426065163,0.5,0.5714285714285714,0.9649122807017544,0.5333333333333333,0.5039159537045698,0.5026423957721667,0.9360902255639099,0.5572158418023079,0.04490053281188011,4,4,110,3,XGBoost,borderline_smote,1,6
0.9669421487603306,0.781328320802005,0.8,0.5714285714285714,0.9912280701754386,0.6666666666666666,0.6599801878951662,0.6497829232995658,0.9736842105263158,0.8043322592194773,0.023997504264116287,4,1,113,3,XGBoost,borderline_smote,1,7
0.95,0.736842105263158,0.5,0.5,0.9736842105263158,0.5,0.47368421052631576,0.4736842105263158,0.9473684210526316,0.6510073260073259,0.03280743956565857,3,3,111,3,XGBoost,borderline_smote,1,8
0.9416666666666667,0.5745614035087719,0.3333333333333333,0.16666666666666666,0.9824561403508771,0.2222222222222222,0.20817020153834945,0.1954022988505747,0.8888888888888888,0.3744995501574449,0.04866235330700874,1,2,112,5,XGBoost,borderline_smote,1,9
0.9504132231404959,0.7369565217391305,0.5,0.5,0.9739130434782609,0.5,0.47391304347826085,0.4739130434782609,0.9246376811594204,0.5987345987345988,0.037466201931238174,3,3,112,3,XGBoost,borderline_smote,2,0
0.9834710743801653,0.8333333333333333,1.0,0.6666666666666666,1.0,0.8,0.8094878969266034,0.7917383820998278,0.9855072463768116,0.8722222222222222,0.01592043787240982,4,0,115,2,XGBoost,borderline_smote,2,1
0.9173553719008265,0.68796992481203,0.3333333333333333,0.42857142857142855,0.9473684210526315,0.375,0.3344949327077478,0.33149171270718225,0.918546365914787,0.38557439104674124,0.0648193508386612,3,6,108,4,XGBoost,borderline_smote,2,2
0.9586776859504132,0.7769423558897243,0.6666666666666666,0.5714285714285714,0.9824561403508771,0.6153846153846154,0.5956570390127073,0.5936870382807253,0.8934837092731829,0.5143225711337166,0.04304759204387665,4,2,112,3,XGBoost,borderline_smote,2,3
0.9669421487603306,0.7142857142857143,1.0,0.42857142857142855,1.0,0.6,0.6434621850078751,0.5856164383561644,0.9962406015037594,0.947845804988662,0.0210109855979681,3,0,114,4,XGBoost,borderline_smote,2,4
0.9504132231404959,0.6384711779448622,0.6666666666666666,0.2857142857142857,0.9912280701754386,0.4,0.415804511364738,0.3784246575342466,0.8909774436090225,0.444781245831666,0.04855877533555031,2,1,113,5,XGBoost,borderline_smote,2,5
0.9421487603305785,0.768170426065163,0.5,0.5714285714285714,0.9649122807017544,0.5333333333333333,0.5039159537045698,0.5026423957721667,0.9799498746867168,0.7755411255411255,0.02996625378727913,4,4,110,3,XGBoost,borderline_smote,2,6
0.9421487603305785,0.768170426065163,0.5,0.5714285714285714,0.9649122807017544,0.5333333333333333,0.5039159537045698,0.5026423957721667,0.9699248120300752,0.6650270364556079,0.04190320521593094,4,4,110,3,XGBoost,borderline_smote,2,7
0.9666666666666667,0.8245614035087718,0.6666666666666666,0.6666666666666666,0.9824561403508771,0.6666666666666666,0.6491228070175439,0.6491228070175439,0.9576023391812867,0.7448051948051948,0.026437344029545784,4,2,112,2,XGBoost,borderline_smote,2,8
0.9833333333333333,0.9122807017543859,0.8333333333333334,0.8333333333333334,0.9912280701754386,0.8333333333333334,0.8245614035087719,0.8245614035087719,0.9956140350877193,0.9444444444444444,0.012495247647166252,5,1,113,1,XGBoost,borderline_smote,2,9
0.9421487603305785,0.7326086956521739,0.42857142857142855,0.5,0.9652173913043478,0.46153846153846156,0.4325925554820793,0.4311618535930154,0.9376811594202898,0.45507777246907677,0.049556802958250046,3,4,111,3,XGBoost,borderline_smote,3,0
0.9504132231404959,0.894927536231884,0.5,0.8333333333333334,0.9565217391304348,0.625,0.6227453129235471,0.6002202643171807,0.9594202898550726,0.439484126984127,0.04461845010519028,5,5,110,1,XGBoost,borderline_smote,3,1
0.9586776859504132,0.7769423558897243,0.6666666666666666,0.5714285714285714,0.9824561403508771,0.6153846153846154,0.5956570390127073,0.5936870382807253,0.9799498746867168,0.8115646258503402,0.025577083230018616,4,2,112,3,XGBoost,borderline_smote,3,2
0.9504132231404959,0.6384711779448622,0.6666666666666666,0.2857142857142857,0.9912280701754386,0.4,0.415804511364738,0.3784246575342466,0.8596491228070176,0.4769897858133152,0.04243124648928642,2,1,113,5,XGBoost,borderline_smote,3,3
0.9586776859504132,0.7769423558897243,0.6666666666666666,0.5714285714285714,0.9824561403508771,0.6153846153846154,0.5956570390127073,0.5936870382807253,0.9736842105263158,0.7284819190834229,0.030314572155475616,4,2,112,3,XGBoost,borderline_smote,3,4
0.9338842975206612,0.6296992481203008,0.4,0.2857142857142857,0.9736842105263158,0.3333333333333333,0.3042670353993305,0.29956584659913166,0.974937343358396,0.685204081632653,0.03275896981358528,2,3,111,5,XGBoost,borderline_smote,3,5
0.9421487603305785,0.7011278195488722,0.5,0.42857142857142855,0.9736842105263158,0.46153846153846156,0.4325925554820793,0.4311618535930154,0.9147869674185465,0.6032175032175031,0.04389325901865959,3,3,111,4,XGBoost,borderline_smote,3,6
0.9586776859504132,0.7769423558897243,0.6666666666666666,0.5714285714285714,0.9824561403508771,0.6153846153846154,0.5956570390127073,0.5936870382807253,0.968671679197995,0.6998763141620283,0.033119600266218185,4,2,112,3,XGBoost,borderline_smote,3,7
0.9583333333333334,0.8991228070175439,0.5555555555555556,0.8333333333333334,0.9649122807017544,0.6666666666666666,0.6605137270691691,0.6453900709219859,0.9839181286549707,0.892156862745098,0.02125481329858303,5,4,110,1,XGBoost,borderline_smote,3,8
0.9833333333333333,0.9122807017543859,0.8333333333333334,0.8333333333333334,0.9912280701754386,0.8333333333333334,0.8245614035087719,0.8245614035087719,0.9912280701754386,0.8964646464646465,0.0142214335501194,5,1,113,1,XGBoost,borderline_smote,3,9
0.9586776859504132,0.8202898550724638,0.5714285714285714,0.6666666666666666,0.9739130434782609,0.6153846153846154,0.5956570390127073,0.5936870382807253,0.972463768115942,0.7049875505757858,0.031629618257284164,4,3,112,2,XGBoost,borderline_smote,4,0
0.9586776859504132,0.8202898550724638,0.5714285714285714,0.6666666666666666,0.9739130434782609,0.6153846153846154,0.5956570390127073,0.5936870382807253,0.946376811594203,0.7522417153996102,0.030890045687556267,4,3,112,2,XGBoost,borderline_smote,4,1
0.9586776859504132,0.8439849624060151,0.625,0.7142857142857143,0.9736842105263158,0.6666666666666666,0.6463781742612354,0.6447445684086905,0.9862155388471179,0.7023809523809524,0.02516038715839386,5,3,111,2,XGBoost,borderline_smote,4,2
0.9834710743801653,0.8571428571428572,1.0,0.7142857142857143,1.0,0.8333333333333334,0.837836764143084,0.8248914616497829,0.981203007518797,0.8555555555555556,0.01628887839615345,5,0,114,2,XGBoost,borderline_smote,4,3
0.9504132231404959,0.7055137844611529,0.6,0.42857142857142855,0.9824561403508771,0.5,0.4821236116472483,0.47467438494934877,0.9523809523809523,0.649899703471132,0.04103562980890274,3,2,112,4,XGBoost,borderline_smote,4,4
0.9504132231404959,0.7055137844611529,0.6,0.42857142857142855,0.9824561403508771,0.5,0.4821236116472483,0.47467438494934877,0.9373433583959899,0.596560137500904,0.0385761559009552,3,2,112,4,XGBoost,borderline_smote,4,5
0.9586776859504132,0.7098997493734336,0.75,0.42857142857142855,0.9912280701754386,0.5454545454545454,0.5481765267182397,0.5254901960784313,0.8959899749373434,0.5395545314900154,0.03903519734740257,3,1,113,4,XGBoost,borderline_smote,4,6
0.9669421487603306,0.8483709273182958,0.7142857142857143,0.7142857142857143,0.9824561403508771,0.7142857142857143,0.6967418546365914,0.6967418546365916,0.9874686716791979,0.7869614512471654,0.025317715480923653,5,2,112,2,XGBoost,borderline_smote,4,7
0.9416666666666667,0.7324561403508771,0.42857142857142855,0.5,0.9649122807017544,0.46153846153846156,0.4323254750628465,0.43089430894308944,0.9722222222222223,0.611111111111111,0.03569510951638222,3,4,110,3,XGBoost,borderline_smote,4,8
0.9583333333333334,0.8201754385964912,0.5714285714285714,0.6666666666666666,0.9736842105263158,0.6153846153846154,0.5954671637658074,0.5934959349593496,0.9605263157894738,0.6594444444444445,0.02964959666132927,4,3,111,2,XGBoost,borderline_smote,4,9
0.9834710743801653,0.8333333333333333,1.0,0.6666666666666666,1.0,0.8,0.8094878969266034,0.7917383820998278,0.9768115942028985,0.8027777777777777,0.017854971811175346,4,0,115,2,XGBoost,adasyn,0,0
0.9752066115702479,0.9869565217391305,0.6666666666666666,1.0,0.9739130434782609,0.8,0.8057762482965358,0.7873462214411248,0.9855072463768116,0.6607142857142857,0.023446669802069664,6,3,112,0,XGBoost,adasyn,0,1
0.9752066115702479,0.7857142857142857,1.0,0.5714285714285714,1.0,0.7272727272727273,0.7461746154731859,0.7152941176470589,0.9736842105263158,0.8598901098901099,0.020492704585194588,4,0,114,3,XGBoost,adasyn,0,2
0.9338842975206612,0.6967418546365914,0.42857142857142855,0.42857142857142855,0.9649122807017544,0.42857142857142855,0.39348370927318294,0.393483709273183,0.9360902255639099,0.5017268445839874,0.04897260665893555,3,4,110,4,XGBoost,adasyn,0,3
0.9586776859504132,0.8439849624060151,0.625,0.7142857142857143,0.9736842105263158,0.6666666666666666,0.6463781742612354,0.6447445684086905,0.949874686716792,0.7297535797535797,0.030294854193925858,5,3,111,2,XGBoost,adasyn,0,4
0.9669421487603306,0.8483709273182958,0.7142857142857143,0.7142857142857143,0.9824561403508771,0.7142857142857143,0.6967418546365914,0.6967418546365916,0.974937343358396,0.7931122448979593,0.028919465839862823,5,2,112,2,XGBoost,adasyn,0,5
0.9338842975206612,0.6967418546365914,0.42857142857142855,0.42857142857142855,0.9649122807017544,0.42857142857142855,0.39348370927318294,0.393483709273183,0.9423558897243107,0.6543650793650793,0.04194307699799538,3,4,110,4,XGBoost,adasyn,0,6
0.9421487603305785,0.6340852130325814,0.5,0.2857142857142857,0.9824561403508771,0.36363636363636365,0.3501784379632934,0.33568627450980393,0.9122807017543859,0.4640727835849787,0.04919654130935669,2,2,112,5,XGBoost,adasyn,0,7
0.95,0.6578947368421052,0.5,0.3333333333333333,0.9824561403508771,0.4,0.3834128905580745,0.375,0.9195906432748537,0.45396825396825397,0.04223077371716499,2,2,112,4,XGBoost,adasyn,0,8
0.9833333333333333,0.8333333333333333,1.0,0.6666666666666666,1.0,0.8,0.8094272134003795,0.7916666666666666,0.9707602339181287,0.7976190476190476,0.019850578159093857,4,0,114,2,XGBoost,adasyn,0,9
0.9917355371900827,0.9166666666666667,1.0,0.8333333333333334,1.0,0.9090909090909091,0.9089276237893511,0.9047993705743509,0.9898550724637681,0.9102564102564102,0.013338360004127026,5,0,115,1,XGBoost,adasyn,1,0
0.9504132231404959,0.6579710144927536,0.5,0.3333333333333333,0.9826086956521739,0.4,0.38362687289130337,0.3752151462994836,0.9449275362318841,0.6133292633292633,0.03171490505337715,2,2,113,4,XGBoost,adasyn,1,1
0.9586776859504132,0.8439849624060151,0.625,0.7142857142857143,0.9736842105263158,0.6666666666666666,0.6463781742612354,0.6447445684086905,0.9674185463659147,0.5862554112554113,0.03823041915893555,5,3,111,2,XGBoost,adasyn,1,2
0.9256198347107438,0.8264411027568923,0.4166666666666667,0.7142857142857143,0.9385964912280702,0.5263157894736842,0.5099556473733603,0.4889723134678554,0.9611528822055139,0.5266483516483516,0.04854976758360863,5,7,107,2,XGBoost,adasyn,1,3
0.9586776859504132,0.8439849624060151,0.625,0.7142857142857143,0.9736842105263158,0.6666666666666666,0.6463781742612354,0.6447445684086905,0.9761904761904763,0.5852564102564103,0.03244869038462639,5,3,111,2,XGBoost,adasyn,1,4
0.9586776859504132,0.7769423558897243,0.6666666666666666,0.5714285714285714,0.9824561403508771,0.6153846153846154,0.5956570390127073,0.5936870382807253,0.9436090225563909,0.6796932742054693,0.034177351742982864,4,2,112,3,XGBoost,adasyn,1,5
0.9421487603305785,0.768170426065163,0.5,0.5714285714285714,0.9649122807017544,0.5333333333333333,0.5039159537045698,0.5026423957721667,0.949874686716792,0.6059113300492611,0.04136986285448074,4,4,110,3,XGBoost,adasyn,1,6
0.9752066115702479,0.7857142857142857,1.0,0.5714285714285714,1.0,0.7272727272727273,0.7461746154731859,0.7152941176470589,0.9749373433583959,0.7854718810601165,0.0255730077624321,4,0,114,3,XGBoost,adasyn,1,7
0.9666666666666667,0.7456140350877193,0.75,0.5,0.9912280701754386,0.6,0.596420051979227,0.5833333333333333,0.9415204678362573,0.6879120879120879,0.02824528142809868,3,1,113,3,XGBoost,adasyn,1,8
0.9416666666666667,0.5745614035087719,0.3333333333333333,0.16666666666666666,0.9824561403508771,0.2222222222222222,0.20817020153834945,0.1954022988505747,0.9108187134502924,0.3950090744101633,0.048644766211509705,1,2,112,5,XGBoost,adasyn,1,9
0.9504132231404959,0.7369565217391305,0.5,0.5,0.9739130434782609,0.5,0.47391304347826085,0.4739130434782609,0.9289855072463769,0.5382205513784462,0.04007110744714737,3,3,112,3,XGBoost,adasyn,2,0
0.9752066115702479,0.8289855072463768,0.8,0.6666666666666666,0.991304347826087,0.7272727272727273,0.7176576368702007,0.7143981117230527,0.972463768115942,0.7916666666666666,0.020152753219008446,4,1,114,2,XGBoost,adasyn,2,1
0.9338842975206612,0.6967418546365914,0.42857142857142855,0.42857142857142855,0.9649122807017544,0.42857142857142855,0.39348370927318294,0.393483709273183,0.9197994987468672,0.3686380906877801,0.06024739891290665,3,4,110,4,XGBoost,adasyn,2,2
0.9586776859504132,0.7769423558897243,0.6666666666666666,0.5714285714285714,0.9824561403508771,0.6153846153846154,0.5956570390127073,0.5936870382807253,0.899749373433584,0.5947845804988662,0.040872249752283096,4,2,112,3,XGBoost,adasyn,2,3
0.9669421487603306,0.7142857142857143,1.0,0.42857142857142855,1.0,0.6,0.6434621850078751,0.5856164383561644,0.9849624060150376,0.8666666666666667,0.02209230698645115,3,0,114,4,XGBoost,adasyn,2,4
0.9504132231404959,0.6384711779448622,0.6666666666666666,0.2857142857142857,0.9912280701754386,0.4,0.415804511364738,0.3784246575342466,0.9085213032581454,0.48149737167594303,0.04413142055273056,2,1,113,5,XGBoost,adasyn,2,5
0.9669421487603306,0.9824561403508771,0.6363636363636364,1.0,0.9649122807017544,0.7777777777777778,0.7836039099693788,0.7608695652173914,0.981203007518797,0.7155122655122654,0.02565869502723217,7,4,110,0,XGBoost,adasyn,2,6
0.9504132231404959,0.8395989974937343,0.5555555555555556,0.7142857142857143,0.9649122807017544,0.625,0.6043208450919978,0.5988950276243094,0.9724310776942356,0.6752834467120181,0.04159868508577347,5,4,110,2,XGBoost,adasyn,2,7
0.9666666666666667,0.8245614035087718,0.6666666666666666,0.6666666666666666,0.9824561403508771,0.6666666666666666,0.6491228070175439,0.6491228070175439,0.9619883040935673,0.780885780885781,0.024122456088662148,4,2,112,2,XGBoost,adasyn,2,8
0.9833333333333333,0.9122807017543859,0.8333333333333334,0.8333333333333334,0.9912280701754386,0.8333333333333334,0.8245614035087719,0.8245614035087719,0.9941520467836258,0.9166666666666666,0.013928775675594807,5,1,113,1,XGBoost,adasyn,2,9
0.9421487603305785,0.7326086956521739,0.42857142857142855,0.5,0.9652173913043478,0.46153846153846156,0.4325925554820793,0.4311618535930154,0.9391304347826086,0.39268461007591443,0.05192362889647484,3,4,111,3,XGBoost,adasyn,3,0
0.9586776859504132,0.8992753623188405,0.5555555555555556,0.8333333333333334,0.9652173913043478,0.6666666666666666,0.660688560731237,0.645577035735208,0.9594202898550726,0.4711640211640211,0.041874319314956665,5,4,111,1,XGBoost,adasyn,3,1
0.9586776859504132,0.7769423558897243,0.6666666666666666,0.5714285714285714,0.9824561403508771,0.6153846153846154,0.5956570390127073,0.5936870382807253,0.9799498746867168,0.7845238095238094,0.02850155718624592,4,2,112,3,XGBoost,adasyn,3,2
0.9586776859504132,0.7098997493734336,0.75,0.42857142857142855,0.9912280701754386,0.5454545454545454,0.5481765267182397,0.5254901960784313,0.8796992481203008,0.5214803092954353,0.041672684252262115,3,1,113,4,XGBoost,adasyn,3,3
0.9586776859504132,0.7769423558897243,0.6666666666666666,0.5714285714285714,0.9824561403508771,0.6153846153846154,0.5956570390127073,0.5936870382807253,0.9761904761904762,0.7219696969696969,0.033339597284793854,4,2,112,3,XGBoost,adasyn,3,4
0.9504132231404959,0.7055137844611529,0.6,0.42857142857142855,0.9824561403508771,0.5,0.4821236116472483,0.47467438494934877,0.968671679197995,0.684408532152893,0.032626498490571976,3,2,112,4,XGBoost,adasyn,3,5
0.9338842975206612,0.6967418546365914,0.42857142857142855,0.42857142857142855,0.9649122807017544,0.42857142857142855,0.39348370927318294,0.393483709273183,0.9035087719298245,0.5524513568868408,0.051113344728946686,3,4,110,4,XGBoost,adasyn,3,6
0.9669421487603306,0.8483709273182958,0.7142857142857143,0.7142857142857143,0.9824561403508771,0.7142857142857143,0.6967418546365914,0.6967418546365916,0.9774436090225564,0.78562477622628,0.024279575794935226,5,2,112,2,XGBoost,adasyn,3,7
0.975,0.9078947368421053,0.7142857142857143,0.8333333333333334,0.9824561403508771,0.7692307692307693,0.7586088524687684,0.7560975609756098,0.9839181286549707,0.892156862745098,0.018427252769470215,5,2,112,1,XGBoost,adasyn,3,8
0.9833333333333333,0.9122807017543859,0.8333333333333334,0.8333333333333334,0.9912280701754386,0.8333333333333334,0.8245614035087719,0.8245614035087719,0.9853801169590644,0.8722222222222222,0.015369942411780357,5,1,113,1,XGBoost,adasyn,3,9
0.9504132231404959,0.7369565217391305,0.5,0.5,0.9739130434782609,0.5,0.47391304347826085,0.4739130434782609,0.9666666666666666,0.6313352826510721,0.028611062094569206,3,3,112,3,XGBoost,adasyn,4,0
0.9669421487603306,0.8246376811594203,0.6666666666666666,0.6666666666666666,0.9826086956521739,0.6666666666666666,0.6492753623188405,0.6492753623188405,0.9463768115942028,0.7694512694512695,0.02975497394800186,4,2,113,2,XGBoost,adasyn,4,1
0.9586776859504132,0.8439849624060151,0.625,0.7142857142857143,0.9736842105263158,0.6666666666666666,0.6463781742612354,0.6447445684086905,0.9849624060150376,0.685374149659864,0.029600879177451134,5,3,111,2,XGBoost,adasyn,4,2
0.9752066115702479,0.8527568922305764,0.8333333333333334,0.7142857142857143,0.9912280701754386,0.7692307692307693,0.7587215225433354,0.7562122229684352,0.9837092731829573,0.8625,0.019746648147702217,5,1,113,2,XGBoost,adasyn,4,3
0.9421487603305785,0.7011278195488722,0.5,0.42857142857142855,0.9736842105263158,0.46153846153846156,0.4325925554820793,0.4311618535930154,0.9461152882205515,0.5486394557823129,0.04570025950670242,3,3,111,4,XGBoost,adasyn,4,4
0.9504132231404959,0.7055137844611529,0.6,0.42857142857142855,0.9824561403508771,0.5,0.4821236116472483,0.47467438494934877,0.9348370927318296,0.5392857142857143,0.04168126732110977,3,2,112,4,XGBoost,adasyn,4,5
0.9586776859504132,0.7098997493734336,0.75,0.42857142857142855,0.9912280701754386,0.5454545454545454,0.5481765267182397,0.5254901960784313,0.9110275689223057,0.5321987436464226,0.04037775844335556,3,1,113,4,XGBoost,adasyn,4,6
0.9669421487603306,0.8483709273182958,0.7142857142857143,0.7142857142857143,0.9824561403508771,0.7142857142857143,0.6967418546365914,0.6967418546365916,0.9874686716791979,0.7869614512471654,0.025135759264230728,5,2,112,2,XGBoost,adasyn,4,7
0.95,0.8157894736842105,0.5,0.6666666666666666,0.9649122807017544,0.5714285714285714,0.5518254055364693,0.5454545454545454,0.9619883040935673,0.5233516483516484,0.04435797780752182,4,4,110,2,XGBoost,adasyn,4,8
0.9583333333333334,0.8201754385964912,0.5714285714285714,0.6666666666666666,0.9736842105263158,0.6153846153846154,0.5954671637658074,0.5934959349593496,0.942982456140351,0.6464714714714714,0.03202613443136215,4,3,111,2,XGBoost,adasyn,4,9
