accuracy,balanced_accuracy,precision,recall,specificity,f1,mcc,kappa,roc_auc,pr_auc,brier,tp,fp,tn,fn,Not At-Risk|precision,Not At-Risk|recall,Not At-Risk|f1,At-Risk|precision,At-Risk|recall,At-Risk|f1,model,rep,fold,threshold,thr_value,best_params
0.9834710743801653,0.8333333333333333,1.0,0.6666666666666666,1.0,0.8,0.8094878969266034,0.7917383820998278,0.9666666666666667,0.8412698412698413,0.020530405320610973,4,0,115,2,0.9829059829059829,1.0,0.9913793103448276,1.0,0.6666666666666666,0.8,Logistic Regression,0,0,0.5,0.5,{'clf__C': 100}
0.9752066115702479,0.8289855072463768,0.8,0.6666666666666666,0.991304347826087,0.7272727272727273,0.7176576368702007,0.7143981117230527,0.9666666666666667,0.8412698412698413,0.020530405320610973,4,1,114,2,0.9827586206896551,0.991304347826087,0.987012987012987,0.8,0.6666666666666666,0.7272727272727273,Logistic Regression,0,0,tuned,0.4721971154763978,{'clf__C': 100}
0.9586776859504132,0.9782608695652174,0.5454545454545454,1.0,0.9565217391304348,0.7058823529411765,0.7223151185146153,0.6857142857142857,0.9826086956521739,0.6478535353535353,0.027293278569810505,6,5,110,0,1.0,0.9565217391304348,0.9777777777777777,0.5454545454545454,1.0,0.7058823529411765,Logistic Regression,0,1,0.5,0.5,{'clf__C': 100}
0.9586776859504132,0.9782608695652174,0.5454545454545454,1.0,0.9565217391304348,0.7058823529411765,0.7223151185146153,0.6857142857142857,0.9826086956521739,0.6478535353535353,0.027293278569810505,6,5,110,0,1.0,0.9565217391304348,0.9777777777777777,0.5454545454545454,1.0,0.7058823529411765,Logistic Regression,0,1,tuned,0.4084312990236528,{'clf__C': 100}
0.9586776859504132,0.6428571428571428,1.0,0.2857142857142857,1.0,0.4444444444444444,0.5231725181940632,0.4297832233741753,0.968671679197995,0.7321661998132587,0.03105297210701435,2,0,114,5,0.957983193277311,1.0,0.9785407725321889,1.0,0.2857142857142857,0.4444444444444444,Logistic Regression,0,2,0.5,0.5,{'clf__C': 10}
0.9669421487603306,0.8483709273182958,0.7142857142857143,0.7142857142857143,0.9824561403508771,0.7142857142857143,0.6967418546365914,0.6967418546365916,0.968671679197995,0.7321661998132587,0.03105297210701435,5,2,112,2,0.9824561403508771,0.9824561403508771,0.9824561403508771,0.7142857142857143,0.7142857142857143,0.7142857142857143,Logistic Regression,0,2,tuned,0.14824238649767013,{'clf__C': 10}
0.9421487603305785,0.6340852130325814,0.5,0.2857142857142857,0.9824561403508771,0.36363636363636365,0.3501784379632934,0.33568627450980393,0.9536340852130325,0.6066017316017316,0.0387991053423715,2,2,112,5,0.9572649572649573,0.9824561403508771,0.9696969696969697,0.5,0.2857142857142857,0.36363636363636365,Logistic Regression,0,3,0.5,0.5,{'clf__C': 100}
0.9256198347107438,0.6923558897243107,0.375,0.42857142857142855,0.956140350877193,0.4,0.361453733147904,0.36054022313564293,0.9536340852130325,0.6066017316017316,0.0387991053423715,3,5,109,4,0.9646017699115044,0.956140350877193,0.960352422907489,0.375,0.42857142857142855,0.4,Logistic Regression,0,3,tuned,0.30042076307946297,{'clf__C': 100}
0.9752066115702479,0.8527568922305764,0.8333333333333334,0.7142857142857143,0.9912280701754386,0.7692307692307693,0.7587215225433354,0.7562122229684352,0.9636591478696741,0.8146567717996289,0.019002971339136757,5,1,113,2,0.9826086956521739,0.9912280701754386,0.9868995633187773,0.8333333333333334,0.7142857142857143,0.7692307692307693,Logistic Regression,0,4,0.5,0.5,{'clf__C': 100}
0.9669421487603306,0.9154135338345865,0.6666666666666666,0.8571428571428571,0.9736842105263158,0.75,0.7392338012841227,0.7325966850828729,0.9636591478696741,0.8146567717996289,0.019002971339136757,6,3,111,1,0.9910714285714286,0.9736842105263158,0.9823008849557522,0.6666666666666666,0.8571428571428571,0.75,Logistic Regression,0,4,tuned,0.20453783095726677,{'clf__C': 100}
0.9586776859504132,0.8439849624060151,0.625,0.7142857142857143,0.9736842105263158,0.6666666666666666,0.6463781742612354,0.6447445684086905,0.9699248120300752,0.7935279374907858,0.0305704781237229,5,3,111,2,0.9823008849557522,0.9736842105263158,0.9779735682819384,0.625,0.7142857142857143,0.6666666666666666,Logistic Regression,0,5,0.5,0.5,{'clf__C': 100}
0.9586776859504132,0.8439849624060151,0.625,0.7142857142857143,0.9736842105263158,0.6666666666666666,0.6463781742612354,0.6447445684086905,0.9699248120300752,0.7935279374907858,0.0305704781237229,5,3,111,2,0.9823008849557522,0.9736842105263158,0.9779735682819384,0.625,0.7142857142857143,0.6666666666666666,Logistic Regression,0,5,tuned,0.5013799103717991,{'clf__C': 100}
0.9586776859504132,0.7769423558897243,0.6666666666666666,0.5714285714285714,0.9824561403508771,0.6153846153846154,0.5956570390127073,0.5936870382807253,0.9573934837092731,0.689969078540507,0.03107278749589834,4,2,112,3,0.9739130434782609,0.9824561403508771,0.9781659388646288,0.6666666666666666,0.5714285714285714,0.6153846153846154,Logistic Regression,0,6,0.5,0.5,{'clf__C': 100}
0.9504132231404959,0.7725563909774436,0.5714285714285714,0.5714285714285714,0.9736842105263158,0.5714285714285714,0.5451127819548872,0.5451127819548872,0.9573934837092731,0.689969078540507,0.03107278749589834,4,3,111,3,0.9736842105263158,0.9736842105263158,0.9736842105263158,0.5714285714285714,0.5714285714285714,0.5714285714285714,Logistic Regression,0,6,tuned,0.33551881875026796,{'clf__C': 100}
0.9421487603305785,0.5670426065162907,0.5,0.14285714285714285,0.9912280701754386,0.2222222222222222,0.2455239449419507,0.20169651272384537,0.9649122807017544,0.5397435897435898,0.04005144442767003,1,1,113,6,0.9495798319327731,0.9912280701754386,0.9699570815450643,0.5,0.14285714285714285,0.2222222222222222,Logistic Regression,0,7,0.5,0.5,{'clf__C': 10}
0.9504132231404959,0.7055137844611529,0.6,0.42857142857142855,0.9824561403508771,0.5,0.4821236116472483,0.47467438494934877,0.9649122807017544,0.5397435897435898,0.04005144442767003,3,2,112,4,0.9655172413793104,0.9824561403508771,0.9739130434782609,0.6,0.42857142857142855,0.5,Logistic Regression,0,7,tuned,0.2627712213957097,{'clf__C': 10}
0.9583333333333334,0.7412280701754386,0.6,0.5,0.9824561403508771,0.5454545454545454,0.5262013605584338,0.5238095238095238,0.9517543859649122,0.5965277777777778,0.03365533853006904,3,2,112,3,0.9739130434782609,0.9824561403508771,0.9781659388646288,0.6,0.5,0.5454545454545454,Logistic Regression,0,8,0.5,0.5,{'clf__C': 100}
0.9416666666666667,0.7324561403508771,0.42857142857142855,0.5,0.9649122807017544,0.46153846153846156,0.4323254750628465,0.43089430894308944,0.9517543859649122,0.5965277777777778,0.03365533853006904,3,4,110,3,0.9734513274336283,0.9649122807017544,0.9691629955947136,0.42857142857142855,0.5,0.46153846153846156,Logistic Regression,0,8,tuned,0.3752631991067228,{'clf__C': 100}
0.9666666666666667,0.7456140350877193,0.75,0.5,0.9912280701754386,0.6,0.596420051979227,0.5833333333333333,0.9736842105263157,0.7652777777777777,0.02615554507752936,3,1,113,3,0.9741379310344828,0.9912280701754386,0.9826086956521739,0.75,0.5,0.6,Logistic Regression,0,9,0.5,0.5,{'clf__C': 100}
0.9666666666666667,0.7456140350877193,0.75,0.5,0.9912280701754386,0.6,0.596420051979227,0.5833333333333333,0.9736842105263157,0.7652777777777777,0.02615554507752936,3,1,113,3,0.9741379310344828,0.9912280701754386,0.9826086956521739,0.75,0.5,0.6,Logistic Regression,0,9,tuned,0.32969458460081463,{'clf__C': 100}
0.9834710743801653,0.9123188405797102,0.8333333333333334,0.8333333333333334,0.991304347826087,0.8333333333333334,0.8246376811594203,0.8246376811594203,0.9768115942028985,0.8787878787878788,0.019374544392791945,5,1,114,1,0.991304347826087,0.991304347826087,0.991304347826087,0.8333333333333334,0.8333333333333334,0.8333333333333334,Logistic Regression,1,0,0.5,0.5,{'clf__C': 10}
0.9669421487603306,0.9036231884057971,0.625,0.8333333333333334,0.9739130434782609,0.7142857142857143,0.7052554234184422,0.6971214017521903,0.9768115942028985,0.8787878787878788,0.019374544392791945,5,3,112,1,0.9911504424778761,0.9739130434782609,0.9824561403508771,0.625,0.8333333333333334,0.7142857142857143,Logistic Regression,1,0,tuned,0.44361801696645026,{'clf__C': 10}
0.9586776859504132,0.5833333333333334,1.0,0.16666666666666666,1.0,0.2857142857142857,0.39965262694272663,0.27544910179640714,0.9666666666666667,0.6305194805194805,0.029905269317931398,1,0,115,5,0.9583333333333334,1.0,0.9787234042553191,1.0,0.16666666666666666,0.2857142857142857,Logistic Regression,1,1,0.5,0.5,{'clf__C': 10}
0.9338842975206612,0.7282608695652174,0.375,0.5,0.9565217391304348,0.42857142857142855,0.3988428337106091,0.39424280350438057,0.9666666666666667,0.6305194805194805,0.029905269317931398,3,5,110,3,0.9734513274336283,0.9565217391304348,0.9649122807017544,0.375,0.5,0.42857142857142855,Logistic Regression,1,1,tuned,0.2675143202336442,{'clf__C': 10}
0.9504132231404959,0.7725563909774436,0.5714285714285714,0.5714285714285714,0.9736842105263158,0.5714285714285714,0.5451127819548872,0.5451127819548872,0.9724310776942355,0.70006105006105,0.03164554123659245,4,3,111,3,0.9736842105263158,0.9736842105263158,0.9736842105263158,0.5714285714285714,0.5714285714285714,0.5714285714285714,Logistic Regression,1,2,0.5,0.5,{'clf__C': 100}
0.9421487603305785,0.768170426065163,0.5,0.5714285714285714,0.9649122807017544,0.5333333333333333,0.5039159537045698,0.5026423957721667,0.9724310776942355,0.70006105006105,0.03164554123659245,4,4,110,3,0.9734513274336283,0.9649122807017544,0.9691629955947136,0.5,0.5714285714285714,0.5333333333333333,Logistic Regression,1,2,tuned,0.4878492731953637,{'clf__C': 100}
0.9421487603305785,0.7011278195488722,0.5,0.42857142857142855,0.9736842105263158,0.46153846153846156,0.4325925554820793,0.4311618535930154,0.9423558897243108,0.5104700854700854,0.04625658303671136,3,3,111,4,0.9652173913043478,0.9736842105263158,0.9694323144104804,0.5,0.42857142857142855,0.46153846153846156,Logistic Regression,1,3,0.5,0.5,{'clf__C': 100}
0.9090909090909091,0.7506265664160401,0.3333333333333333,0.5714285714285714,0.9298245614035088,0.42105263157894735,0.3915206505745568,0.37541060534960113,0.9423558897243108,0.5104700854700854,0.04625658303671136,4,8,106,3,0.9724770642201835,0.9298245614035088,0.9506726457399103,0.3333333333333333,0.5714285714285714,0.42105263157894735,Logistic Regression,1,3,tuned,0.327108786963758,{'clf__C': 100}
0.9669421487603306,0.781328320802005,0.8,0.5714285714285714,0.9912280701754386,0.6666666666666666,0.6599801878951662,0.6497829232995658,0.9887218045112782,0.848051948051948,0.02186475352155823,4,1,113,3,0.9741379310344828,0.9912280701754386,0.9826086956521739,0.8,0.5714285714285714,0.6666666666666666,Logistic Regression,1,4,0.5,0.5,{'clf__C': 10}
0.9669421487603306,0.8483709273182958,0.7142857142857143,0.7142857142857143,0.9824561403508771,0.7142857142857143,0.6967418546365914,0.6967418546365916,0.9887218045112782,0.848051948051948,0.02186475352155823,5,2,112,2,0.9824561403508771,0.9824561403508771,0.9824561403508771,0.7142857142857143,0.7142857142857143,0.7142857142857143,Logistic Regression,1,4,tuned,0.3909249792202864,{'clf__C': 10}
0.9669421487603306,0.781328320802005,0.8,0.5714285714285714,0.9912280701754386,0.6666666666666666,0.6599801878951662,0.6497829232995658,0.9724310776942355,0.8206122448979591,0.02548758538903116,4,1,113,3,0.9741379310344828,0.9912280701754386,0.9826086956521739,0.8,0.5714285714285714,0.6666666666666666,Logistic Regression,1,5,0.5,0.5,{'clf__C': 100}
0.9669421487603306,0.9154135338345865,0.6666666666666666,0.8571428571428571,0.9736842105263158,0.75,0.7392338012841227,0.7325966850828729,0.9724310776942355,0.8206122448979591,0.02548758538903116,6,3,111,1,0.9910714285714286,0.9736842105263158,0.9823008849557522,0.6666666666666666,0.8571428571428571,0.75,Logistic Regression,1,5,tuned,0.24073240710841984,{'clf__C': 100}
0.9586776859504132,0.7098997493734336,0.75,0.42857142857142855,0.9912280701754386,0.5454545454545454,0.5481765267182397,0.5254901960784313,0.9398496240601504,0.6427128427128427,0.03460068518915479,3,1,113,4,0.9658119658119658,0.9912280701754386,0.9783549783549783,0.75,0.42857142857142855,0.5454545454545454,Logistic Regression,1,6,0.5,0.5,{'clf__C': 10}
0.9504132231404959,0.7055137844611529,0.6,0.42857142857142855,0.9824561403508771,0.5,0.4821236116472483,0.47467438494934877,0.9398496240601504,0.6427128427128427,0.03460068518915479,3,2,112,4,0.9655172413793104,0.9824561403508771,0.9739130434782609,0.6,0.42857142857142855,0.5,Logistic Regression,1,6,tuned,0.4324489559496513,{'clf__C': 10}
0.9752066115702479,0.7857142857142857,1.0,0.5714285714285714,1.0,0.7272727272727273,0.7461746154731859,0.7152941176470589,0.9736842105263158,0.7763347763347763,0.026096312921728197,4,0,114,3,0.9743589743589743,1.0,0.987012987012987,1.0,0.5714285714285714,0.7272727272727273,Logistic Regression,1,7,0.5,0.5,{'clf__C': 100}
0.9752066115702479,0.7857142857142857,1.0,0.5714285714285714,1.0,0.7272727272727273,0.7461746154731859,0.7152941176470589,0.9736842105263158,0.7763347763347763,0.026096312921728197,4,0,114,3,0.9743589743589743,1.0,0.987012987012987,1.0,0.5714285714285714,0.7272727272727273,Logistic Regression,1,7,tuned,0.49799848195502955,{'clf__C': 100}
0.975,0.75,1.0,0.5,1.0,0.6666666666666666,0.6979824404521128,0.6551724137931034,0.9649122807017544,0.8078703703703705,0.022208210819884507,3,0,114,3,0.9743589743589743,1.0,0.987012987012987,1.0,0.5,0.6666666666666666,Logistic Regression,1,8,0.5,0.5,{'clf__C': 100}
0.9666666666666667,0.6666666666666666,1.0,0.3333333333333333,1.0,0.5,0.567480306535024,0.4871794871794872,0.9649122807017544,0.8078703703703705,0.022208210819884507,2,0,114,4,0.9661016949152542,1.0,0.9827586206896551,1.0,0.3333333333333333,0.5,Logistic Regression,1,8,tuned,0.5664078755491334,{'clf__C': 100}
0.9583333333333334,0.6622807017543859,0.6666666666666666,0.3333333333333333,0.9912280701754386,0.4444444444444444,0.45307632099523115,0.425287356321839,0.9649122807017544,0.6645927601809954,0.030403904084136044,2,1,113,4,0.9658119658119658,0.9912280701754386,0.9783549783549783,0.6666666666666666,0.3333333333333333,0.4444444444444444,Logistic Regression,1,9,0.5,0.5,{'clf__C': 10}
0.9583333333333334,0.6622807017543859,0.6666666666666666,0.3333333333333333,0.9912280701754386,0.4444444444444444,0.45307632099523115,0.425287356321839,0.9649122807017544,0.6645927601809954,0.030403904084136044,2,1,113,4,0.9658119658119658,0.9912280701754386,0.9783549783549783,0.6666666666666666,0.3333333333333333,0.4444444444444444,Logistic Regression,1,9,tuned,0.5174076679242829,{'clf__C': 10}
0.9421487603305785,0.5746376811594203,0.3333333333333333,0.16666666666666666,0.9826086956521739,0.2222222222222222,0.2084063983887735,0.19563152896486236,0.9579710144927537,0.5436507936507936,0.03365106036447724,1,2,113,5,0.9576271186440678,0.9826086956521739,0.9699570815450643,0.3333333333333333,0.16666666666666666,0.2222222222222222,Logistic Regression,2,0,0.5,0.5,{'clf__C': 100}
0.9504132231404959,0.6579710144927536,0.5,0.3333333333333333,0.9826086956521739,0.4,0.38362687289130337,0.3752151462994836,0.9579710144927537,0.5436507936507936,0.03365106036447724,2,2,113,4,0.9658119658119658,0.9826086956521739,0.9741379310344828,0.5,0.3333333333333333,0.4,Logistic Regression,2,0,tuned,0.4824793073173053,{'clf__C': 100}
0.9752066115702479,0.8289855072463768,0.8,0.6666666666666666,0.991304347826087,0.7272727272727273,0.7176576368702007,0.7143981117230527,0.9884057971014493,0.8617424242424242,0.016316171640539417,4,1,114,2,0.9827586206896551,0.991304347826087,0.987012987012987,0.8,0.6666666666666666,0.7272727272727273,Logistic Regression,2,1,0.5,0.5,{'clf__C': 100}
0.9752066115702479,0.8289855072463768,0.8,0.6666666666666666,0.991304347826087,0.7272727272727273,0.7176576368702007,0.7143981117230527,0.9884057971014493,0.8617424242424242,0.016316171640539417,4,1,114,2,0.9827586206896551,0.991304347826087,0.987012987012987,0.8,0.6666666666666666,0.7272727272727273,Logistic Regression,2,1,tuned,0.5135626744925816,{'clf__C': 100}
0.9090909090909091,0.4824561403508772,0.0,0.0,0.9649122807017544,0.0,-0.04581773954659914,-0.043921568627451,0.9223057644110275,0.30520835606970065,0.056809937716127676,0,4,110,7,0.9401709401709402,0.9649122807017544,0.9523809523809523,0.0,0.0,0.0,Logistic Regression,2,2,0.5,0.5,{'clf__C': 100}
0.9090909090909091,0.4824561403508772,0.0,0.0,0.9649122807017544,0.0,-0.04581773954659914,-0.043921568627451,0.9223057644110275,0.30520835606970065,0.056809937716127676,0,4,110,7,0.9401709401709402,0.9649122807017544,0.9523809523809523,0.0,0.0,0.0,Logistic Regression,2,2,tuned,0.5448255279896125,{'clf__C': 100}
0.9752066115702479,0.7857142857142857,1.0,0.5714285714285714,1.0,0.7272727272727273,0.7461746154731859,0.7152941176470589,0.9486215538847118,0.7698979591836734,0.024855342553652113,4,0,114,3,0.9743589743589743,1.0,0.987012987012987,1.0,0.5714285714285714,0.7272727272727273,Logistic Regression,2,3,0.5,0.5,{'clf__C': 100}
0.9752066115702479,0.7857142857142857,1.0,0.5714285714285714,1.0,0.7272727272727273,0.7461746154731859,0.7152941176470589,0.9486215538847118,0.7698979591836734,0.024855342553652113,4,0,114,3,0.9743589743589743,1.0,0.987012987012987,1.0,0.5714285714285714,0.7272727272727273,Logistic Regression,2,3,tuned,0.5056551227238841,{'clf__C': 100}
0.9752066115702479,0.7857142857142857,1.0,0.5714285714285714,1.0,0.7272727272727273,0.7461746154731859,0.7152941176470589,0.993734335839599,0.9214285714285715,0.02282910097360495,4,0,114,3,0.9743589743589743,1.0,0.987012987012987,1.0,0.5714285714285714,0.7272727272727273,Logistic Regression,2,4,0.5,0.5,{'clf__C': 10}
0.9752066115702479,0.8527568922305764,0.8333333333333334,0.7142857142857143,0.9912280701754386,0.7692307692307693,0.7587215225433354,0.7562122229684352,0.993734335839599,0.9214285714285715,0.02282910097360495,5,1,113,2,0.9826086956521739,0.9912280701754386,0.9868995633187773,0.8333333333333334,0.7142857142857143,0.7692307692307693,Logistic Regression,2,4,tuned,0.24251768201289614,{'clf__C': 10}
0.9173553719008265,0.5538847117794486,0.2,0.14285714285714285,0.9649122807017544,0.16666666666666666,0.12641045915141266,0.12445730824891454,0.9122807017543859,0.39325897245151903,0.054473092049252,1,4,110,6,0.9482758620689655,0.9649122807017544,0.9565217391304348,0.2,0.14285714285714285,0.16666666666666666,Logistic Regression,2,5,0.5,0.5,{'clf__C': 100}
0.9090909090909091,0.6835839598997494,0.3,0.42857142857142855,0.9385964912280702,0.35294117647058826,0.31131832511222096,0.30568596765779865,0.9122807017543859,0.39325897245151903,0.054473092049252,3,7,107,4,0.963963963963964,0.9385964912280702,0.9511111111111111,0.3,0.42857142857142855,0.35294117647058826,Logistic Regression,2,5,tuned,0.26661995658163495,{'clf__C': 100}
0.9586776859504132,0.8439849624060151,0.625,0.7142857142857143,0.9736842105263158,0.6666666666666666,0.6463781742612354,0.6447445684086905,0.9862155388471178,0.8517316017316017,0.025931037507760848,5,3,111,2,0.9823008849557522,0.9736842105263158,0.9779735682819384,0.625,0.7142857142857143,0.6666666666666666,Logistic Regression,2,6,0.5,0.5,{'clf__C': 100}
0.9586776859504132,0.8439849624060151,0.625,0.7142857142857143,0.9736842105263158,0.6666666666666666,0.6463781742612354,0.6447445684086905,0.9862155388471178,0.8517316017316017,0.025931037507760848,5,3,111,2,0.9823008849557522,0.9736842105263158,0.9779735682819384,0.625,0.7142857142857143,0.6666666666666666,Logistic Regression,2,6,tuned,0.38858532519135364,{'clf__C': 100}
0.9834710743801653,0.8571428571428572,1.0,0.7142857142857143,1.0,0.8333333333333334,0.837836764143084,0.8248914616497829,0.9962406015037595,0.9571428571428571,0.01394885429638028,5,0,114,2,0.9827586206896551,1.0,0.991304347826087,1.0,0.7142857142857143,0.8333333333333334,Logistic Regression,2,7,0.5,0.5,{'clf__C': 100}
0.9917355371900827,0.9285714285714286,1.0,0.8571428571428571,1.0,0.9230769230769231,0.9217860060739633,0.9187374076561451,0.9962406015037595,0.9571428571428571,0.01394885429638028,6,0,114,1,0.991304347826087,1.0,0.9956331877729258,1.0,0.8571428571428571,0.9230769230769231,Logistic Regression,2,7,tuned,0.3712066893484164,{'clf__C': 100}
0.9666666666666667,0.7456140350877193,0.75,0.5,0.9912280701754386,0.6,0.596420051979227,0.5833333333333333,0.9342105263157895,0.6277472527472527,0.031957814207036875,3,1,113,3,0.9741379310344828,0.9912280701754386,0.9826086956521739,0.75,0.5,0.6,Logistic Regression,2,8,0.5,0.5,{'clf__C': 100}
0.9333333333333333,0.7280701754385965,0.375,0.5,0.956140350877193,0.42857142857142855,0.3985405706652278,0.3939393939393939,0.9342105263157895,0.6277472527472527,0.031957814207036875,3,5,109,3,0.9732142857142857,0.956140350877193,0.9646017699115044,0.375,0.5,0.42857142857142855,Logistic Regression,2,8,tuned,0.2564006391046179,{'clf__C': 100}
0.9916666666666667,0.9166666666666667,1.0,0.8333333333333334,1.0,0.9090909090909091,0.9088932591463857,0.9047619047619048,0.9941520467836258,0.9333333333333333,0.01699737379829217,5,0,114,1,0.991304347826087,1.0,0.9956331877729258,1.0,0.8333333333333334,0.9090909090909091,Logistic Regression,2,9,0.5,0.5,{'clf__C': 10}
0.975,0.9078947368421053,0.7142857142857143,0.8333333333333334,0.9824561403508771,0.7692307692307693,0.7586088524687684,0.7560975609756098,0.9941520467836258,0.9333333333333333,0.01699737379829217,5,2,112,1,0.9911504424778761,0.9824561403508771,0.986784140969163,0.7142857142857143,0.8333333333333334,0.7692307692307693,Logistic Regression,2,9,tuned,0.3666321855423859,{'clf__C': 10}
0.9421487603305785,0.6536231884057971,0.4,0.3333333333333333,0.9739130434782609,0.36363636363636365,0.3351176630318999,0.33359559402045635,0.9202898550724639,0.31501419727226176,0.04276476867835033,2,3,112,4,0.9655172413793104,0.9739130434782609,0.9696969696969697,0.4,0.3333333333333333,0.36363636363636365,Logistic Regression,3,0,0.5,0.5,{'clf__C': 10}
0.9338842975206612,0.6492753623188405,0.3333333333333333,0.3333333333333333,0.9652173913043478,0.3333333333333333,0.2985507246376812,0.2985507246376812,0.9202898550724639,0.31501419727226176,0.04276476867835033,2,4,111,4,0.9652173913043478,0.9652173913043478,0.9652173913043478,0.3333333333333333,0.3333333333333333,0.3333333333333333,Logistic Regression,3,0,tuned,0.4259759786753159,{'clf__C': 10}
0.9669421487603306,0.8246376811594203,0.6666666666666666,0.6666666666666666,0.9826086956521739,0.6666666666666666,0.6492753623188405,0.6492753623188405,0.9855072463768115,0.794047619047619,0.025117693749082782,4,2,113,2,0.9826086956521739,0.9826086956521739,0.9826086956521739,0.6666666666666666,0.6666666666666666,0.6666666666666666,Logistic Regression,3,1,0.5,0.5,{'clf__C': 100}
0.9669421487603306,0.9036231884057971,0.625,0.8333333333333334,0.9739130434782609,0.7142857142857143,0.7052554234184422,0.6971214017521903,0.9855072463768115,0.794047619047619,0.025117693749082782,5,3,112,1,0.9911504424778761,0.9739130434782609,0.9824561403508771,0.625,0.8333333333333334,0.7142857142857143,Logistic Regression,3,1,tuned,0.41954897560511395,{'clf__C': 100}
0.9669421487603306,0.781328320802005,0.8,0.5714285714285714,0.9912280701754386,0.6666666666666666,0.6599801878951662,0.6497829232995658,0.9649122807017543,0.7666483516483515,0.027876502514551225,4,1,113,3,0.9741379310344828,0.9912280701754386,0.9826086956521739,0.8,0.5714285714285714,0.6666666666666666,Logistic Regression,3,2,0.5,0.5,{'clf__C': 100}
0.9669421487603306,0.781328320802005,0.8,0.5714285714285714,0.9912280701754386,0.6666666666666666,0.6599801878951662,0.6497829232995658,0.9649122807017543,0.7666483516483515,0.027876502514551225,4,1,113,3,0.9741379310344828,0.9912280701754386,0.9826086956521739,0.8,0.5714285714285714,0.6666666666666666,Logistic Regression,3,2,tuned,0.5044090496225627,{'clf__C': 100}
0.9586776859504132,0.7098997493734336,0.75,0.42857142857142855,0.9912280701754386,0.5454545454545454,0.5481765267182397,0.5254901960784313,0.9511278195488722,0.6604308390022675,0.03431297317204368,3,1,113,4,0.9658119658119658,0.9912280701754386,0.9783549783549783,0.75,0.42857142857142855,0.5454545454545454,Logistic Regression,3,3,0.5,0.5,{'clf__C': 100}
0.9586776859504132,0.7098997493734336,0.75,0.42857142857142855,0.9912280701754386,0.5454545454545454,0.5481765267182397,0.5254901960784313,0.9511278195488722,0.6604308390022675,0.03431297317204368,3,1,113,4,0.9658119658119658,0.9912280701754386,0.9783549783549783,0.75,0.42857142857142855,0.5454545454545454,Logistic Regression,3,3,tuned,0.48173470728639745,{'clf__C': 100}
0.9669421487603306,0.8483709273182958,0.7142857142857143,0.7142857142857143,0.9824561403508771,0.7142857142857143,0.6967418546365914,0.6967418546365916,0.9786967418546366,0.8213390619405656,0.025121919112588893,5,2,112,2,0.9824561403508771,0.9824561403508771,0.9824561403508771,0.7142857142857143,0.7142857142857143,0.7142857142857143,Logistic Regression,3,4,0.5,0.5,{'clf__C': 100}
0.9669421487603306,0.8483709273182958,0.7142857142857143,0.7142857142857143,0.9824561403508771,0.7142857142857143,0.6967418546365914,0.6967418546365916,0.9786967418546366,0.8213390619405656,0.025121919112588893,5,2,112,2,0.9824561403508771,0.9824561403508771,0.9824561403508771,0.7142857142857143,0.7142857142857143,0.7142857142857143,Logistic Regression,3,4,tuned,0.4549960718656264,{'clf__C': 100}
0.9669421487603306,0.8483709273182958,0.7142857142857143,0.7142857142857143,0.9824561403508771,0.7142857142857143,0.6967418546365914,0.6967418546365916,0.9849624060150376,0.8347247990105133,0.026547272698925886,5,2,112,2,0.9824561403508771,0.9824561403508771,0.9824561403508771,0.7142857142857143,0.7142857142857143,0.7142857142857143,Logistic Regression,3,5,0.5,0.5,{'clf__C': 100}
0.9586776859504132,0.8439849624060151,0.625,0.7142857142857143,0.9736842105263158,0.6666666666666666,0.6463781742612354,0.6447445684086905,0.9849624060150376,0.8347247990105133,0.026547272698925886,5,3,111,2,0.9823008849557522,0.9736842105263158,0.9779735682819384,0.625,0.7142857142857143,0.6666666666666666,Logistic Regression,3,5,tuned,0.2691722868998046,{'clf__C': 100}
0.9504132231404959,0.7055137844611529,0.6,0.42857142857142855,0.9824561403508771,0.5,0.4821236116472483,0.47467438494934877,0.9448621553884712,0.6464678178963892,0.03653638151690855,3,2,112,4,0.9655172413793104,0.9824561403508771,0.9739130434782609,0.6,0.42857142857142855,0.5,Logistic Regression,3,6,0.5,0.5,{'clf__C': 100}
0.9256198347107438,0.7593984962406015,0.4,0.5714285714285714,0.9473684210526315,0.47058823529411764,0.43988323070463986,0.431924882629108,0.9448621553884712,0.6464678178963892,0.03653638151690855,4,6,108,3,0.972972972972973,0.9473684210526315,0.96,0.4,0.5714285714285714,0.47058823529411764,Logistic Regression,3,6,tuned,0.17490722616869825,{'clf__C': 100}
0.9586776859504132,0.7769423558897243,0.6666666666666666,0.5714285714285714,0.9824561403508771,0.6153846153846154,0.5956570390127073,0.5936870382807253,0.9774436090225564,0.7267316017316017,0.02773673880427325,4,2,112,3,0.9739130434782609,0.9824561403508771,0.9781659388646288,0.6666666666666666,0.5714285714285714,0.6153846153846154,Logistic Regression,3,7,0.5,0.5,{'clf__C': 100}
0.9586776859504132,0.8439849624060151,0.625,0.7142857142857143,0.9736842105263158,0.6666666666666666,0.6463781742612354,0.6447445684086905,0.9774436090225564,0.7267316017316017,0.02773673880427325,5,3,111,2,0.9823008849557522,0.9736842105263158,0.9779735682819384,0.625,0.7142857142857143,0.6666666666666666,Logistic Regression,3,7,tuned,0.2883070332626616,{'clf__C': 100}
0.975,0.75,1.0,0.5,1.0,0.6666666666666666,0.6979824404521128,0.6551724137931034,0.9649122807017544,0.7222222222222222,0.025044375448617134,3,0,114,3,0.9743589743589743,1.0,0.987012987012987,1.0,0.5,0.6666666666666666,Logistic Regression,3,8,0.5,0.5,{'clf__C': 100}
0.975,0.75,1.0,0.5,1.0,0.6666666666666666,0.6979824404521128,0.6551724137931034,0.9649122807017544,0.7222222222222222,0.025044375448617134,3,0,114,3,0.9743589743589743,1.0,0.987012987012987,1.0,0.5,0.6666666666666666,Logistic Regression,3,8,tuned,0.4998891934789623,{'clf__C': 100}
0.9833333333333333,0.8333333333333333,1.0,0.6666666666666666,1.0,0.8,0.8094272134003795,0.7916666666666666,0.9970760233918128,0.9484126984126984,0.013347428098290802,4,0,114,2,0.9827586206896551,1.0,0.991304347826087,1.0,0.6666666666666666,0.8,Logistic Regression,3,9,0.5,0.5,{'clf__C': 10}
0.9833333333333333,0.8333333333333333,1.0,0.6666666666666666,1.0,0.8,0.8094272134003795,0.7916666666666666,0.9970760233918128,0.9484126984126984,0.013347428098290802,4,0,114,2,0.9827586206896551,1.0,0.991304347826087,1.0,0.6666666666666666,0.8,Logistic Regression,3,9,tuned,0.5025220793545541,{'clf__C': 10}
0.9586776859504132,0.6623188405797101,0.6666666666666666,0.3333333333333333,0.991304347826087,0.4444444444444444,0.4532333324183035,0.4254510921177588,0.9753623188405797,0.6785714285714285,0.026848335439836314,2,1,114,4,0.9661016949152542,0.991304347826087,0.9785407725321889,0.6666666666666666,0.3333333333333333,0.4444444444444444,Logistic Regression,4,0,0.5,0.5,{'clf__C': 10}
0.9504132231404959,0.8159420289855073,0.5,0.6666666666666666,0.9652173913043478,0.5714285714285714,0.5520491285645256,0.5456821026282854,0.9753623188405797,0.6785714285714285,0.026848335439836314,4,4,111,2,0.9823008849557522,0.9652173913043478,0.9736842105263158,0.5,0.6666666666666666,0.5714285714285714,Logistic Regression,4,0,tuned,0.34933706111552065,{'clf__C': 10}
0.9669421487603306,0.9036231884057971,0.625,0.8333333333333334,0.9739130434782609,0.7142857142857143,0.7052554234184422,0.6971214017521903,0.9855072463768115,0.8571428571428571,0.023643398914465895,5,3,112,1,0.9911504424778761,0.9739130434782609,0.9824561403508771,0.625,0.8333333333333334,0.7142857142857143,Logistic Regression,4,1,0.5,0.5,{'clf__C': 100}
0.9338842975206612,0.9652173913043478,0.42857142857142855,1.0,0.9304347826086956,0.6,0.6314726945602283,0.5701598579040852,0.9855072463768115,0.8571428571428571,0.023643398914465895,6,8,107,0,1.0,0.9304347826086956,0.963963963963964,0.42857142857142855,1.0,0.6,Logistic Regression,4,1,tuned,0.2302175930212928,{'clf__C': 100}
0.9752066115702479,0.8527568922305764,0.8333333333333334,0.7142857142857143,0.9912280701754386,0.7692307692307693,0.7587215225433354,0.7562122229684352,0.9849624060150377,0.7065149136577709,0.0239000351311642,5,1,113,2,0.9826086956521739,0.9912280701754386,0.9868995633187773,0.8333333333333334,0.7142857142857143,0.7692307692307693,Logistic Regression,4,2,0.5,0.5,{'clf__C': 10}
0.9752066115702479,0.9197994987468672,0.75,0.8571428571428571,0.9824561403508771,0.8,0.7888403948179012,0.7868467410452143,0.9849624060150377,0.7065149136577709,0.0239000351311642,6,2,112,1,0.9911504424778761,0.9824561403508771,0.986784140969163,0.75,0.8571428571428571,0.8,Logistic Regression,4,2,tuned,0.37750946400426577,{'clf__C': 10}
0.9669421487603306,0.8483709273182958,0.7142857142857143,0.7142857142857143,0.9824561403508771,0.7142857142857143,0.6967418546365914,0.6967418546365916,0.9573934837092731,0.8026785714285714,0.027511485244070558,5,2,112,2,0.9824561403508771,0.9824561403508771,0.9824561403508771,0.7142857142857143,0.7142857142857143,0.7142857142857143,Logistic Regression,4,3,0.5,0.5,{'clf__C': 100}
0.9586776859504132,0.8439849624060151,0.625,0.7142857142857143,0.9736842105263158,0.6666666666666666,0.6463781742612354,0.6447445684086905,0.9573934837092731,0.8026785714285714,0.027511485244070558,5,3,111,2,0.9823008849557522,0.9736842105263158,0.9779735682819384,0.625,0.7142857142857143,0.6666666666666666,Logistic Regression,4,3,tuned,0.4617894372019483,{'clf__C': 100}
0.9669421487603306,0.781328320802005,0.8,0.5714285714285714,0.9912280701754386,0.6666666666666666,0.6599801878951662,0.6497829232995658,0.9699248120300752,0.7540249433106576,0.027207019815052632,4,1,113,3,0.9741379310344828,0.9912280701754386,0.9826086956521739,0.8,0.5714285714285714,0.6666666666666666,Logistic Regression,4,4,0.5,0.5,{'clf__C': 100}
0.9669421487603306,0.7142857142857143,1.0,0.42857142857142855,1.0,0.6,0.6434621850078751,0.5856164383561644,0.9699248120300752,0.7540249433106576,0.027207019815052632,3,0,114,4,0.9661016949152542,1.0,0.9827586206896551,1.0,0.42857142857142855,0.6,Logistic Regression,4,4,tuned,0.5956407727863192,{'clf__C': 100}
0.9586776859504132,0.6428571428571428,1.0,0.2857142857142857,1.0,0.4444444444444444,0.5231725181940632,0.4297832233741753,0.9172932330827067,0.5181881127003078,0.04059028662591808,2,0,114,5,0.957983193277311,1.0,0.9785407725321889,1.0,0.2857142857142857,0.4444444444444444,Logistic Regression,4,5,0.5,0.5,{'clf__C': 100}
0.9504132231404959,0.6384711779448622,0.6666666666666666,0.2857142857142857,0.9912280701754386,0.4,0.415804511364738,0.3784246575342466,0.9172932330827067,0.5181881127003078,0.04059028662591808,2,1,113,5,0.9576271186440678,0.9912280701754386,0.9741379310344828,0.6666666666666666,0.2857142857142857,0.4,Logistic Regression,4,5,tuned,0.3981039240258851,{'clf__C': 100}
0.9421487603305785,0.6340852130325814,0.5,0.2857142857142857,0.9824561403508771,0.36363636363636365,0.3501784379632934,0.33568627450980393,0.9548872180451128,0.5554326993955476,0.04236453046587032,2,2,112,5,0.9572649572649573,0.9824561403508771,0.9696969696969697,0.5,0.2857142857142857,0.36363636363636365,Logistic Regression,4,6,0.5,0.5,{'clf__C': 100}
0.9421487603305785,0.7011278195488722,0.5,0.42857142857142855,0.9736842105263158,0.46153846153846156,0.4325925554820793,0.4311618535930154,0.9548872180451128,0.5554326993955476,0.04236453046587032,3,3,111,4,0.9652173913043478,0.9736842105263158,0.9694323144104804,0.5,0.42857142857142855,0.46153846153846156,Logistic Regression,4,6,tuned,0.25449033039006125,{'clf__C': 100}
0.9586776859504132,0.7098997493734336,0.75,0.42857142857142855,0.9912280701754386,0.5454545454545454,0.5481765267182397,0.5254901960784313,0.9674185463659148,0.6666143380429095,0.03146833475436658,3,1,113,4,0.9658119658119658,0.9912280701754386,0.9783549783549783,0.75,0.42857142857142855,0.5454545454545454,Logistic Regression,4,7,0.5,0.5,{'clf__C': 10}
0.9504132231404959,0.7055137844611529,0.6,0.42857142857142855,0.9824561403508771,0.5,0.4821236116472483,0.47467438494934877,0.9674185463659148,0.6666143380429095,0.03146833475436658,3,2,112,4,0.9655172413793104,0.9824561403508771,0.9739130434782609,0.6,0.42857142857142855,0.5,Logistic Regression,4,7,tuned,0.4437572538990079,{'clf__C': 10}
0.9583333333333334,0.7412280701754386,0.6,0.5,0.9824561403508771,0.5454545454545454,0.5262013605584338,0.5238095238095238,0.9780701754385964,0.7028138528138528,0.024718394407124332,3,2,112,3,0.9739130434782609,0.9824561403508771,0.9781659388646288,0.6,0.5,0.5454545454545454,Logistic Regression,4,8,0.5,0.5,{'clf__C': 100}
0.9583333333333334,0.8201754385964912,0.5714285714285714,0.6666666666666666,0.9736842105263158,0.6153846153846154,0.5954671637658074,0.5934959349593496,0.9780701754385964,0.7028138528138528,0.024718394407124332,4,3,111,2,0.9823008849557522,0.9736842105263158,0.9779735682819384,0.5714285714285714,0.6666666666666666,0.6153846153846154,Logistic Regression,4,8,tuned,0.3703570118500991,{'clf__C': 100}
0.9833333333333333,0.8333333333333333,1.0,0.6666666666666666,1.0,0.8,0.8094272134003795,0.7916666666666666,0.9576023391812866,0.7584175084175084,0.02110927984267894,4,0,114,2,0.9827586206896551,1.0,0.991304347826087,1.0,0.6666666666666666,0.8,Logistic Regression,4,9,0.5,0.5,{'clf__C': 100}
0.975,0.8289473684210527,0.8,0.6666666666666666,0.9912280701754386,0.7272727272727273,0.7175473098524098,0.7142857142857143,0.9576023391812866,0.7584175084175084,0.02110927984267894,4,1,113,2,0.9826086956521739,0.9912280701754386,0.9868995633187773,0.8,0.6666666666666666,0.7272727272727273,Logistic Regression,4,9,tuned,0.2549048777529272,{'clf__C': 100}
0.9752066115702479,0.8289855072463768,0.8,0.6666666666666666,0.991304347826087,0.7272727272727273,0.7176576368702007,0.7143981117230527,0.9840579710144928,0.7791666666666667,0.02110868171308495,4,1,114,2,0.9827586206896551,0.991304347826087,0.987012987012987,0.8,0.6666666666666666,0.7272727272727273,Logistic Regression,5,0,0.5,0.5,{'clf__C': 100}
0.9669421487603306,0.7456521739130435,0.75,0.5,0.991304347826087,0.6,0.5965573849089534,0.5834767641996558,0.9840579710144928,0.7791666666666667,0.02110868171308495,3,1,114,3,0.9743589743589743,0.991304347826087,0.9827586206896551,0.75,0.5,0.6,Logistic Regression,5,0,tuned,0.5311642032041874,{'clf__C': 100}
0.9586776859504132,0.6623188405797101,0.6666666666666666,0.3333333333333333,0.991304347826087,0.4444444444444444,0.4532333324183035,0.4254510921177588,0.9652173913043478,0.6504901960784313,0.02988944614268425,2,1,114,4,0.9661016949152542,0.991304347826087,0.9785407725321889,0.6666666666666666,0.3333333333333333,0.4444444444444444,Logistic Regression,5,1,0.5,0.5,{'clf__C': 100}
0.9504132231404959,0.8159420289855073,0.5,0.6666666666666666,0.9652173913043478,0.5714285714285714,0.5520491285645256,0.5456821026282854,0.9652173913043478,0.6504901960784313,0.02988944614268425,4,4,111,2,0.9823008849557522,0.9652173913043478,0.9736842105263158,0.5,0.6666666666666666,0.5714285714285714,Logistic Regression,5,1,tuned,0.19328334268291175,{'clf__C': 100}
0.9669421487603306,0.781328320802005,0.8,0.5714285714285714,0.9912280701754386,0.6666666666666666,0.6599801878951662,0.6497829232995658,0.9824561403508771,0.8120490620490621,0.024168873856792738,4,1,113,3,0.9741379310344828,0.9912280701754386,0.9826086956521739,0.8,0.5714285714285714,0.6666666666666666,Logistic Regression,5,2,0.5,0.5,{'clf__C': 100}
0.9421487603305785,0.768170426065163,0.5,0.5714285714285714,0.9649122807017544,0.5333333333333333,0.5039159537045698,0.5026423957721667,0.9824561403508771,0.8120490620490621,0.024168873856792738,4,4,110,3,0.9734513274336283,0.9649122807017544,0.9691629955947136,0.5,0.5714285714285714,0.5333333333333333,Logistic Regression,5,2,tuned,0.23705548403029386,{'clf__C': 100}
0.9752066115702479,0.7857142857142857,1.0,0.5714285714285714,1.0,0.7272727272727273,0.7461746154731859,0.7152941176470589,0.9411027568922307,0.7115508365508365,0.02899971379284073,4,0,114,3,0.9743589743589743,1.0,0.987012987012987,1.0,0.5714285714285714,0.7272727272727273,Logistic Regression,5,3,0.5,0.5,{'clf__C': 100}
0.9338842975206612,0.7637844611528821,0.4444444444444444,0.5714285714285714,0.956140350877193,0.5,0.46940788889987284,0.4651933701657458,0.9411027568922307,0.7115508365508365,0.02899971379284073,4,5,109,3,0.9732142857142857,0.956140350877193,0.9646017699115044,0.4444444444444444,0.5714285714285714,0.5,Logistic Regression,5,3,tuned,0.1386580893192012,{'clf__C': 100}
0.9669421487603306,0.781328320802005,0.8,0.5714285714285714,0.9912280701754386,0.6666666666666666,0.6599801878951662,0.6497829232995658,0.9774436090225564,0.7857142857142856,0.025587703889760574,4,1,113,3,0.9741379310344828,0.9912280701754386,0.9826086956521739,0.8,0.5714285714285714,0.6666666666666666,Logistic Regression,5,4,0.5,0.5,{'clf__C': 100}
0.9338842975206612,0.7637844611528821,0.4444444444444444,0.5714285714285714,0.956140350877193,0.5,0.46940788889987284,0.4651933701657458,0.9774436090225564,0.7857142857142856,0.025587703889760574,4,5,109,3,0.9732142857142857,0.956140350877193,0.9646017699115044,0.4444444444444444,0.5714285714285714,0.5,Logistic Regression,5,4,tuned,0.2506081459328315,{'clf__C': 100}
0.9421487603305785,0.7011278195488722,0.5,0.42857142857142855,0.9736842105263158,0.46153846153846156,0.4325925554820793,0.4311618535930154,0.956140350877193,0.6684782608695652,0.037925685646222985,3,3,111,4,0.9652173913043478,0.9736842105263158,0.9694323144104804,0.5,0.42857142857142855,0.46153846153846156,Logistic Regression,5,5,0.5,0.5,{'clf__C': 100}
0.9338842975206612,0.6967418546365914,0.42857142857142855,0.42857142857142855,0.9649122807017544,0.42857142857142855,0.39348370927318294,0.393483709273183,0.956140350877193,0.6684782608695652,0.037925685646222985,3,4,110,4,0.9649122807017544,0.9649122807017544,0.9649122807017544,0.42857142857142855,0.42857142857142855,0.42857142857142855,Logistic Regression,5,5,tuned,0.4061324157942425,{'clf__C': 100}
0.9504132231404959,0.9736842105263157,0.5384615384615384,1.0,0.9473684210526315,0.7,0.7142278750440075,0.675603217158177,0.9862155388471179,0.6972789115646258,0.033795437568244345,7,6,108,0,1.0,0.9473684210526315,0.972972972972973,0.5384615384615384,1.0,0.7,Logistic Regression,5,6,0.5,0.5,{'clf__C': 100}
0.9090909090909091,0.9517543859649122,0.3888888888888889,1.0,0.9035087719298246,0.56,0.59276008841449,0.5200144248106744,0.9862155388471179,0.6972789115646258,0.033795437568244345,7,11,103,0,1.0,0.9035087719298246,0.9493087557603687,0.3888888888888889,1.0,0.56,Logistic Regression,5,6,tuned,0.20623696942843556,{'clf__C': 100}
0.9586776859504132,0.6428571428571428,1.0,0.2857142857142857,1.0,0.4444444444444444,0.5231725181940632,0.4297832233741753,0.9661654135338346,0.7347278911564625,0.029410806216399552,2,0,114,5,0.957983193277311,1.0,0.9785407725321889,1.0,0.2857142857142857,0.4444444444444444,Logistic Regression,5,7,0.5,0.5,{'clf__C': 100}
0.9504132231404959,0.7055137844611529,0.6,0.42857142857142855,0.9824561403508771,0.5,0.4821236116472483,0.47467438494934877,0.9661654135338346,0.7347278911564625,0.029410806216399552,3,2,112,4,0.9655172413793104,0.9824561403508771,0.9739130434782609,0.6,0.42857142857142855,0.5,Logistic Regression,5,7,tuned,0.3856246265621107,{'clf__C': 100}
0.9666666666666667,0.6666666666666666,1.0,0.3333333333333333,1.0,0.5,0.567480306535024,0.4871794871794872,0.969298245614035,0.7331349206349207,0.026344471335942688,2,0,114,4,0.9661016949152542,1.0,0.9827586206896551,1.0,0.3333333333333333,0.5,Logistic Regression,5,8,0.5,0.5,{'clf__C': 100}
0.9666666666666667,0.7456140350877193,0.75,0.5,0.9912280701754386,0.6,0.596420051979227,0.5833333333333333,0.969298245614035,0.7331349206349207,0.026344471335942688,3,1,113,3,0.9741379310344828,0.9912280701754386,0.9826086956521739,0.75,0.5,0.6,Logistic Regression,5,8,tuned,0.34670655053346083,{'clf__C': 100}
0.9583333333333334,0.7412280701754386,0.6,0.5,0.9824561403508771,0.5454545454545454,0.5262013605584338,0.5238095238095238,0.9576023391812866,0.7381864623243932,0.030322390077429182,3,2,112,3,0.9739130434782609,0.9824561403508771,0.9781659388646288,0.6,0.5,0.5454545454545454,Logistic Regression,5,9,0.5,0.5,{'clf__C': 100}
0.9666666666666667,0.8245614035087718,0.6666666666666666,0.6666666666666666,0.9824561403508771,0.6666666666666666,0.6491228070175439,0.6491228070175439,0.9576023391812866,0.7381864623243932,0.030322390077429182,4,2,112,2,0.9824561403508771,0.9824561403508771,0.9824561403508771,0.6666666666666666,0.6666666666666666,0.6666666666666666,Logistic Regression,5,9,tuned,0.4142015904981018,{'clf__C': 100}
0.9669421487603306,0.7456521739130435,0.75,0.5,0.991304347826087,0.6,0.5965573849089534,0.5834767641996558,0.9710144927536233,0.7199074074074073,0.02708785756806674,3,1,114,3,0.9743589743589743,0.991304347826087,0.9827586206896551,0.75,0.5,0.6,Logistic Regression,6,0,0.5,0.5,{'clf__C': 100}
0.9504132231404959,0.7369565217391305,0.5,0.5,0.9739130434782609,0.5,0.47391304347826085,0.4739130434782609,0.9710144927536233,0.7199074074074073,0.02708785756806674,3,3,112,3,0.9739130434782609,0.9739130434782609,0.9739130434782609,0.5,0.5,0.5,Logistic Regression,6,0,tuned,0.42331226333216454,{'clf__C': 100}
0.9504132231404959,0.6579710144927536,0.5,0.3333333333333333,0.9826086956521739,0.4,0.38362687289130337,0.3752151462994836,0.9594202898550724,0.5879227053140097,0.032128041133433066,2,2,113,4,0.9658119658119658,0.9826086956521739,0.9741379310344828,0.5,0.3333333333333333,0.4,Logistic Regression,6,1,0.5,0.5,{'clf__C': 100}
0.9504132231404959,0.6579710144927536,0.5,0.3333333333333333,0.9826086956521739,0.4,0.38362687289130337,0.3752151462994836,0.9594202898550724,0.5879227053140097,0.032128041133433066,2,2,113,4,0.9658119658119658,0.9826086956521739,0.9741379310344828,0.5,0.3333333333333333,0.4,Logistic Regression,6,1,tuned,0.572305178641882,{'clf__C': 100}
0.9421487603305785,0.6340852130325814,0.5,0.2857142857142857,0.9824561403508771,0.36363636363636365,0.3501784379632934,0.33568627450980393,0.9624060150375939,0.5382061520260277,0.038876012816922254,2,2,112,5,0.9572649572649573,0.9824561403508771,0.9696969696969697,0.5,0.2857142857142857,0.36363636363636365,Logistic Regression,6,2,0.5,0.5,{'clf__C': 100}
0.9586776859504132,0.8439849624060151,0.625,0.7142857142857143,0.9736842105263158,0.6666666666666666,0.6463781742612354,0.6447445684086905,0.9624060150375939,0.5382061520260277,0.038876012816922254,5,3,111,2,0.9823008849557522,0.9736842105263158,0.9779735682819384,0.625,0.7142857142857143,0.6666666666666666,Logistic Regression,6,2,tuned,0.1909604945466981,{'clf__C': 100}
0.9586776859504132,0.7098997493734336,0.75,0.42857142857142855,0.9912280701754386,0.5454545454545454,0.5481765267182397,0.5254901960784313,0.9223057644110276,0.6155465587044535,0.03538749968609485,3,1,113,4,0.9658119658119658,0.9912280701754386,0.9783549783549783,0.75,0.42857142857142855,0.5454545454545454,Logistic Regression,6,3,0.5,0.5,{'clf__C': 10}
0.9504132231404959,0.7055137844611529,0.6,0.42857142857142855,0.9824561403508771,0.5,0.4821236116472483,0.47467438494934877,0.9223057644110276,0.6155465587044535,0.03538749968609485,3,2,112,4,0.9655172413793104,0.9824561403508771,0.9739130434782609,0.6,0.42857142857142855,0.5,Logistic Regression,6,3,tuned,0.3653847225167405,{'clf__C': 10}
0.9669421487603306,0.781328320802005,0.8,0.5714285714285714,0.9912280701754386,0.6666666666666666,0.6599801878951662,0.6497829232995658,0.9837092731829573,0.7749999999999999,0.026070976880703194,4,1,113,3,0.9741379310344828,0.9912280701754386,0.9826086956521739,0.8,0.5714285714285714,0.6666666666666666,Logistic Regression,6,4,0.5,0.5,{'clf__C': 100}
0.9669421487603306,0.781328320802005,0.8,0.5714285714285714,0.9912280701754386,0.6666666666666666,0.6599801878951662,0.6497829232995658,0.9837092731829573,0.7749999999999999,0.026070976880703194,4,1,113,3,0.9741379310344828,0.9912280701754386,0.9826086956521739,0.8,0.5714285714285714,0.6666666666666666,Logistic Regression,6,4,tuned,0.36275361676897727,{'clf__C': 100}
0.9338842975206612,0.6967418546365914,0.42857142857142855,0.42857142857142855,0.9649122807017544,0.42857142857142855,0.39348370927318294,0.393483709273183,0.9461152882205515,0.5967000835421887,0.0429081616494792,3,4,110,4,0.9649122807017544,0.9649122807017544,0.9649122807017544,0.42857142857142855,0.42857142857142855,0.42857142857142855,Logistic Regression,6,5,0.5,0.5,{'clf__C': 100}
0.9586776859504132,0.7098997493734336,0.75,0.42857142857142855,0.9912280701754386,0.5454545454545454,0.5481765267182397,0.5254901960784313,0.9461152882205515,0.5967000835421887,0.0429081616494792,3,1,113,4,0.9658119658119658,0.9912280701754386,0.9783549783549783,0.75,0.42857142857142855,0.5454545454545454,Logistic Regression,6,5,tuned,0.6539113502788237,{'clf__C': 100}
0.9669421487603306,0.781328320802005,0.8,0.5714285714285714,0.9912280701754386,0.6666666666666666,0.6599801878951662,0.6497829232995658,0.9511278195488722,0.7021885521885523,0.0297180635276797,4,1,113,3,0.9741379310344828,0.9912280701754386,0.9826086956521739,0.8,0.5714285714285714,0.6666666666666666,Logistic Regression,6,6,0.5,0.5,{'clf__C': 100}
0.9669421487603306,0.781328320802005,0.8,0.5714285714285714,0.9912280701754386,0.6666666666666666,0.6599801878951662,0.6497829232995658,0.9511278195488722,0.7021885521885523,0.0297180635276797,4,1,113,3,0.9741379310344828,0.9912280701754386,0.9826086956521739,0.8,0.5714285714285714,0.6666666666666666,Logistic Regression,6,6,tuned,0.43266454766275136,{'clf__C': 100}
0.9752066115702479,0.7857142857142857,1.0,0.5714285714285714,1.0,0.7272727272727273,0.7461746154731859,0.7152941176470589,0.9862155388471178,0.8761904761904762,0.020203763096986273,4,0,114,3,0.9743589743589743,1.0,0.987012987012987,1.0,0.5714285714285714,0.7272727272727273,Logistic Regression,6,7,0.5,0.5,{'clf__C': 100}
0.9669421487603306,0.7142857142857143,1.0,0.42857142857142855,1.0,0.6,0.6434621850078751,0.5856164383561644,0.9862155388471178,0.8761904761904762,0.020203763096986273,3,0,114,4,0.9661016949152542,1.0,0.9827586206896551,1.0,0.42857142857142855,0.6,Logistic Regression,6,7,tuned,0.5581237320472421,{'clf__C': 100}
0.975,0.8289473684210527,0.8,0.6666666666666666,0.9912280701754386,0.7272727272727273,0.7175473098524098,0.7142857142857143,0.9678362573099415,0.7788220551378446,0.026779430893048996,4,1,113,2,0.9826086956521739,0.9912280701754386,0.9868995633187773,0.8,0.6666666666666666,0.7272727272727273,Logistic Regression,6,8,0.5,0.5,{'clf__C': 100}
0.9416666666666667,0.8114035087719298,0.4444444444444444,0.6666666666666666,0.956140350877193,0.5333333333333333,0.515345874966055,0.5035460992907802,0.9678362573099415,0.7788220551378446,0.026779430893048996,4,5,109,2,0.9819819819819819,0.956140350877193,0.9688888888888889,0.4444444444444444,0.6666666666666666,0.5333333333333333,Logistic Regression,6,8,tuned,0.37083666427941114,{'clf__C': 100}
0.975,0.9078947368421053,0.7142857142857143,0.8333333333333334,0.9824561403508771,0.7692307692307693,0.7586088524687684,0.7560975609756098,0.9897660818713451,0.9102564102564104,0.015802165103529563,5,2,112,1,0.9911504424778761,0.9824561403508771,0.986784140969163,0.7142857142857143,0.8333333333333334,0.7692307692307693,Logistic Regression,6,9,0.5,0.5,{'clf__C': 100}
0.9416666666666667,0.9692982456140351,0.46153846153846156,1.0,0.9385964912280702,0.631578947368421,0.6581780766379276,0.6045197740112994,0.9897660818713451,0.9102564102564104,0.015802165103529563,6,7,107,0,1.0,0.9385964912280702,0.9683257918552036,0.46153846153846156,1.0,0.631578947368421,Logistic Regression,6,9,tuned,0.10730428987527603,{'clf__C': 100}
0.9669421487603306,0.8246376811594203,0.6666666666666666,0.6666666666666666,0.9826086956521739,0.6666666666666666,0.6492753623188405,0.6492753623188405,0.9768115942028985,0.8027777777777777,0.023553738332366916,4,2,113,2,0.9826086956521739,0.9826086956521739,0.9826086956521739,0.6666666666666666,0.6666666666666666,0.6666666666666666,Logistic Regression,7,0,0.5,0.5,{'clf__C': 10}
0.9669421487603306,0.8246376811594203,0.6666666666666666,0.6666666666666666,0.9826086956521739,0.6666666666666666,0.6492753623188405,0.6492753623188405,0.9768115942028985,0.8027777777777777,0.023553738332366916,4,2,113,2,0.9826086956521739,0.9826086956521739,0.9826086956521739,0.6666666666666666,0.6666666666666666,0.6666666666666666,Logistic Regression,7,0,tuned,0.43483154233079907,{'clf__C': 10}
0.9669421487603306,0.8246376811594203,0.6666666666666666,0.6666666666666666,0.9826086956521739,0.6666666666666666,0.6492753623188405,0.6492753623188405,0.9594202898550726,0.5623348873348872,0.03084136491389155,4,2,113,2,0.9826086956521739,0.9826086956521739,0.9826086956521739,0.6666666666666666,0.6666666666666666,0.6666666666666666,Logistic Regression,7,1,0.5,0.5,{'clf__C': 100}
0.9338842975206612,0.8072463768115942,0.4,0.6666666666666666,0.9478260869565217,0.5,0.4844844269350164,0.46696035242290757,0.9594202898550726,0.5623348873348872,0.03084136491389155,4,6,109,2,0.9819819819819819,0.9478260869565217,0.9646017699115044,0.4,0.6666666666666666,0.5,Logistic Regression,7,1,tuned,0.2563716885821518,{'clf__C': 100}
0.9669421487603306,0.8483709273182958,0.7142857142857143,0.7142857142857143,0.9824561403508771,0.7142857142857143,0.6967418546365914,0.6967418546365916,0.9624060150375939,0.7670408163265305,0.027210389659218338,5,2,112,2,0.9824561403508771,0.9824561403508771,0.9824561403508771,0.7142857142857143,0.7142857142857143,0.7142857142857143,Logistic Regression,7,2,0.5,0.5,{'clf__C': 100}
0.9090909090909091,0.8847117794486214,0.375,0.8571428571428571,0.9122807017543859,0.5217391304347826,0.5302885923423181,0.479874951152794,0.9624060150375939,0.7670408163265305,0.027210389659218338,6,10,104,1,0.9904761904761905,0.9122807017543859,0.9497716894977168,0.375,0.8571428571428571,0.5217391304347826,Logistic Regression,7,2,tuned,0.20718070963400156,{'clf__C': 100}
0.9834710743801653,0.8571428571428572,1.0,0.7142857142857143,1.0,0.8333333333333334,0.837836764143084,0.8248914616497829,0.9924812030075187,0.9123376623376624,0.014930717227649345,5,0,114,2,0.9827586206896551,1.0,0.991304347826087,1.0,0.7142857142857143,0.8333333333333334,Logistic Regression,7,3,0.5,0.5,{'clf__C': 100}
0.9752066115702479,0.8527568922305764,0.8333333333333334,0.7142857142857143,0.9912280701754386,0.7692307692307693,0.7587215225433354,0.7562122229684352,0.9924812030075187,0.9123376623376624,0.014930717227649345,5,1,113,2,0.9826086956521739,0.9912280701754386,0.9868995633187773,0.8333333333333334,0.7142857142857143,0.7692307692307693,Logistic Regression,7,3,tuned,0.4162371499622268,{'clf__C': 100}
0.9338842975206612,0.6967418546365914,0.42857142857142855,0.42857142857142855,0.9649122807017544,0.42857142857142855,0.39348370927318294,0.393483709273183,0.9260651629072681,0.6132369614512472,0.041796339194744694,3,4,110,4,0.9649122807017544,0.9649122807017544,0.9649122807017544,0.42857142857142855,0.42857142857142855,0.42857142857142855,Logistic Regression,7,4,0.5,0.5,{'clf__C': 100}
0.9338842975206612,0.7637844611528821,0.4444444444444444,0.5714285714285714,0.956140350877193,0.5,0.46940788889987284,0.4651933701657458,0.9260651629072681,0.6132369614512472,0.041796339194744694,4,5,109,3,0.9732142857142857,0.956140350877193,0.9646017699115044,0.4444444444444444,0.5714285714285714,0.5,Logistic Regression,7,4,tuned,0.2005846221518777,{'clf__C': 100}
0.9504132231404959,0.6384711779448622,0.6666666666666666,0.2857142857142857,0.9912280701754386,0.4,0.415804511364738,0.3784246575342466,0.9862155388471178,0.7996598639455783,0.030792350352916054,2,1,113,5,0.9576271186440678,0.9912280701754386,0.9741379310344828,0.6666666666666666,0.2857142857142857,0.4,Logistic Regression,7,5,0.5,0.5,{'clf__C': 100}
0.9586776859504132,0.7098997493734336,0.75,0.42857142857142855,0.9912280701754386,0.5454545454545454,0.5481765267182397,0.5254901960784313,0.9862155388471178,0.7996598639455783,0.030792350352916054,3,1,113,4,0.9658119658119658,0.9912280701754386,0.9783549783549783,0.75,0.42857142857142855,0.5454545454545454,Logistic Regression,7,5,tuned,0.43075661231994394,{'clf__C': 100}
0.9669421487603306,0.7142857142857143,1.0,0.42857142857142855,1.0,0.6,0.6434621850078751,0.5856164383561644,0.9661654135338347,0.7612815755672899,0.02751971188977857,3,0,114,4,0.9661016949152542,1.0,0.9827586206896551,1.0,0.42857142857142855,0.6,Logistic Regression,7,6,0.5,0.5,{'clf__C': 100}
0.9669421487603306,0.7142857142857143,1.0,0.42857142857142855,1.0,0.6,0.6434621850078751,0.5856164383561644,0.9661654135338347,0.7612815755672899,0.02751971188977857,3,0,114,4,0.9661016949152542,1.0,0.9827586206896551,1.0,0.42857142857142855,0.6,Logistic Regression,7,6,tuned,0.4832036126584613,{'clf__C': 100}
0.9586776859504132,0.7098997493734336,0.75,0.42857142857142855,0.9912280701754386,0.5454545454545454,0.5481765267182397,0.5254901960784313,0.9636591478696742,0.6629818594104309,0.03677343486647587,3,1,113,4,0.9658119658119658,0.9912280701754386,0.9783549783549783,0.75,0.42857142857142855,0.5454545454545454,Logistic Regression,7,7,0.5,0.5,{'clf__C': 100}
0.9504132231404959,0.7055137844611529,0.6,0.42857142857142855,0.9824561403508771,0.5,0.4821236116472483,0.47467438494934877,0.9636591478696742,0.6629818594104309,0.03677343486647587,3,2,112,4,0.9655172413793104,0.9824561403508771,0.9739130434782609,0.6,0.42857142857142855,0.5,Logistic Regression,7,7,tuned,0.316767169791778,{'clf__C': 100}
0.9583333333333334,0.7412280701754386,0.6,0.5,0.9824561403508771,0.5454545454545454,0.5262013605584338,0.5238095238095238,0.9707602339181287,0.5195156695156695,0.02883765676738738,3,2,112,3,0.9739130434782609,0.9824561403508771,0.9781659388646288,0.6,0.5,0.5454545454545454,Logistic Regression,7,8,0.5,0.5,{'clf__C': 100}
0.9416666666666667,0.5745614035087719,0.3333333333333333,0.16666666666666666,0.9824561403508771,0.2222222222222222,0.20817020153834945,0.1954022988505747,0.9707602339181287,0.5195156695156695,0.02883765676738738,1,2,112,5,0.9572649572649573,0.9824561403508771,0.9696969696969697,0.3333333333333333,0.16666666666666666,0.2222222222222222,Logistic Regression,7,8,tuned,0.5454186404466282,{'clf__C': 100}
0.9583333333333334,0.7412280701754386,0.6,0.5,0.9824561403508771,0.5454545454545454,0.5262013605584338,0.5238095238095238,0.966374269005848,0.7344877344877345,0.02694278933283852,3,2,112,3,0.9739130434782609,0.9824561403508771,0.9781659388646288,0.6,0.5,0.5454545454545454,Logistic Regression,7,9,0.5,0.5,{'clf__C': 100}
0.9333333333333333,0.8859649122807018,0.4166666666666667,0.8333333333333334,0.9385964912280702,0.5555555555555556,0.5607940161280399,0.5238095238095238,0.966374269005848,0.7344877344877345,0.02694278933283852,5,7,107,1,0.9907407407407407,0.9385964912280702,0.963963963963964,0.4166666666666667,0.8333333333333334,0.5555555555555556,Logistic Regression,7,9,tuned,0.14262497731737267,{'clf__C': 100}
0.9586776859504132,0.8202898550724638,0.5714285714285714,0.6666666666666666,0.9739130434782609,0.6153846153846154,0.5956570390127073,0.5936870382807253,0.9710144927536232,0.7146686159844055,0.027693764851370945,4,3,112,2,0.9824561403508771,0.9739130434782609,0.9781659388646288,0.5714285714285714,0.6666666666666666,0.6153846153846154,Logistic Regression,8,0,0.5,0.5,{'clf__C': 100}
0.9586776859504132,0.8202898550724638,0.5714285714285714,0.6666666666666666,0.9739130434782609,0.6153846153846154,0.5956570390127073,0.5936870382807253,0.9710144927536232,0.7146686159844055,0.027693764851370945,4,3,112,2,0.9824561403508771,0.9739130434782609,0.9781659388646288,0.5714285714285714,0.6666666666666666,0.6153846153846154,Logistic Regression,8,0,tuned,0.5369836604339384,{'clf__C': 100}
0.9504132231404959,0.7369565217391305,0.5,0.5,0.9739130434782609,0.5,0.47391304347826085,0.4739130434782609,0.9420289855072465,0.6052356902356902,0.0367648381898536,3,3,112,3,0.9739130434782609,0.9739130434782609,0.9739130434782609,0.5,0.5,0.5,Logistic Regression,8,1,0.5,0.5,{'clf__C': 100}
0.9421487603305785,0.7326086956521739,0.42857142857142855,0.5,0.9652173913043478,0.46153846153846156,0.4325925554820793,0.4311618535930154,0.9420289855072465,0.6052356902356902,0.0367648381898536,3,4,111,3,0.9736842105263158,0.9652173913043478,0.9694323144104804,0.42857142857142855,0.5,0.46153846153846156,Logistic Regression,8,1,tuned,0.34164020691598657,{'clf__C': 100}
0.9669421487603306,0.8483709273182958,0.7142857142857143,0.7142857142857143,0.9824561403508771,0.7142857142857143,0.6967418546365914,0.6967418546365916,0.9699248120300752,0.8559113300492611,0.01805141988630243,5,2,112,2,0.9824561403508771,0.9824561403508771,0.9824561403508771,0.7142857142857143,0.7142857142857143,0.7142857142857143,Logistic Regression,8,2,0.5,0.5,{'clf__C': 100}
0.9669421487603306,0.8483709273182958,0.7142857142857143,0.7142857142857143,0.9824561403508771,0.7142857142857143,0.6967418546365914,0.6967418546365916,0.9699248120300752,0.8559113300492611,0.01805141988630243,5,2,112,2,0.9824561403508771,0.9824561403508771,0.9824561403508771,0.7142857142857143,0.7142857142857143,0.7142857142857143,Logistic Regression,8,2,tuned,0.5434322362931894,{'clf__C': 100}
0.9504132231404959,0.7725563909774436,0.5714285714285714,0.5714285714285714,0.9736842105263158,0.5714285714285714,0.5451127819548872,0.5451127819548872,0.9598997493734336,0.5615079365079365,0.0364381424092518,4,3,111,3,0.9736842105263158,0.9736842105263158,0.9736842105263158,0.5714285714285714,0.5714285714285714,0.5714285714285714,Logistic Regression,8,3,0.5,0.5,{'clf__C': 100}
0.9504132231404959,0.8395989974937343,0.5555555555555556,0.7142857142857143,0.9649122807017544,0.625,0.6043208450919978,0.5988950276243094,0.9598997493734336,0.5615079365079365,0.0364381424092518,5,4,110,2,0.9821428571428571,0.9649122807017544,0.9734513274336283,0.5555555555555556,0.7142857142857143,0.625,Logistic Regression,8,3,tuned,0.3585902992123199,{'clf__C': 100}
0.9586776859504132,0.6428571428571428,1.0,0.2857142857142857,1.0,0.4444444444444444,0.5231725181940632,0.4297832233741753,0.9586466165413534,0.6381673881673882,0.03363361002726909,2,0,114,5,0.957983193277311,1.0,0.9785407725321889,1.0,0.2857142857142857,0.4444444444444444,Logistic Regression,8,4,0.5,0.5,{'clf__C': 100}
0.9586776859504132,0.7098997493734336,0.75,0.42857142857142855,0.9912280701754386,0.5454545454545454,0.5481765267182397,0.5254901960784313,0.9586466165413534,0.6381673881673882,0.03363361002726909,3,1,113,4,0.9658119658119658,0.9912280701754386,0.9783549783549783,0.75,0.42857142857142855,0.5454545454545454,Logistic Regression,8,4,tuned,0.40496328137385157,{'clf__C': 100}
0.9338842975206612,0.56265664160401,0.3333333333333333,0.14285714285714285,0.9824561403508771,0.2,0.1881468377216009,0.17123287671232879,0.9473684210526315,0.43214285714285716,0.043089054377049886,1,2,112,6,0.9491525423728814,0.9824561403508771,0.9655172413793104,0.3333333333333333,0.14285714285714285,0.2,Logistic Regression,8,5,0.5,0.5,{'clf__C': 100}
0.9338842975206612,0.6967418546365914,0.42857142857142855,0.42857142857142855,0.9649122807017544,0.42857142857142855,0.39348370927318294,0.393483709273183,0.9473684210526315,0.43214285714285716,0.043089054377049886,3,4,110,4,0.9649122807017544,0.9649122807017544,0.9649122807017544,0.42857142857142855,0.42857142857142855,0.42857142857142855,Logistic Regression,8,5,tuned,0.32323192694698966,{'clf__C': 100}
0.9504132231404959,0.6384711779448622,0.6666666666666666,0.2857142857142857,0.9912280701754386,0.4,0.415804511364738,0.3784246575342466,0.9711779448621554,0.6769641189809257,0.035489948622341526,2,1,113,5,0.9576271186440678,0.9912280701754386,0.9741379310344828,0.6666666666666666,0.2857142857142857,0.4,Logistic Regression,8,6,0.5,0.5,{'clf__C': 100}
0.9504132231404959,0.7055137844611529,0.6,0.42857142857142855,0.9824561403508771,0.5,0.4821236116472483,0.47467438494934877,0.9711779448621554,0.6769641189809257,0.035489948622341526,3,2,112,4,0.9655172413793104,0.9824561403508771,0.9739130434782609,0.6,0.42857142857142855,0.5,Logistic Regression,8,6,tuned,0.4083531263723302,{'clf__C': 100}
0.9752066115702479,0.8527568922305764,0.8333333333333334,0.7142857142857143,0.9912280701754386,0.7692307692307693,0.7587215225433354,0.7562122229684352,0.9849624060150376,0.8468537414965986,0.01895213488118941,5,1,113,2,0.9826086956521739,0.9912280701754386,0.9868995633187773,0.8333333333333334,0.7142857142857143,0.7692307692307693,Logistic Regression,8,7,0.5,0.5,{'clf__C': 100}
0.9586776859504132,0.9110275689223057,0.6,0.8571428571428571,0.9649122807017544,0.7058823529411765,0.6970130418894777,0.6844027125717267,0.9849624060150376,0.8468537414965986,0.01895213488118941,6,4,110,1,0.990990990990991,0.9649122807017544,0.9777777777777777,0.6,0.8571428571428571,0.7058823529411765,Logistic Regression,8,7,tuned,0.1776073544237298,{'clf__C': 100}
0.975,0.9078947368421053,0.7142857142857143,0.8333333333333334,0.9824561403508771,0.7692307692307693,0.7586088524687684,0.7560975609756098,0.9883040935672515,0.9047619047619048,0.020507269090118033,5,2,112,1,0.9911504424778761,0.9824561403508771,0.986784140969163,0.7142857142857143,0.8333333333333334,0.7692307692307693,Logistic Regression,8,8,0.5,0.5,{'clf__C': 100}
0.975,0.9078947368421053,0.7142857142857143,0.8333333333333334,0.9824561403508771,0.7692307692307693,0.7586088524687684,0.7560975609756098,0.9883040935672515,0.9047619047619048,0.020507269090118033,5,2,112,1,0.9911504424778761,0.9824561403508771,0.986784140969163,0.7142857142857143,0.8333333333333334,0.7692307692307693,Logistic Regression,8,8,tuned,0.5483801400829297,{'clf__C': 100}
0.9583333333333334,0.7412280701754386,0.6,0.5,0.9824561403508771,0.5454545454545454,0.5262013605584338,0.5238095238095238,0.9444444444444444,0.6830517153097798,0.03079841223935207,3,2,112,3,0.9739130434782609,0.9824561403508771,0.9781659388646288,0.6,0.5,0.5454545454545454,Logistic Regression,8,9,0.5,0.5,{'clf__C': 100}
0.9583333333333334,0.8201754385964912,0.5714285714285714,0.6666666666666666,0.9736842105263158,0.6153846153846154,0.5954671637658074,0.5934959349593496,0.9444444444444444,0.6830517153097798,0.03079841223935207,4,3,111,2,0.9823008849557522,0.9736842105263158,0.9779735682819384,0.5714285714285714,0.6666666666666666,0.6153846153846154,Logistic Regression,8,9,tuned,0.16920446418563956,{'clf__C': 100}
0.9586776859504132,0.741304347826087,0.6,0.5,0.9826086956521739,0.5454545454545454,0.5263876499510503,0.5239968528717546,0.9536231884057971,0.49133372647304535,0.03304363674620966,3,2,113,3,0.9741379310344828,0.9826086956521739,0.9783549783549783,0.6,0.5,0.5454545454545454,Logistic Regression,9,0,0.5,0.5,{'clf__C': 100}
0.9586776859504132,0.741304347826087,0.6,0.5,0.9826086956521739,0.5454545454545454,0.5263876499510503,0.5239968528717546,0.9536231884057971,0.49133372647304535,0.03304363674620966,3,2,113,3,0.9741379310344828,0.9826086956521739,0.9783549783549783,0.6,0.5,0.5454545454545454,Logistic Regression,9,0,tuned,0.491302596724113,{'clf__C': 100}
0.9669421487603306,0.8246376811594203,0.6666666666666666,0.6666666666666666,0.9826086956521739,0.6666666666666666,0.6492753623188405,0.6492753623188405,0.9782608695652173,0.7464285714285713,0.02532373954961865,4,2,113,2,0.9826086956521739,0.9826086956521739,0.9826086956521739,0.6666666666666666,0.6666666666666666,0.6666666666666666,Logistic Regression,9,1,0.5,0.5,{'clf__C': 100}
0.9669421487603306,0.8246376811594203,0.6666666666666666,0.6666666666666666,0.9826086956521739,0.6666666666666666,0.6492753623188405,0.6492753623188405,0.9782608695652173,0.7464285714285713,0.02532373954961865,4,2,113,2,0.9826086956521739,0.9826086956521739,0.9826086956521739,0.6666666666666666,0.6666666666666666,0.6666666666666666,Logistic Regression,9,1,tuned,0.36075590591942447,{'clf__C': 100}
0.9504132231404959,0.7725563909774436,0.5714285714285714,0.5714285714285714,0.9736842105263158,0.5714285714285714,0.5451127819548872,0.5451127819548872,0.9724310776942355,0.7734107997265891,0.03174093632988501,4,3,111,3,0.9736842105263158,0.9736842105263158,0.9736842105263158,0.5714285714285714,0.5714285714285714,0.5714285714285714,Logistic Regression,9,2,0.5,0.5,{'clf__C': 100}
0.9338842975206612,0.7637844611528821,0.4444444444444444,0.5714285714285714,0.956140350877193,0.5,0.46940788889987284,0.4651933701657458,0.9724310776942355,0.7734107997265891,0.03174093632988501,4,5,109,3,0.9732142857142857,0.956140350877193,0.9646017699115044,0.4444444444444444,0.5714285714285714,0.5,Logistic Regression,9,2,tuned,0.24547157500245118,{'clf__C': 100}
0.9421487603305785,0.6340852130325814,0.5,0.2857142857142857,0.9824561403508771,0.36363636363636365,0.3501784379632934,0.33568627450980393,0.974937343358396,0.6988095238095238,0.030852029225525053,2,2,112,5,0.9572649572649573,0.9824561403508771,0.9696969696969697,0.5,0.2857142857142857,0.36363636363636365,Logistic Regression,9,3,0.5,0.5,{'clf__C': 100}
0.9586776859504132,0.7769423558897243,0.6666666666666666,0.5714285714285714,0.9824561403508771,0.6153846153846154,0.5956570390127073,0.5936870382807253,0.974937343358396,0.6988095238095238,0.030852029225525053,4,2,112,3,0.9739130434782609,0.9824561403508771,0.9781659388646288,0.6666666666666666,0.5714285714285714,0.6153846153846154,Logistic Regression,9,3,tuned,0.3144757901848679,{'clf__C': 100}
0.9586776859504132,0.7098997493734336,0.75,0.42857142857142855,0.9912280701754386,0.5454545454545454,0.5481765267182397,0.5254901960784313,0.9548872180451129,0.7671630814487957,0.02618648411799588,3,1,113,4,0.9658119658119658,0.9912280701754386,0.9783549783549783,0.75,0.42857142857142855,0.5454545454545454,Logistic Regression,9,4,0.5,0.5,{'clf__C': 100}
0.9586776859504132,0.8439849624060151,0.625,0.7142857142857143,0.9736842105263158,0.6666666666666666,0.6463781742612354,0.6447445684086905,0.9548872180451129,0.7671630814487957,0.02618648411799588,5,3,111,2,0.9823008849557522,0.9736842105263158,0.9779735682819384,0.625,0.7142857142857143,0.6666666666666666,Logistic Regression,9,4,tuned,0.2523544113009397,{'clf__C': 100}
0.9669421487603306,0.7142857142857143,1.0,0.42857142857142855,1.0,0.6,0.6434621850078751,0.5856164383561644,0.9774436090225564,0.801360544217687,0.02830813327736666,3,0,114,4,0.9661016949152542,1.0,0.9827586206896551,1.0,0.42857142857142855,0.6,Logistic Regression,9,5,0.5,0.5,{'clf__C': 10}
0.9338842975206612,0.8308270676691729,0.45454545454545453,0.7142857142857143,0.9473684210526315,0.5555555555555556,0.537328395407574,0.5217391304347826,0.9774436090225564,0.801360544217687,0.02830813327736666,5,6,108,2,0.9818181818181818,0.9473684210526315,0.9642857142857143,0.45454545454545453,0.7142857142857143,0.5555555555555556,Logistic Regression,9,5,tuned,0.18551226482594438,{'clf__C': 10}
0.9669421487603306,0.781328320802005,0.8,0.5714285714285714,0.9912280701754386,0.6666666666666666,0.6599801878951662,0.6497829232995658,0.976190476190476,0.7124999999999999,0.027952677425034753,4,1,113,3,0.9741379310344828,0.9912280701754386,0.9826086956521739,0.8,0.5714285714285714,0.6666666666666666,Logistic Regression,9,6,0.5,0.5,{'clf__C': 100}
0.9752066115702479,0.8527568922305764,0.8333333333333334,0.7142857142857143,0.9912280701754386,0.7692307692307693,0.7587215225433354,0.7562122229684352,0.976190476190476,0.7124999999999999,0.027952677425034753,5,1,113,2,0.9826086956521739,0.9912280701754386,0.9868995633187773,0.8333333333333334,0.7142857142857143,0.7692307692307693,Logistic Regression,9,6,tuned,0.3849221278002914,{'clf__C': 100}
0.9504132231404959,0.7725563909774436,0.5714285714285714,0.5714285714285714,0.9736842105263158,0.5714285714285714,0.5451127819548872,0.5451127819548872,0.9536340852130326,0.6984006734006734,0.03541872070298676,4,3,111,3,0.9736842105263158,0.9736842105263158,0.9736842105263158,0.5714285714285714,0.5714285714285714,0.5714285714285714,Logistic Regression,9,7,0.5,0.5,{'clf__C': 100}
0.9173553719008265,0.8220551378446115,0.38461538461538464,0.7142857142857143,0.9298245614035088,0.5,0.4855993753606083,0.45933869526362825,0.9536340852130326,0.6984006734006734,0.03541872070298676,5,8,106,2,0.9814814814814815,0.9298245614035088,0.954954954954955,0.38461538461538464,0.7142857142857143,0.5,Logistic Regression,9,7,tuned,0.33268845113266093,{'clf__C': 100}
0.9666666666666667,0.7456140350877193,0.75,0.5,0.9912280701754386,0.6,0.596420051979227,0.5833333333333333,0.9722222222222222,0.7851190476190476,0.02245537730788568,3,1,113,3,0.9741379310344828,0.9912280701754386,0.9826086956521739,0.75,0.5,0.6,Logistic Regression,9,8,0.5,0.5,{'clf__C': 100}
0.9666666666666667,0.7456140350877193,0.75,0.5,0.9912280701754386,0.6,0.596420051979227,0.5833333333333333,0.9722222222222222,0.7851190476190476,0.02245537730788568,3,1,113,3,0.9741379310344828,0.9912280701754386,0.9826086956521739,0.75,0.5,0.6,Logistic Regression,9,8,tuned,0.5238567466414399,{'clf__C': 100}
0.975,0.75,1.0,0.5,1.0,0.6666666666666666,0.6979824404521128,0.6551724137931034,0.9532163742690059,0.6808857808857809,0.03015608867361514,3,0,114,3,0.9743589743589743,1.0,0.987012987012987,1.0,0.5,0.6666666666666666,Logistic Regression,9,9,0.5,0.5,{'clf__C': 100}
0.9666666666666667,0.6666666666666666,1.0,0.3333333333333333,1.0,0.5,0.567480306535024,0.4871794871794872,0.9532163742690059,0.6808857808857809,0.03015608867361514,2,0,114,4,0.9661016949152542,1.0,0.9827586206896551,1.0,0.3333333333333333,0.5,Logistic Regression,9,9,tuned,0.54803473612512,{'clf__C': 100}
0.9669421487603306,0.6666666666666666,1.0,0.3333333333333333,1.0,0.5,0.5675639625104965,0.4872881355932204,0.9695652173913044,0.8122222222222223,0.023574508845707314,2,0,115,4,0.9663865546218487,1.0,0.9829059829059829,1.0,0.3333333333333333,0.5,SVM,0,0,0.5,0.5,"{'clf__C': 10, 'clf__gamma': 0.01}"
0.9752066115702479,0.8289855072463768,0.8,0.6666666666666666,0.991304347826087,0.7272727272727273,0.7176576368702007,0.7143981117230527,0.9695652173913044,0.8122222222222223,0.023574508845707314,4,1,114,2,0.9827586206896551,0.991304347826087,0.987012987012987,0.8,0.6666666666666666,0.7272727272727273,SVM,0,0,tuned,0.3115564953077686,"{'clf__C': 10, 'clf__gamma': 0.01}"
0.9669421487603306,0.8246376811594203,0.6666666666666666,0.6666666666666666,0.9826086956521739,0.6666666666666666,0.6492753623188405,0.6492753623188405,0.9840579710144928,0.6627344877344876,0.027061149731926092,4,2,113,2,0.9826086956521739,0.9826086956521739,0.9826086956521739,0.6666666666666666,0.6666666666666666,0.6666666666666666,SVM,0,1,0.5,0.5,"{'clf__C': 10, 'clf__gamma': 0.01}"
0.9752066115702479,0.8289855072463768,0.8,0.6666666666666666,0.991304347826087,0.7272727272727273,0.7176576368702007,0.7143981117230527,0.9840579710144928,0.6627344877344876,0.027061149731926092,4,1,114,2,0.9827586206896551,0.991304347826087,0.987012987012987,0.8,0.6666666666666666,0.7272727272727273,SVM,0,1,tuned,0.5420123995203642,"{'clf__C': 10, 'clf__gamma': 0.01}"
0.9586776859504132,0.6428571428571428,1.0,0.2857142857142857,1.0,0.4444444444444444,0.5231725181940632,0.4297832233741753,0.9624060150375939,0.6982898422526904,0.03336646734020016,2,0,114,5,0.957983193277311,1.0,0.9785407725321889,1.0,0.2857142857142857,0.4444444444444444,SVM,0,2,0.5,0.5,"{'clf__C': 10, 'clf__gamma': 0.01}"
0.9669421487603306,0.7142857142857143,1.0,0.42857142857142855,1.0,0.6,0.6434621850078751,0.5856164383561644,0.9624060150375939,0.6982898422526904,0.03336646734020016,3,0,114,4,0.9661016949152542,1.0,0.9827586206896551,1.0,0.42857142857142855,0.6,SVM,0,2,tuned,0.3182010458473008,"{'clf__C': 10, 'clf__gamma': 0.01}"
0.9421487603305785,0.6340852130325814,0.5,0.2857142857142857,0.9824561403508771,0.36363636363636365,0.3501784379632934,0.33568627450980393,0.949874686716792,0.606156462585034,0.03676389408126164,2,2,112,5,0.9572649572649573,0.9824561403508771,0.9696969696969697,0.5,0.2857142857142857,0.36363636363636365,SVM,0,3,0.5,0.5,"{'clf__C': 0.1, 'clf__gamma': 0.01}"
0.9421487603305785,0.7011278195488722,0.5,0.42857142857142855,0.9736842105263158,0.46153846153846156,0.4325925554820793,0.4311618535930154,0.949874686716792,0.606156462585034,0.03676389408126164,3,3,111,4,0.9652173913043478,0.9736842105263158,0.9694323144104804,0.5,0.42857142857142855,0.46153846153846156,SVM,0,3,tuned,0.34852577438275084,"{'clf__C': 0.1, 'clf__gamma': 0.01}"
0.9752066115702479,0.7857142857142857,1.0,0.5714285714285714,1.0,0.7272727272727273,0.7461746154731859,0.7152941176470589,0.9724310776942356,0.8916256157635467,0.018968754675086547,4,0,114,3,0.9743589743589743,1.0,0.987012987012987,1.0,0.5714285714285714,0.7272727272727273,SVM,0,4,0.5,0.5,"{'clf__C': 10, 'clf__gamma': 0.01}"
0.9834710743801653,0.9241854636591478,0.8571428571428571,0.8571428571428571,0.9912280701754386,0.8571428571428571,0.8483709273182958,0.8483709273182958,0.9724310776942356,0.8916256157635467,0.018968754675086547,6,1,113,1,0.9912280701754386,0.9912280701754386,0.9912280701754386,0.8571428571428571,0.8571428571428571,0.8571428571428571,SVM,0,4,tuned,0.29884808960392256,"{'clf__C': 10, 'clf__gamma': 0.01}"
0.9504132231404959,0.8395989974937343,0.5555555555555556,0.7142857142857143,0.9649122807017544,0.625,0.6043208450919978,0.5988950276243094,0.968671679197995,0.7801484230055657,0.03454679988102862,5,4,110,2,0.9821428571428571,0.9649122807017544,0.9734513274336283,0.5555555555555556,0.7142857142857143,0.625,SVM,0,5,0.5,0.5,"{'clf__C': 10, 'clf__gamma': 0.01}"
0.9173553719008265,0.8220551378446115,0.38461538461538464,0.7142857142857143,0.9298245614035088,0.5,0.4855993753606083,0.45933869526362825,0.968671679197995,0.7801484230055657,0.03454679988102862,5,8,106,2,0.9814814814814815,0.9298245614035088,0.954954954954955,0.38461538461538464,0.7142857142857143,0.5,SVM,0,5,tuned,0.2646866443900068,"{'clf__C': 10, 'clf__gamma': 0.01}"
0.9504132231404959,0.7725563909774436,0.5714285714285714,0.5714285714285714,0.9736842105263158,0.5714285714285714,0.5451127819548872,0.5451127819548872,0.949874686716792,0.6846390168970813,0.03284871225838715,4,3,111,3,0.9736842105263158,0.9736842105263158,0.9736842105263158,0.5714285714285714,0.5714285714285714,0.5714285714285714,SVM,0,6,0.5,0.5,"{'clf__C': 10, 'clf__gamma': 0.01}"
0.9338842975206612,0.7637844611528821,0.4444444444444444,0.5714285714285714,0.956140350877193,0.5,0.46940788889987284,0.4651933701657458,0.949874686716792,0.6846390168970813,0.03284871225838715,4,5,109,3,0.9732142857142857,0.956140350877193,0.9646017699115044,0.4444444444444444,0.5714285714285714,0.5,SVM,0,6,tuned,0.31561439945075365,"{'clf__C': 10, 'clf__gamma': 0.01}"
0.9504132231404959,0.6384711779448622,0.6666666666666666,0.2857142857142857,0.9912280701754386,0.4,0.415804511364738,0.3784246575342466,0.9523809523809523,0.47499226963512675,0.04425854677723132,2,1,113,5,0.9576271186440678,0.9912280701754386,0.9741379310344828,0.6666666666666666,0.2857142857142857,0.4,SVM,0,7,0.5,0.5,"{'clf__C': 10, 'clf__gamma': 0.01}"
0.9504132231404959,0.6384711779448622,0.6666666666666666,0.2857142857142857,0.9912280701754386,0.4,0.415804511364738,0.3784246575342466,0.9523809523809523,0.47499226963512675,0.04425854677723132,2,1,113,5,0.9576271186440678,0.9912280701754386,0.9741379310344828,0.6666666666666666,0.2857142857142857,0.4,SVM,0,7,tuned,0.39322920171770587,"{'clf__C': 10, 'clf__gamma': 0.01}"
0.9583333333333334,0.5833333333333334,1.0,0.16666666666666666,1.0,0.2857142857142857,0.3995796110241594,0.2753623188405797,0.9634502923976608,0.6081349206349207,0.03127554436048136,1,0,114,5,0.957983193277311,1.0,0.9785407725321889,1.0,0.16666666666666666,0.2857142857142857,SVM,0,8,0.5,0.5,"{'clf__C': 1, 'clf__gamma': 0.01}"
0.95,0.736842105263158,0.5,0.5,0.9736842105263158,0.5,0.47368421052631576,0.4736842105263158,0.9634502923976608,0.6081349206349207,0.03127554436048136,3,3,111,3,0.9736842105263158,0.9736842105263158,0.9736842105263158,0.5,0.5,0.5,SVM,0,8,tuned,0.30378367498210485,"{'clf__C': 1, 'clf__gamma': 0.01}"
0.975,0.75,1.0,0.5,1.0,0.6666666666666666,0.6979824404521128,0.6551724137931034,0.9751461988304094,0.7582282913165266,0.025026047486386652,3,0,114,3,0.9743589743589743,1.0,0.987012987012987,1.0,0.5,0.6666666666666666,SVM,0,9,0.5,0.5,"{'clf__C': 1, 'clf__gamma': 0.01}"
0.9583333333333334,0.7412280701754386,0.6,0.5,0.9824561403508771,0.5454545454545454,0.5262013605584338,0.5238095238095238,0.9751461988304094,0.7582282913165266,0.025026047486386652,3,2,112,3,0.9739130434782609,0.9824561403508771,0.9781659388646288,0.6,0.5,0.5454545454545454,SVM,0,9,tuned,0.26018290029033686,"{'clf__C': 1, 'clf__gamma': 0.01}"
0.9669421487603306,0.9036231884057971,0.625,0.8333333333333334,0.9739130434782609,0.7142857142857143,0.7052554234184422,0.6971214017521903,0.9753623188405797,0.8768115942028986,0.01886263423538943,5,3,112,1,0.9911504424778761,0.9739130434782609,0.9824561403508771,0.625,0.8333333333333334,0.7142857142857143,SVM,1,0,0.5,0.5,"{'clf__C': 1, 'clf__gamma': 0.01}"
0.9586776859504132,0.8992753623188405,0.5555555555555556,0.8333333333333334,0.9652173913043478,0.6666666666666666,0.660688560731237,0.645577035735208,0.9753623188405797,0.8768115942028986,0.01886263423538943,5,4,111,1,0.9910714285714286,0.9652173913043478,0.9779735682819384,0.5555555555555556,0.8333333333333334,0.6666666666666666,SVM,1,0,tuned,0.2691610813745177,"{'clf__C': 1, 'clf__gamma': 0.01}"
0.9586776859504132,0.5833333333333334,1.0,0.16666666666666666,1.0,0.2857142857142857,0.39965262694272663,0.27544910179640714,0.955072463768116,0.6026709401709401,0.032229027952282496,1,0,115,5,0.9583333333333334,1.0,0.9787234042553191,1.0,0.16666666666666666,0.2857142857142857,SVM,1,1,0.5,0.5,"{'clf__C': 1, 'clf__gamma': 0.01}"
0.9504132231404959,0.7369565217391305,0.5,0.5,0.9739130434782609,0.5,0.47391304347826085,0.4739130434782609,0.955072463768116,0.6026709401709401,0.032229027952282496,3,3,112,3,0.9739130434782609,0.9739130434782609,0.9739130434782609,0.5,0.5,0.5,SVM,1,1,tuned,0.3351614759744406,"{'clf__C': 1, 'clf__gamma': 0.01}"
0.9504132231404959,0.6384711779448622,0.6666666666666666,0.2857142857142857,0.9912280701754386,0.4,0.415804511364738,0.3784246575342466,0.9711779448621554,0.6357753357753357,0.03197352223691361,2,1,113,5,0.9576271186440678,0.9912280701754386,0.9741379310344828,0.6666666666666666,0.2857142857142857,0.4,SVM,1,2,0.5,0.5,"{'clf__C': 1, 'clf__gamma': 0.01}"
0.9504132231404959,0.7725563909774436,0.5714285714285714,0.5714285714285714,0.9736842105263158,0.5714285714285714,0.5451127819548872,0.5451127819548872,0.9711779448621554,0.6357753357753357,0.03197352223691361,4,3,111,3,0.9736842105263158,0.9736842105263158,0.9736842105263158,0.5714285714285714,0.5714285714285714,0.5714285714285714,SVM,1,2,tuned,0.4135212191638555,"{'clf__C': 1, 'clf__gamma': 0.01}"
0.9504132231404959,0.7055137844611529,0.6,0.42857142857142855,0.9824561403508771,0.5,0.4821236116472483,0.47467438494934877,0.9172932330827068,0.4548576871157516,0.049434403868002304,3,2,112,4,0.9655172413793104,0.9824561403508771,0.9739130434782609,0.6,0.42857142857142855,0.5,SVM,1,3,0.5,0.5,"{'clf__C': 10, 'clf__gamma': 0.01}"
0.9090909090909091,0.6835839598997494,0.3,0.42857142857142855,0.9385964912280702,0.35294117647058826,0.31131832511222096,0.30568596765779865,0.9172932330827068,0.4548576871157516,0.049434403868002304,3,7,107,4,0.963963963963964,0.9385964912280702,0.9511111111111111,0.3,0.42857142857142855,0.35294117647058826,SVM,1,3,tuned,0.2916721953685869,"{'clf__C': 10, 'clf__gamma': 0.01}"
0.9669421487603306,0.7142857142857143,1.0,0.42857142857142855,1.0,0.6,0.6434621850078751,0.5856164383561644,0.9899749373433584,0.8571428571428572,0.022363194083880326,3,0,114,4,0.9661016949152542,1.0,0.9827586206896551,1.0,0.42857142857142855,0.6,SVM,1,4,0.5,0.5,"{'clf__C': 10, 'clf__gamma': 0.01}"
0.9669421487603306,0.8483709273182958,0.7142857142857143,0.7142857142857143,0.9824561403508771,0.7142857142857143,0.6967418546365914,0.6967418546365916,0.9899749373433584,0.8571428571428572,0.022363194083880326,5,2,112,2,0.9824561403508771,0.9824561403508771,0.9824561403508771,0.7142857142857143,0.7142857142857143,0.7142857142857143,SVM,1,4,tuned,0.33269261280550677,"{'clf__C': 10, 'clf__gamma': 0.01}"
0.9669421487603306,0.781328320802005,0.8,0.5714285714285714,0.9912280701754386,0.6666666666666666,0.6599801878951662,0.6497829232995658,0.9786967418546366,0.819047619047619,0.0273611999939492,4,1,113,3,0.9741379310344828,0.9912280701754386,0.9826086956521739,0.8,0.5714285714285714,0.6666666666666666,SVM,1,5,0.5,0.5,"{'clf__C': 0.1, 'clf__gamma': 0.01}"
0.9752066115702479,0.9197994987468672,0.75,0.8571428571428571,0.9824561403508771,0.8,0.7888403948179012,0.7868467410452143,0.9786967418546366,0.819047619047619,0.0273611999939492,6,2,112,1,0.9911504424778761,0.9824561403508771,0.986784140969163,0.75,0.8571428571428571,0.8,SVM,1,5,tuned,0.3194978500396089,"{'clf__C': 0.1, 'clf__gamma': 0.01}"
0.9504132231404959,0.7055137844611529,0.6,0.42857142857142855,0.9824561403508771,0.5,0.4821236116472483,0.47467438494934877,0.9398496240601504,0.6149350649350649,0.03812558002334131,3,2,112,4,0.9655172413793104,0.9824561403508771,0.9739130434782609,0.6,0.42857142857142855,0.5,SVM,1,6,0.5,0.5,"{'clf__C': 1, 'clf__gamma': 0.01}"
0.9421487603305785,0.7011278195488722,0.5,0.42857142857142855,0.9736842105263158,0.46153846153846156,0.4325925554820793,0.4311618535930154,0.9398496240601504,0.6149350649350649,0.03812558002334131,3,3,111,4,0.9652173913043478,0.9736842105263158,0.9694323144104804,0.5,0.42857142857142855,0.46153846153846156,SVM,1,6,tuned,0.41048783185568805,"{'clf__C': 1, 'clf__gamma': 0.01}"
0.9669421487603306,0.7142857142857143,1.0,0.42857142857142855,1.0,0.6,0.6434621850078751,0.5856164383561644,0.9699248120300752,0.7821146245059287,0.027321912635773923,3,0,114,4,0.9661016949152542,1.0,0.9827586206896551,1.0,0.42857142857142855,0.6,SVM,1,7,0.5,0.5,"{'clf__C': 10, 'clf__gamma': 0.01}"
0.9669421487603306,0.781328320802005,0.8,0.5714285714285714,0.9912280701754386,0.6666666666666666,0.6599801878951662,0.6497829232995658,0.9699248120300752,0.7821146245059287,0.027321912635773923,4,1,113,3,0.9741379310344828,0.9912280701754386,0.9826086956521739,0.8,0.5714285714285714,0.6666666666666666,SVM,1,7,tuned,0.3625527383880551,"{'clf__C': 10, 'clf__gamma': 0.01}"
0.975,0.75,1.0,0.5,1.0,0.6666666666666666,0.6979824404521128,0.6551724137931034,0.9649122807017544,0.7482323232323231,0.02533175013166266,3,0,114,3,0.9743589743589743,1.0,0.987012987012987,1.0,0.5,0.6666666666666666,SVM,1,8,0.5,0.5,"{'clf__C': 1, 'clf__gamma': 0.01}"
0.9666666666666667,0.8245614035087718,0.6666666666666666,0.6666666666666666,0.9824561403508771,0.6666666666666666,0.6491228070175439,0.6491228070175439,0.9649122807017544,0.7482323232323231,0.02533175013166266,4,2,112,2,0.9824561403508771,0.9824561403508771,0.9824561403508771,0.6666666666666666,0.6666666666666666,0.6666666666666666,SVM,1,8,tuned,0.38066344174971695,"{'clf__C': 1, 'clf__gamma': 0.01}"
0.9666666666666667,0.7456140350877193,0.75,0.5,0.9912280701754386,0.6,0.596420051979227,0.5833333333333333,0.9576023391812866,0.6383838383838384,0.030073271258955377,3,1,113,3,0.9741379310344828,0.9912280701754386,0.9826086956521739,0.75,0.5,0.6,SVM,1,9,0.5,0.5,"{'clf__C': 1, 'clf__gamma': 0.01}"
0.9666666666666667,0.7456140350877193,0.75,0.5,0.9912280701754386,0.6,0.596420051979227,0.5833333333333333,0.9576023391812866,0.6383838383838384,0.030073271258955377,3,1,113,3,0.9741379310344828,0.9912280701754386,0.9826086956521739,0.75,0.5,0.6,SVM,1,9,tuned,0.3749275431683971,"{'clf__C': 1, 'clf__gamma': 0.01}"
0.9504132231404959,0.5789855072463769,0.5,0.16666666666666666,0.991304347826087,0.25,0.2689759648419309,0.23093220338983056,0.9376811594202898,0.4698529411764706,0.03613768867081984,1,1,114,5,0.957983193277311,0.991304347826087,0.9743589743589743,0.5,0.16666666666666666,0.25,SVM,2,0,0.5,0.5,"{'clf__C': 0.1, 'clf__gamma': 0.01}"
0.9338842975206612,0.8072463768115942,0.4,0.6666666666666666,0.9478260869565217,0.5,0.4844844269350164,0.46696035242290757,0.9376811594202898,0.4698529411764706,0.03613768867081984,4,6,109,2,0.9819819819819819,0.9478260869565217,0.9646017699115044,0.4,0.6666666666666666,0.5,SVM,2,0,tuned,0.23587358724628346,"{'clf__C': 0.1, 'clf__gamma': 0.01}"
0.9752066115702479,0.8289855072463768,0.8,0.6666666666666666,0.991304347826087,0.7272727272727273,0.7176576368702007,0.7143981117230527,0.9840579710144928,0.8388888888888889,0.019169609846125597,4,1,114,2,0.9827586206896551,0.991304347826087,0.987012987012987,0.8,0.6666666666666666,0.7272727272727273,SVM,2,1,0.5,0.5,"{'clf__C': 1, 'clf__gamma': 0.01}"
0.9504132231404959,0.894927536231884,0.5,0.8333333333333334,0.9565217391304348,0.625,0.6227453129235471,0.6002202643171807,0.9840579710144928,0.8388888888888889,0.019169609846125597,5,5,110,1,0.990990990990991,0.9565217391304348,0.9734513274336283,0.5,0.8333333333333334,0.625,SVM,2,1,tuned,0.16150631800812024,"{'clf__C': 1, 'clf__gamma': 0.01}"
0.9256198347107438,0.49122807017543857,0.0,0.0,0.9824561403508771,0.0,-0.032124628310161774,-0.02639019792648445,0.9197994987468672,0.32784013605442175,0.05253949457517348,0,2,112,7,0.9411764705882353,0.9824561403508771,0.9613733905579399,0.0,0.0,0.0,SVM,2,2,0.5,0.5,"{'clf__C': 1, 'clf__gamma': 0.01}"
0.9090909090909091,0.6165413533834586,0.25,0.2857142857142857,0.9473684210526315,0.26666666666666666,0.21899151259123825,0.21843805049911913,0.9197994987468672,0.32784013605442175,0.05253949457517348,2,6,108,5,0.9557522123893806,0.9473684210526315,0.9515418502202643,0.25,0.2857142857142857,0.26666666666666666,SVM,2,2,tuned,0.3064345509121699,"{'clf__C': 1, 'clf__gamma': 0.01}"
0.9669421487603306,0.781328320802005,0.8,0.5714285714285714,0.9912280701754386,0.6666666666666666,0.6599801878951662,0.6497829232995658,0.9411027568922306,0.6942176870748298,0.02928065701644908,4,1,113,3,0.9741379310344828,0.9912280701754386,0.9826086956521739,0.8,0.5714285714285714,0.6666666666666666,SVM,2,3,0.5,0.5,"{'clf__C': 1, 'clf__gamma': 0.01}"
0.9586776859504132,0.8439849624060151,0.625,0.7142857142857143,0.9736842105263158,0.6666666666666666,0.6463781742612354,0.6447445684086905,0.9411027568922306,0.6942176870748298,0.02928065701644908,5,3,111,2,0.9823008849557522,0.9736842105263158,0.9779735682819384,0.625,0.7142857142857143,0.6666666666666666,SVM,2,3,tuned,0.32983107871254885,"{'clf__C': 1, 'clf__gamma': 0.01}"
0.9752066115702479,0.7857142857142857,1.0,0.5714285714285714,1.0,0.7272727272727273,0.7461746154731859,0.7152941176470589,0.987468671679198,0.8769230769230769,0.022647800453967342,4,0,114,3,0.9743589743589743,1.0,0.987012987012987,1.0,0.5714285714285714,0.7272727272727273,SVM,2,4,0.5,0.5,"{'clf__C': 0.1, 'clf__gamma': 0.01}"
0.9752066115702479,0.8527568922305764,0.8333333333333334,0.7142857142857143,0.9912280701754386,0.7692307692307693,0.7587215225433354,0.7562122229684352,0.987468671679198,0.8769230769230769,0.022647800453967342,5,1,113,2,0.9826086956521739,0.9912280701754386,0.9868995633187773,0.8333333333333334,0.7142857142857143,0.7692307692307693,SVM,2,4,tuned,0.27573223058139273,"{'clf__C': 0.1, 'clf__gamma': 0.01}"
0.9338842975206612,0.56265664160401,0.3333333333333333,0.14285714285714285,0.9824561403508771,0.2,0.1881468377216009,0.17123287671232879,0.918546365914787,0.40752043522979486,0.04732694083262279,1,2,112,6,0.9491525423728814,0.9824561403508771,0.9655172413793104,0.3333333333333333,0.14285714285714285,0.2,SVM,2,5,0.5,0.5,"{'clf__C': 0.1, 'clf__gamma': 0.01}"
0.9256198347107438,0.5582706766917294,0.25,0.14285714285714285,0.9736842105263158,0.18181818181818182,0.1521803492083471,0.14588235294117646,0.918546365914787,0.40752043522979486,0.04732694083262279,1,3,111,6,0.9487179487179487,0.9736842105263158,0.961038961038961,0.25,0.14285714285714285,0.18181818181818182,SVM,2,5,tuned,0.3973645873043346,"{'clf__C': 0.1, 'clf__gamma': 0.01}"
0.9586776859504132,0.8439849624060151,0.625,0.7142857142857143,0.9736842105263158,0.6666666666666666,0.6463781742612354,0.6447445684086905,0.9837092731829573,0.7782312925170067,0.025931532340423342,5,3,111,2,0.9823008849557522,0.9736842105263158,0.9779735682819384,0.625,0.7142857142857143,0.6666666666666666,SVM,2,6,0.5,0.5,"{'clf__C': 10, 'clf__gamma': 0.01}"
0.9421487603305785,0.9692982456140351,0.5,1.0,0.9385964912280702,0.6666666666666666,0.6850534618655941,0.6388059701492537,0.9837092731829573,0.7782312925170067,0.025931532340423342,7,7,107,0,1.0,0.9385964912280702,0.9683257918552036,0.5,1.0,0.6666666666666666,SVM,2,6,tuned,0.21860974812720388,"{'clf__C': 10, 'clf__gamma': 0.01}"
0.9752066115702479,0.7857142857142857,1.0,0.5714285714285714,1.0,0.7272727272727273,0.7461746154731859,0.7152941176470589,0.9912280701754387,0.9136577708006279,0.019317057982249385,4,0,114,3,0.9743589743589743,1.0,0.987012987012987,1.0,0.5714285714285714,0.7272727272727273,SVM,2,7,0.5,0.5,"{'clf__C': 0.1, 'clf__gamma': 0.01}"
0.9834710743801653,0.8571428571428572,1.0,0.7142857142857143,1.0,0.8333333333333334,0.837836764143084,0.8248914616497829,0.9912280701754387,0.9136577708006279,0.019317057982249385,5,0,114,2,0.9827586206896551,1.0,0.991304347826087,1.0,0.7142857142857143,0.8333333333333334,SVM,2,7,tuned,0.3295074909247035,"{'clf__C': 0.1, 'clf__gamma': 0.01}"
0.9583333333333334,0.7412280701754386,0.6,0.5,0.9824561403508771,0.5454545454545454,0.5262013605584338,0.5238095238095238,0.932748538011696,0.5667676767676767,0.03390182358381933,3,2,112,3,0.9739130434782609,0.9824561403508771,0.9781659388646288,0.6,0.5,0.5454545454545454,SVM,2,8,0.5,0.5,"{'clf__C': 1, 'clf__gamma': 0.01}"
0.9583333333333334,0.7412280701754386,0.6,0.5,0.9824561403508771,0.5454545454545454,0.5262013605584338,0.5238095238095238,0.932748538011696,0.5667676767676767,0.03390182358381933,3,2,112,3,0.9739130434782609,0.9824561403508771,0.9781659388646288,0.6,0.5,0.5454545454545454,SVM,2,8,tuned,0.4686679612470511,"{'clf__C': 1, 'clf__gamma': 0.01}"
0.9666666666666667,0.8245614035087718,0.6666666666666666,0.6666666666666666,0.9824561403508771,0.6666666666666666,0.6491228070175439,0.6491228070175439,0.9912280701754386,0.8634920634920635,0.018381623727313667,4,2,112,2,0.9824561403508771,0.9824561403508771,0.9824561403508771,0.6666666666666666,0.6666666666666666,0.6666666666666666,SVM,2,9,0.5,0.5,"{'clf__C': 10, 'clf__gamma': 0.01}"
0.975,0.986842105263158,0.6666666666666666,1.0,0.9736842105263158,0.8,0.8056815791722831,0.7872340425531915,0.9912280701754386,0.8634920634920635,0.018381623727313667,6,3,111,0,1.0,0.9736842105263158,0.9866666666666667,0.6666666666666666,1.0,0.8,SVM,2,9,tuned,0.37846255295192444,"{'clf__C': 10, 'clf__gamma': 0.01}"
0.9338842975206612,0.49130434782608695,0.0,0.0,0.9826086956521739,0.0,-0.029612032826634598,-0.025423728813559254,0.9231884057971015,0.32470936321742777,0.04398370414990416,0,2,113,6,0.9495798319327731,0.9826086956521739,0.9658119658119658,0.0,0.0,0.0,SVM,3,0,0.5,0.5,"{'clf__C': 1, 'clf__gamma': 0.01}"
0.9338842975206612,0.7282608695652174,0.375,0.5,0.9565217391304348,0.42857142857142855,0.3988428337106091,0.39424280350438057,0.9231884057971015,0.32470936321742777,0.04398370414990416,3,5,110,3,0.9734513274336283,0.9565217391304348,0.9649122807017544,0.375,0.5,0.42857142857142855,SVM,3,0,tuned,0.34343131338402266,"{'clf__C': 1, 'clf__gamma': 0.01}"
0.9504132231404959,0.8159420289855073,0.5,0.6666666666666666,0.9652173913043478,0.5714285714285714,0.5520491285645256,0.5456821026282854,0.9652173913043478,0.6721819645732688,0.031003523849881552,4,4,111,2,0.9823008849557522,0.9652173913043478,0.9736842105263158,0.5,0.6666666666666666,0.5714285714285714,SVM,3,1,0.5,0.5,"{'clf__C': 0.1, 'clf__gamma': 0.01}"
0.9504132231404959,0.894927536231884,0.5,0.8333333333333334,0.9565217391304348,0.625,0.6227453129235471,0.6002202643171807,0.9652173913043478,0.6721819645732688,0.031003523849881552,5,5,110,1,0.990990990990991,0.9565217391304348,0.9734513274336283,0.5,0.8333333333333334,0.625,SVM,3,1,tuned,0.34567843488749705,"{'clf__C': 0.1, 'clf__gamma': 0.01}"
0.9669421487603306,0.7142857142857143,1.0,0.42857142857142855,1.0,0.6,0.6434621850078751,0.5856164383561644,0.9661654135338346,0.7638888888888888,0.03154005370080426,3,0,114,4,0.9661016949152542,1.0,0.9827586206896551,1.0,0.42857142857142855,0.6,SVM,3,2,0.5,0.5,"{'clf__C': 10, 'clf__gamma': 0.01}"
0.9338842975206612,0.8978696741854637,0.46153846153846156,0.8571428571428571,0.9385964912280702,0.6,0.599913625202308,0.5674709562109026,0.9661654135338346,0.7638888888888888,0.03154005370080426,6,7,107,1,0.9907407407407407,0.9385964912280702,0.963963963963964,0.46153846153846156,0.8571428571428571,0.6,SVM,3,2,tuned,0.1337136569361206,"{'clf__C': 10, 'clf__gamma': 0.01}"
0.9586776859504132,0.7098997493734336,0.75,0.42857142857142855,0.9912280701754386,0.5454545454545454,0.5481765267182397,0.5254901960784313,0.9385964912280702,0.6346390168970814,0.034896400086055566,3,1,113,4,0.9658119658119658,0.9912280701754386,0.9783549783549783,0.75,0.42857142857142855,0.5454545454545454,SVM,3,3,0.5,0.5,"{'clf__C': 10, 'clf__gamma': 0.01}"
0.9504132231404959,0.7055137844611529,0.6,0.42857142857142855,0.9824561403508771,0.5,0.4821236116472483,0.47467438494934877,0.9385964912280702,0.6346390168970814,0.034896400086055566,3,2,112,4,0.9655172413793104,0.9824561403508771,0.9739130434782609,0.6,0.42857142857142855,0.5,SVM,3,3,tuned,0.3324489915278016,"{'clf__C': 10, 'clf__gamma': 0.01}"
0.9669421487603306,0.781328320802005,0.8,0.5714285714285714,0.9912280701754386,0.6666666666666666,0.6599801878951662,0.6497829232995658,0.9674185463659147,0.6857142857142857,0.02989755508853836,4,1,113,3,0.9741379310344828,0.9912280701754386,0.9826086956521739,0.8,0.5714285714285714,0.6666666666666666,SVM,3,4,0.5,0.5,"{'clf__C': 1, 'clf__gamma': 0.01}"
0.9586776859504132,0.8439849624060151,0.625,0.7142857142857143,0.9736842105263158,0.6666666666666666,0.6463781742612354,0.6447445684086905,0.9674185463659147,0.6857142857142857,0.02989755508853836,5,3,111,2,0.9823008849557522,0.9736842105263158,0.9779735682819384,0.625,0.7142857142857143,0.6666666666666666,SVM,3,4,tuned,0.3612132546554605,"{'clf__C': 1, 'clf__gamma': 0.01}"
0.9752066115702479,0.7857142857142857,1.0,0.5714285714285714,1.0,0.7272727272727273,0.7461746154731859,0.7152941176470589,0.9786967418546366,0.8288220551378445,0.02647558106725355,4,0,114,3,0.9743589743589743,1.0,0.987012987012987,1.0,0.5714285714285714,0.7272727272727273,SVM,3,5,0.5,0.5,"{'clf__C': 0.1, 'clf__gamma': 0.01}"
0.9504132231404959,0.8395989974937343,0.5555555555555556,0.7142857142857143,0.9649122807017544,0.625,0.6043208450919978,0.5988950276243094,0.9786967418546366,0.8288220551378445,0.02647558106725355,5,4,110,2,0.9821428571428571,0.9649122807017544,0.9734513274336283,0.5555555555555556,0.7142857142857143,0.625,SVM,3,5,tuned,0.29178200851969677,"{'clf__C': 0.1, 'clf__gamma': 0.01}"
0.9586776859504132,0.7098997493734336,0.75,0.42857142857142855,0.9912280701754386,0.5454545454545454,0.5481765267182397,0.5254901960784313,0.9348370927318296,0.6102851826536038,0.038757878471022356,3,1,113,4,0.9658119658119658,0.9912280701754386,0.9783549783549783,0.75,0.42857142857142855,0.5454545454545454,SVM,3,6,0.5,0.5,"{'clf__C': 10, 'clf__gamma': 0.01}"
0.9256198347107438,0.6923558897243107,0.375,0.42857142857142855,0.956140350877193,0.4,0.361453733147904,0.36054022313564293,0.9348370927318296,0.6102851826536038,0.038757878471022356,3,5,109,4,0.9646017699115044,0.956140350877193,0.960352422907489,0.375,0.42857142857142855,0.4,SVM,3,6,tuned,0.2852989740227367,"{'clf__C': 10, 'clf__gamma': 0.01}"
0.9504132231404959,0.6384711779448622,0.6666666666666666,0.2857142857142857,0.9912280701754386,0.4,0.415804511364738,0.3784246575342466,0.9749373433583961,0.7007635221920936,0.0293371929865814,2,1,113,5,0.9576271186440678,0.9912280701754386,0.9741379310344828,0.6666666666666666,0.2857142857142857,0.4,SVM,3,7,0.5,0.5,"{'clf__C': 1, 'clf__gamma': 0.01}"
0.9338842975206612,0.7637844611528821,0.4444444444444444,0.5714285714285714,0.956140350877193,0.5,0.46940788889987284,0.4651933701657458,0.9749373433583961,0.7007635221920936,0.0293371929865814,4,5,109,3,0.9732142857142857,0.956140350877193,0.9646017699115044,0.4444444444444444,0.5714285714285714,0.5,SVM,3,7,tuned,0.28257223025994554,"{'clf__C': 1, 'clf__gamma': 0.01}"
0.975,0.75,1.0,0.5,1.0,0.6666666666666666,0.6979824404521128,0.6551724137931034,0.9590643274853801,0.7100389863547758,0.025069486589878825,3,0,114,3,0.9743589743589743,1.0,0.987012987012987,1.0,0.5,0.6666666666666666,SVM,3,8,0.5,0.5,"{'clf__C': 10, 'clf__gamma': 0.01}"
0.975,0.75,1.0,0.5,1.0,0.6666666666666666,0.6979824404521128,0.6551724137931034,0.9590643274853801,0.7100389863547758,0.025069486589878825,3,0,114,3,0.9743589743589743,1.0,0.987012987012987,1.0,0.5,0.6666666666666666,SVM,3,8,tuned,0.46455247105513375,"{'clf__C': 10, 'clf__gamma': 0.01}"
0.975,0.75,1.0,0.5,1.0,0.6666666666666666,0.6979824404521128,0.6551724137931034,0.9941520467836258,0.9166666666666666,0.016132787380688064,3,0,114,3,0.9743589743589743,1.0,0.987012987012987,1.0,0.5,0.6666666666666666,SVM,3,9,0.5,0.5,"{'clf__C': 1, 'clf__gamma': 0.01}"
0.9833333333333333,0.9122807017543859,0.8333333333333334,0.8333333333333334,0.9912280701754386,0.8333333333333334,0.8245614035087719,0.8245614035087719,0.9941520467836258,0.9166666666666666,0.016132787380688064,5,1,113,1,0.9912280701754386,0.9912280701754386,0.9912280701754386,0.8333333333333334,0.8333333333333334,0.8333333333333334,SVM,3,9,tuned,0.29612629842609633,"{'clf__C': 1, 'clf__gamma': 0.01}"
0.9504132231404959,0.6579710144927536,0.5,0.3333333333333333,0.9826086956521739,0.4,0.38362687289130337,0.3752151462994836,0.9507246376811594,0.5210470085470086,0.034998472583707495,2,2,113,4,0.9658119658119658,0.9826086956521739,0.9741379310344828,0.5,0.3333333333333333,0.4,SVM,4,0,0.5,0.5,"{'clf__C': 0.1, 'clf__gamma': 0.01}"
0.9256198347107438,0.7239130434782608,0.3333333333333333,0.5,0.9478260869565217,0.4,0.3705131856006393,0.3620386643233743,0.9507246376811594,0.5210470085470086,0.034998472583707495,3,6,109,3,0.9732142857142857,0.9478260869565217,0.960352422907489,0.3333333333333333,0.5,0.4,SVM,4,0,tuned,0.2909786024605594,"{'clf__C': 0.1, 'clf__gamma': 0.01}"
0.9834710743801653,0.9123188405797102,0.8333333333333334,0.8333333333333334,0.991304347826087,0.8333333333333334,0.8246376811594203,0.8246376811594203,0.9797101449275363,0.8833333333333334,0.02165709463545561,5,1,114,1,0.991304347826087,0.991304347826087,0.991304347826087,0.8333333333333334,0.8333333333333334,0.8333333333333334,SVM,4,1,0.5,0.5,"{'clf__C': 0.1, 'clf__gamma': 0.01}"
0.9421487603305785,0.8905797101449275,0.45454545454545453,0.8333333333333334,0.9478260869565217,0.5882352941176471,0.5898906801202691,0.56,0.9797101449275363,0.8833333333333334,0.02165709463545561,5,6,109,1,0.990909090909091,0.9478260869565217,0.9688888888888889,0.45454545454545453,0.8333333333333334,0.5882352941176471,SVM,4,1,tuned,0.29353154301958223,"{'clf__C': 0.1, 'clf__gamma': 0.01}"
0.9669421487603306,0.781328320802005,0.8,0.5714285714285714,0.9912280701754386,0.6666666666666666,0.6599801878951662,0.6497829232995658,0.9849624060150376,0.6881880024737167,0.02553966481607818,4,1,113,3,0.9741379310344828,0.9912280701754386,0.9826086956521739,0.8,0.5714285714285714,0.6666666666666666,SVM,4,2,0.5,0.5,"{'clf__C': 10, 'clf__gamma': 0.01}"
0.9669421487603306,0.9154135338345865,0.6666666666666666,0.8571428571428571,0.9736842105263158,0.75,0.7392338012841227,0.7325966850828729,0.9849624060150376,0.6881880024737167,0.02553966481607818,6,3,111,1,0.9910714285714286,0.9736842105263158,0.9823008849557522,0.6666666666666666,0.8571428571428571,0.75,SVM,4,2,tuned,0.3464562111206239,"{'clf__C': 10, 'clf__gamma': 0.01}"
0.9669421487603306,0.781328320802005,0.8,0.5714285714285714,0.9912280701754386,0.6666666666666666,0.6599801878951662,0.6497829232995658,0.956140350877193,0.7513056835637482,0.02896337344008359,4,1,113,3,0.9741379310344828,0.9912280701754386,0.9826086956521739,0.8,0.5714285714285714,0.6666666666666666,SVM,4,3,0.5,0.5,"{'clf__C': 10, 'clf__gamma': 0.01}"
0.9752066115702479,0.8527568922305764,0.8333333333333334,0.7142857142857143,0.9912280701754386,0.7692307692307693,0.7587215225433354,0.7562122229684352,0.956140350877193,0.7513056835637482,0.02896337344008359,5,1,113,2,0.9826086956521739,0.9912280701754386,0.9868995633187773,0.8333333333333334,0.7142857142857143,0.7692307692307693,SVM,4,3,tuned,0.47531418290989313,"{'clf__C': 10, 'clf__gamma': 0.01}"
0.9669421487603306,0.781328320802005,0.8,0.5714285714285714,0.9912280701754386,0.6666666666666666,0.6599801878951662,0.6497829232995658,0.9536340852130326,0.7252964426877471,0.028100127623960344,4,1,113,3,0.9741379310344828,0.9912280701754386,0.9826086956521739,0.8,0.5714285714285714,0.6666666666666666,SVM,4,4,0.5,0.5,"{'clf__C': 10, 'clf__gamma': 0.01}"
0.9421487603305785,0.768170426065163,0.5,0.5714285714285714,0.9649122807017544,0.5333333333333333,0.5039159537045698,0.5026423957721667,0.9536340852130326,0.7252964426877471,0.028100127623960344,4,4,110,3,0.9734513274336283,0.9649122807017544,0.9691629955947136,0.5,0.5714285714285714,0.5333333333333333,SVM,4,4,tuned,0.23136580457458122,"{'clf__C': 10, 'clf__gamma': 0.01}"
0.9421487603305785,0.5670426065162907,0.5,0.14285714285714285,0.9912280701754386,0.2222222222222222,0.2455239449419507,0.20169651272384537,0.9035087719298246,0.45913593507578465,0.04478596098964529,1,1,113,6,0.9495798319327731,0.9912280701754386,0.9699570815450643,0.5,0.14285714285714285,0.2222222222222222,SVM,4,5,0.5,0.5,"{'clf__C': 10, 'clf__gamma': 0.01}"
0.9256198347107438,0.62531328320802,0.3333333333333333,0.2857142857142857,0.9649122807017544,0.3076923076923077,0.2695280719514513,0.2686366689053056,0.9035087719298246,0.45913593507578465,0.04478596098964529,2,4,110,5,0.9565217391304348,0.9649122807017544,0.9606986899563319,0.3333333333333333,0.2857142857142857,0.3076923076923077,SVM,4,5,tuned,0.2738989853644626,"{'clf__C': 10, 'clf__gamma': 0.01}"
0.9504132231404959,0.5714285714285714,1.0,0.14285714285714285,1.0,0.25,0.3683941988065036,0.23899371069182385,0.9636591478696741,0.6334467120181406,0.039039467173544444,1,0,114,6,0.95,1.0,0.9743589743589743,1.0,0.14285714285714285,0.25,SVM,4,6,0.5,0.5,"{'clf__C': 0.1, 'clf__gamma': 0.01}"
0.9338842975206612,0.6296992481203008,0.4,0.2857142857142857,0.9736842105263158,0.3333333333333333,0.3042670353993305,0.29956584659913166,0.9636591478696741,0.6334467120181406,0.039039467173544444,2,3,111,5,0.9568965517241379,0.9736842105263158,0.9652173913043478,0.4,0.2857142857142857,0.3333333333333333,SVM,4,6,tuned,0.21599288127219402,"{'clf__C': 0.1, 'clf__gamma': 0.01}"
0.9586776859504132,0.7098997493734336,0.75,0.42857142857142855,0.9912280701754386,0.5454545454545454,0.5481765267182397,0.5254901960784313,0.9736842105263158,0.7018707482993196,0.030883732583972565,3,1,113,4,0.9658119658119658,0.9912280701754386,0.9783549783549783,0.75,0.42857142857142855,0.5454545454545454,SVM,4,7,0.5,0.5,"{'clf__C': 10, 'clf__gamma': 0.01}"
0.9504132231404959,0.7725563909774436,0.5714285714285714,0.5714285714285714,0.9736842105263158,0.5714285714285714,0.5451127819548872,0.5451127819548872,0.9736842105263158,0.7018707482993196,0.030883732583972565,4,3,111,3,0.9736842105263158,0.9736842105263158,0.9736842105263158,0.5714285714285714,0.5714285714285714,0.5714285714285714,SVM,4,7,tuned,0.33899780931579787,"{'clf__C': 10, 'clf__gamma': 0.01}"
0.95,0.6578947368421052,0.5,0.3333333333333333,0.9824561403508771,0.4,0.3834128905580745,0.375,0.9751461988304093,0.6306267806267807,0.027474822748047873,2,2,112,4,0.9655172413793104,0.9824561403508771,0.9739130434782609,0.5,0.3333333333333333,0.4,SVM,4,8,0.5,0.5,"{'clf__C': 1, 'clf__gamma': 0.01}"
0.9583333333333334,0.8201754385964912,0.5714285714285714,0.6666666666666666,0.9736842105263158,0.6153846153846154,0.5954671637658074,0.5934959349593496,0.9751461988304093,0.6306267806267807,0.027474822748047873,4,3,111,2,0.9823008849557522,0.9736842105263158,0.9779735682819384,0.5714285714285714,0.6666666666666666,0.6153846153846154,SVM,4,8,tuned,0.29813477294289237,"{'clf__C': 1, 'clf__gamma': 0.01}"
0.975,0.75,1.0,0.5,1.0,0.6666666666666666,0.6979824404521128,0.6551724137931034,0.9517543859649122,0.7498274672187716,0.022918606380376103,3,0,114,3,0.9743589743589743,1.0,0.987012987012987,1.0,0.5,0.6666666666666666,SVM,4,9,0.5,0.5,"{'clf__C': 10, 'clf__gamma': 0.01}"
0.9833333333333333,0.8333333333333333,1.0,0.6666666666666666,1.0,0.8,0.8094272134003795,0.7916666666666666,0.9517543859649122,0.7498274672187716,0.022918606380376103,4,0,114,2,0.9827586206896551,1.0,0.991304347826087,1.0,0.6666666666666666,0.8,SVM,4,9,tuned,0.31868535105394996,"{'clf__C': 10, 'clf__gamma': 0.01}"
0.9752066115702479,0.75,1.0,0.5,1.0,0.6666666666666666,0.6980602664478336,0.6552706552706553,0.9840579710144928,0.8680555555555556,0.020554089381837476,3,0,115,3,0.9745762711864406,1.0,0.9871244635193133,1.0,0.5,0.6666666666666666,SVM,5,0,0.5,0.5,"{'clf__C': 0.1, 'clf__gamma': 0.01}"
0.9752066115702479,0.9079710144927536,0.7142857142857143,0.8333333333333334,0.9826086956521739,0.7692307692307693,0.7587215225433354,0.7562122229684352,0.9840579710144928,0.8680555555555556,0.020554089381837476,5,2,113,1,0.9912280701754386,0.9826086956521739,0.9868995633187773,0.7142857142857143,0.8333333333333334,0.7692307692307693,SVM,5,0,tuned,0.2782000468794854,"{'clf__C': 0.1, 'clf__gamma': 0.01}"
0.9586776859504132,0.6623188405797101,0.6666666666666666,0.3333333333333333,0.991304347826087,0.4444444444444444,0.4532333324183035,0.4254510921177588,0.9507246376811593,0.5669312169312168,0.03351800720376033,2,1,114,4,0.9661016949152542,0.991304347826087,0.9785407725321889,0.6666666666666666,0.3333333333333333,0.4444444444444444,SVM,5,1,0.5,0.5,"{'clf__C': 10, 'clf__gamma': 0.01}"
0.9504132231404959,0.7369565217391305,0.5,0.5,0.9739130434782609,0.5,0.47391304347826085,0.4739130434782609,0.9507246376811593,0.5669312169312168,0.03351800720376033,3,3,112,3,0.9739130434782609,0.9739130434782609,0.9739130434782609,0.5,0.5,0.5,SVM,5,1,tuned,0.23034485301969354,"{'clf__C': 10, 'clf__gamma': 0.01}"
0.9752066115702479,0.7857142857142857,1.0,0.5714285714285714,1.0,0.7272727272727273,0.7461746154731859,0.7152941176470589,0.9774436090225564,0.7933150183150184,0.026615373714558452,4,0,114,3,0.9743589743589743,1.0,0.987012987012987,1.0,0.5714285714285714,0.7272727272727273,SVM,5,2,0.5,0.5,"{'clf__C': 10, 'clf__gamma': 0.01}"
0.9504132231404959,0.7725563909774436,0.5714285714285714,0.5714285714285714,0.9736842105263158,0.5714285714285714,0.5451127819548872,0.5451127819548872,0.9774436090225564,0.7933150183150184,0.026615373714558452,4,3,111,3,0.9736842105263158,0.9736842105263158,0.9736842105263158,0.5714285714285714,0.5714285714285714,0.5714285714285714,SVM,5,2,tuned,0.23332416545944126,"{'clf__C': 10, 'clf__gamma': 0.01}"
0.9586776859504132,0.7769423558897243,0.6666666666666666,0.5714285714285714,0.9824561403508771,0.6153846153846154,0.5956570390127073,0.5936870382807253,0.9060150375939848,0.6391596638655461,0.034249339418338326,4,2,112,3,0.9739130434782609,0.9824561403508771,0.9781659388646288,0.6666666666666666,0.5714285714285714,0.6153846153846154,SVM,5,3,0.5,0.5,"{'clf__C': 0.1, 'clf__gamma': 0.01}"
0.9256198347107438,0.7593984962406015,0.4,0.5714285714285714,0.9473684210526315,0.47058823529411764,0.43988323070463986,0.431924882629108,0.9060150375939848,0.6391596638655461,0.034249339418338326,4,6,108,3,0.972972972972973,0.9473684210526315,0.96,0.4,0.5714285714285714,0.47058823529411764,SVM,5,3,tuned,0.22894285917310686,"{'clf__C': 0.1, 'clf__gamma': 0.01}"
0.9669421487603306,0.7142857142857143,1.0,0.42857142857142855,1.0,0.6,0.6434621850078751,0.5856164383561644,0.9724310776942356,0.7118437118437118,0.028797461485827167,3,0,114,4,0.9661016949152542,1.0,0.9827586206896551,1.0,0.42857142857142855,0.6,SVM,5,4,0.5,0.5,"{'clf__C': 0.1, 'clf__gamma': 0.01}"
0.9421487603305785,0.8352130325814536,0.5,0.7142857142857143,0.956140350877193,0.5882352941176471,0.5684481362970587,0.5581637976004172,0.9724310776942356,0.7118437118437118,0.028797461485827167,5,5,109,2,0.9819819819819819,0.956140350877193,0.9688888888888889,0.5,0.7142857142857143,0.5882352941176471,SVM,5,4,tuned,0.2509413150052244,"{'clf__C': 0.1, 'clf__gamma': 0.01}"
0.9504132231404959,0.6384711779448622,0.6666666666666666,0.2857142857142857,0.9912280701754386,0.4,0.415804511364738,0.3784246575342466,0.962406015037594,0.6584724799010513,0.03535347980239406,2,1,113,5,0.9576271186440678,0.9912280701754386,0.9741379310344828,0.6666666666666666,0.2857142857142857,0.4,SVM,5,5,0.5,0.5,"{'clf__C': 0.1, 'clf__gamma': 0.01}"
0.9504132231404959,0.7055137844611529,0.6,0.42857142857142855,0.9824561403508771,0.5,0.4821236116472483,0.47467438494934877,0.962406015037594,0.6584724799010513,0.03535347980239406,3,2,112,4,0.9655172413793104,0.9824561403508771,0.9739130434782609,0.6,0.42857142857142855,0.5,SVM,5,5,tuned,0.4276225308784973,"{'clf__C': 0.1, 'clf__gamma': 0.01}"
0.9421487603305785,0.9022556390977443,0.5,0.8571428571428571,0.9473684210526315,0.631578947368421,0.6283906441721637,0.6025340215861098,0.9849624060150377,0.7065149136577707,0.03192011785710795,6,6,108,1,0.9908256880733946,0.9473684210526315,0.968609865470852,0.5,0.8571428571428571,0.631578947368421,SVM,5,6,0.5,0.5,"{'clf__C': 0.1, 'clf__gamma': 0.01}"
0.9173553719008265,0.956140350877193,0.4117647058823529,1.0,0.9122807017543859,0.5833333333333334,0.6128988455202387,0.5461365341335334,0.9849624060150377,0.7065149136577707,0.03192011785710795,7,10,104,0,1.0,0.9122807017543859,0.9541284403669725,0.4117647058823529,1.0,0.5833333333333334,SVM,5,6,tuned,0.3161998384202714,"{'clf__C': 0.1, 'clf__gamma': 0.01}"
0.9586776859504132,0.6428571428571428,1.0,0.2857142857142857,1.0,0.4444444444444444,0.5231725181940632,0.4297832233741753,0.9761904761904763,0.7671201814058957,0.02889680618749091,2,0,114,5,0.957983193277311,1.0,0.9785407725321889,1.0,0.2857142857142857,0.4444444444444444,SVM,5,7,0.5,0.5,"{'clf__C': 10, 'clf__gamma': 0.01}"
0.9338842975206612,0.8978696741854637,0.46153846153846156,0.8571428571428571,0.9385964912280702,0.6,0.599913625202308,0.5674709562109026,0.9761904761904763,0.7671201814058957,0.02889680618749091,6,7,107,1,0.9907407407407407,0.9385964912280702,0.963963963963964,0.46153846153846156,0.8571428571428571,0.6,SVM,5,7,tuned,0.14131481122395534,"{'clf__C': 10, 'clf__gamma': 0.01}"
0.95,0.5,0.0,0.0,1.0,0.0,0.0,0.0,0.9619883040935672,0.5327380952380951,0.032926829121582346,0,0,114,6,0.95,1.0,0.9743589743589743,0.0,0.0,0.0,SVM,5,8,0.5,0.5,"{'clf__C': 0.1, 'clf__gamma': 0.01}"
0.95,0.5,0.0,0.0,1.0,0.0,0.0,0.0,0.9619883040935672,0.5327380952380951,0.032926829121582346,0,0,114,6,0.95,1.0,0.9743589743589743,0.0,0.0,0.0,SVM,5,8,tuned,0.4662221078681472,"{'clf__C': 0.1, 'clf__gamma': 0.01}"
0.9666666666666667,0.8245614035087718,0.6666666666666666,0.6666666666666666,0.9824561403508771,0.6666666666666666,0.6491228070175439,0.6491228070175439,0.9400584795321638,0.7022407022407022,0.030472466787977055,4,2,112,2,0.9824561403508771,0.9824561403508771,0.9824561403508771,0.6666666666666666,0.6666666666666666,0.6666666666666666,SVM,5,9,0.5,0.5,"{'clf__C': 0.1, 'clf__gamma': 0.01}"
0.9083333333333333,0.8728070175438596,0.3333333333333333,0.8333333333333334,0.9122807017543859,0.47619047619047616,0.491362316063668,0.4358974358974359,0.9400584795321638,0.7022407022407022,0.030472466787977055,5,10,104,1,0.9904761904761905,0.9122807017543859,0.9497716894977168,0.3333333333333333,0.8333333333333334,0.47619047619047616,SVM,5,9,tuned,0.21539906584014723,"{'clf__C': 0.1, 'clf__gamma': 0.01}"
0.9586776859504132,0.5833333333333334,1.0,0.16666666666666666,1.0,0.2857142857142857,0.39965262694272663,0.27544910179640714,0.9637681159420289,0.5895002658160552,0.02914246282837113,1,0,115,5,0.9583333333333334,1.0,0.9787234042553191,1.0,0.16666666666666666,0.2857142857142857,SVM,6,0,0.5,0.5,"{'clf__C': 1, 'clf__gamma': 0.01}"
0.9586776859504132,0.741304347826087,0.6,0.5,0.9826086956521739,0.5454545454545454,0.5263876499510503,0.5239968528717546,0.9637681159420289,0.5895002658160552,0.02914246282837113,3,2,113,3,0.9741379310344828,0.9826086956521739,0.9783549783549783,0.6,0.5,0.5454545454545454,SVM,6,0,tuned,0.37856119247162523,"{'clf__C': 1, 'clf__gamma': 0.01}"
0.9586776859504132,0.5833333333333334,1.0,0.16666666666666666,1.0,0.2857142857142857,0.39965262694272663,0.27544910179640714,0.9463768115942028,0.5294612794612794,0.033663508768691064,1,0,115,5,0.9583333333333334,1.0,0.9787234042553191,1.0,0.16666666666666666,0.2857142857142857,SVM,6,1,0.5,0.5,"{'clf__C': 10, 'clf__gamma': 0.01}"
0.9504132231404959,0.6579710144927536,0.5,0.3333333333333333,0.9826086956521739,0.4,0.38362687289130337,0.3752151462994836,0.9463768115942028,0.5294612794612794,0.033663508768691064,2,2,113,4,0.9658119658119658,0.9826086956521739,0.9741379310344828,0.5,0.3333333333333333,0.4,SVM,6,1,tuned,0.33666599843359635,"{'clf__C': 10, 'clf__gamma': 0.01}"
0.9504132231404959,0.6384711779448622,0.6666666666666666,0.2857142857142857,0.9912280701754386,0.4,0.415804511364738,0.3784246575342466,0.9649122807017544,0.548327664399093,0.04057754236336308,2,1,113,5,0.9576271186440678,0.9912280701754386,0.9741379310344828,0.6666666666666666,0.2857142857142857,0.4,SVM,6,2,0.5,0.5,"{'clf__C': 1, 'clf__gamma': 0.01}"
0.9421487603305785,0.7011278195488722,0.5,0.42857142857142855,0.9736842105263158,0.46153846153846156,0.4325925554820793,0.4311618535930154,0.9649122807017544,0.548327664399093,0.04057754236336308,3,3,111,4,0.9652173913043478,0.9736842105263158,0.9694323144104804,0.5,0.42857142857142855,0.46153846153846156,SVM,6,2,tuned,0.2516870944162848,"{'clf__C': 1, 'clf__gamma': 0.01}"
0.9504132231404959,0.6384711779448622,0.6666666666666666,0.2857142857142857,0.9912280701754386,0.4,0.415804511364738,0.3784246575342466,0.9223057644110275,0.5761243682425948,0.037636990318323016,2,1,113,5,0.9576271186440678,0.9912280701754386,0.9741379310344828,0.6666666666666666,0.2857142857142857,0.4,SVM,6,3,0.5,0.5,"{'clf__C': 1, 'clf__gamma': 0.01}"
0.9338842975206612,0.7637844611528821,0.4444444444444444,0.5714285714285714,0.956140350877193,0.5,0.46940788889987284,0.4651933701657458,0.9223057644110275,0.5761243682425948,0.037636990318323016,4,5,109,3,0.9732142857142857,0.956140350877193,0.9646017699115044,0.4444444444444444,0.5714285714285714,0.5,SVM,6,3,tuned,0.3191224847463375,"{'clf__C': 1, 'clf__gamma': 0.01}"
0.9586776859504132,0.7098997493734336,0.75,0.42857142857142855,0.9912280701754386,0.5454545454545454,0.5481765267182397,0.5254901960784313,0.9761904761904763,0.6857975357975357,0.030070410237153167,3,1,113,4,0.9658119658119658,0.9912280701754386,0.9783549783549783,0.75,0.42857142857142855,0.5454545454545454,SVM,6,4,0.5,0.5,"{'clf__C': 10, 'clf__gamma': 0.01}"
0.9669421487603306,0.781328320802005,0.8,0.5714285714285714,0.9912280701754386,0.6666666666666666,0.6599801878951662,0.6497829232995658,0.9761904761904763,0.6857975357975357,0.030070410237153167,4,1,113,3,0.9741379310344828,0.9912280701754386,0.9826086956521739,0.8,0.5714285714285714,0.6666666666666666,SVM,6,4,tuned,0.3325083026219787,"{'clf__C': 10, 'clf__gamma': 0.01}"
0.9504132231404959,0.7055137844611529,0.6,0.42857142857142855,0.9824561403508771,0.5,0.4821236116472483,0.47467438494934877,0.9385964912280702,0.5149972181028082,0.04290027526627272,3,2,112,4,0.9655172413793104,0.9824561403508771,0.9739130434782609,0.6,0.42857142857142855,0.5,SVM,6,5,0.5,0.5,"{'clf__C': 10, 'clf__gamma': 0.01}"
0.9256198347107438,0.6923558897243107,0.375,0.42857142857142855,0.956140350877193,0.4,0.361453733147904,0.36054022313564293,0.9385964912280702,0.5149972181028082,0.04290027526627272,3,5,109,4,0.9646017699115044,0.956140350877193,0.960352422907489,0.375,0.42857142857142855,0.4,SVM,6,5,tuned,0.38871854906833486,"{'clf__C': 10, 'clf__gamma': 0.01}"
0.9752066115702479,0.7857142857142857,1.0,0.5714285714285714,1.0,0.7272727272727273,0.7461746154731859,0.7152941176470589,0.9461152882205514,0.7158385093167701,0.030826578134666122,4,0,114,3,0.9743589743589743,1.0,0.987012987012987,1.0,0.5714285714285714,0.7272727272727273,SVM,6,6,0.5,0.5,"{'clf__C': 0.1, 'clf__gamma': 0.01}"
0.9421487603305785,0.768170426065163,0.5,0.5714285714285714,0.9649122807017544,0.5333333333333333,0.5039159537045698,0.5026423957721667,0.9461152882205514,0.7158385093167701,0.030826578134666122,4,4,110,3,0.9734513274336283,0.9649122807017544,0.9691629955947136,0.5,0.5714285714285714,0.5333333333333333,SVM,6,6,tuned,0.19713735250772854,"{'clf__C': 0.1, 'clf__gamma': 0.01}"
0.9669421487603306,0.7142857142857143,1.0,0.42857142857142855,1.0,0.6,0.6434621850078751,0.5856164383561644,0.9949874686716792,0.9093537414965986,0.022321963235962722,3,0,114,4,0.9661016949152542,1.0,0.9827586206896551,1.0,0.42857142857142855,0.6,SVM,6,7,0.5,0.5,"{'clf__C': 0.1, 'clf__gamma': 0.01}"
0.9917355371900827,0.9956140350877193,0.875,1.0,0.9912280701754386,0.9333333333333333,0.931302615374567,0.9289489136817382,0.9949874686716792,0.9093537414965986,0.022321963235962722,7,1,113,0,1.0,0.9912280701754386,0.9955947136563876,0.875,1.0,0.9333333333333333,SVM,6,7,tuned,0.27200753593614957,"{'clf__C': 0.1, 'clf__gamma': 0.01}"
0.95,0.6578947368421052,0.5,0.3333333333333333,0.9824561403508771,0.4,0.3834128905580745,0.375,0.9649122807017544,0.6641025641025641,0.030644240099018324,2,2,112,4,0.9655172413793104,0.9824561403508771,0.9739130434782609,0.5,0.3333333333333333,0.4,SVM,6,8,0.5,0.5,"{'clf__C': 1, 'clf__gamma': 0.01}"
0.9583333333333334,0.8201754385964912,0.5714285714285714,0.6666666666666666,0.9736842105263158,0.6153846153846154,0.5954671637658074,0.5934959349593496,0.9649122807017544,0.6641025641025641,0.030644240099018324,4,3,111,2,0.9823008849557522,0.9736842105263158,0.9779735682819384,0.5714285714285714,0.6666666666666666,0.6153846153846154,SVM,6,8,tuned,0.411375313440341,"{'clf__C': 1, 'clf__gamma': 0.01}"
0.9833333333333333,0.9122807017543859,0.8333333333333334,0.8333333333333334,0.9912280701754386,0.8333333333333334,0.8245614035087719,0.8245614035087719,0.9912280701754387,0.9166666666666667,0.016210506247461946,5,1,113,1,0.9912280701754386,0.9912280701754386,0.9912280701754386,0.8333333333333334,0.8333333333333334,0.8333333333333334,SVM,6,9,0.5,0.5,"{'clf__C': 10, 'clf__gamma': 0.01}"
0.95,0.8947368421052632,0.5,0.8333333333333334,0.956140350877193,0.625,0.6225430174794672,0.6,0.9912280701754387,0.9166666666666667,0.016210506247461946,5,5,109,1,0.990909090909091,0.956140350877193,0.9732142857142857,0.5,0.8333333333333334,0.625,SVM,6,9,tuned,0.14650301406853483,"{'clf__C': 10, 'clf__gamma': 0.01}"
0.9669421487603306,0.7456521739130435,0.75,0.5,0.991304347826087,0.6,0.5965573849089534,0.5834767641996558,0.9753623188405798,0.7694444444444445,0.025102210700654846,3,1,114,3,0.9743589743589743,0.991304347826087,0.9827586206896551,0.75,0.5,0.6,SVM,7,0,0.5,0.5,"{'clf__C': 0.1, 'clf__gamma': 0.01}"
0.9586776859504132,0.8202898550724638,0.5714285714285714,0.6666666666666666,0.9739130434782609,0.6153846153846154,0.5956570390127073,0.5936870382807253,0.9753623188405798,0.7694444444444445,0.025102210700654846,4,3,112,2,0.9824561403508771,0.9739130434782609,0.9781659388646288,0.5714285714285714,0.6666666666666666,0.6153846153846154,SVM,7,0,tuned,0.3896236780675063,"{'clf__C': 0.1, 'clf__gamma': 0.01}"
0.9586776859504132,0.8202898550724638,0.5714285714285714,0.6666666666666666,0.9739130434782609,0.6153846153846154,0.5956570390127073,0.5936870382807253,0.9478260869565218,0.47152777777777777,0.03877581504167908,4,3,112,2,0.9824561403508771,0.9739130434782609,0.9781659388646288,0.5714285714285714,0.6666666666666666,0.6153846153846154,SVM,7,1,0.5,0.5,"{'clf__C': 10, 'clf__gamma': 0.01}"
0.9256198347107438,0.8028985507246377,0.36363636363636365,0.6666666666666666,0.9391304347826087,0.47058823529411764,0.457466241725923,0.4342857142857143,0.9478260869565218,0.47152777777777777,0.03877581504167908,4,7,108,2,0.9818181818181818,0.9391304347826087,0.96,0.36363636363636365,0.6666666666666666,0.47058823529411764,SVM,7,1,tuned,0.32307950489548193,"{'clf__C': 10, 'clf__gamma': 0.01}"
0.9669421487603306,0.8483709273182958,0.7142857142857143,0.7142857142857143,0.9824561403508771,0.7142857142857143,0.6967418546365914,0.6967418546365916,0.9674185463659147,0.8130952380952381,0.029632900948355367,5,2,112,2,0.9824561403508771,0.9824561403508771,0.9824561403508771,0.7142857142857143,0.7142857142857143,0.7142857142857143,SVM,7,2,0.5,0.5,"{'clf__C': 10, 'clf__gamma': 0.01}"
0.9504132231404959,0.8395989974937343,0.5555555555555556,0.7142857142857143,0.9649122807017544,0.625,0.6043208450919978,0.5988950276243094,0.9674185463659147,0.8130952380952381,0.029632900948355367,5,4,110,2,0.9821428571428571,0.9649122807017544,0.9734513274336283,0.5555555555555556,0.7142857142857143,0.625,SVM,7,2,tuned,0.36806714844258775,"{'clf__C': 10, 'clf__gamma': 0.01}"
0.9834710743801653,0.8571428571428572,1.0,0.7142857142857143,1.0,0.8333333333333334,0.837836764143084,0.8248914616497829,0.9899749373433584,0.892857142857143,0.021030939360623054,5,0,114,2,0.9827586206896551,1.0,0.991304347826087,1.0,0.7142857142857143,0.8333333333333334,SVM,7,3,0.5,0.5,"{'clf__C': 10, 'clf__gamma': 0.1}"
0.9504132231404959,0.9736842105263157,0.5384615384615384,1.0,0.9473684210526315,0.7,0.7142278750440075,0.675603217158177,0.9899749373433584,0.892857142857143,0.021030939360623054,7,6,108,0,1.0,0.9473684210526315,0.972972972972973,0.5384615384615384,1.0,0.7,SVM,7,3,tuned,0.16642334146635254,"{'clf__C': 10, 'clf__gamma': 0.1}"
0.9669421487603306,0.7142857142857143,1.0,0.42857142857142855,1.0,0.6,0.6434621850078751,0.5856164383561644,0.9298245614035087,0.6439575830332132,0.03563305068131002,3,0,114,4,0.9661016949152542,1.0,0.9827586206896551,1.0,0.42857142857142855,0.6,SVM,7,4,0.5,0.5,"{'clf__C': 10, 'clf__gamma': 0.01}"
0.9173553719008265,0.7550125313283208,0.36363636363636365,0.5714285714285714,0.9385964912280702,0.4444444444444444,0.4141906381266716,0.40217391304347827,0.9298245614035087,0.6439575830332132,0.03563305068131002,4,7,107,3,0.9727272727272728,0.9385964912280702,0.9553571428571429,0.36363636363636365,0.5714285714285714,0.4444444444444444,SVM,7,4,tuned,0.22428992864134262,"{'clf__C': 10, 'clf__gamma': 0.01}"
0.9504132231404959,0.5714285714285714,1.0,0.14285714285714285,1.0,0.25,0.3683941988065036,0.23899371069182385,0.9774436090225564,0.7695054945054944,0.03262438746734288,1,0,114,6,0.95,1.0,0.9743589743589743,1.0,0.14285714285714285,0.25,SVM,7,5,0.5,0.5,"{'clf__C': 10, 'clf__gamma': 0.01}"
0.9669421487603306,0.7142857142857143,1.0,0.42857142857142855,1.0,0.6,0.6434621850078751,0.5856164383561644,0.9774436090225564,0.7695054945054944,0.03262438746734288,3,0,114,4,0.9661016949152542,1.0,0.9827586206896551,1.0,0.42857142857142855,0.6,SVM,7,5,tuned,0.2704549716894528,"{'clf__C': 10, 'clf__gamma': 0.01}"
0.9586776859504132,0.7098997493734336,0.75,0.42857142857142855,0.9912280701754386,0.5454545454545454,0.5481765267182397,0.5254901960784313,0.9611528822055139,0.7071018062397372,0.029710806462592085,3,1,113,4,0.9658119658119658,0.9912280701754386,0.9783549783549783,0.75,0.42857142857142855,0.5454545454545454,SVM,7,6,0.5,0.5,"{'clf__C': 10, 'clf__gamma': 0.01}"
0.9504132231404959,0.7725563909774436,0.5714285714285714,0.5714285714285714,0.9736842105263158,0.5714285714285714,0.5451127819548872,0.5451127819548872,0.9611528822055139,0.7071018062397372,0.029710806462592085,4,3,111,3,0.9736842105263158,0.9736842105263158,0.9736842105263158,0.5714285714285714,0.5714285714285714,0.5714285714285714,SVM,7,6,tuned,0.3167379047343386,"{'clf__C': 10, 'clf__gamma': 0.01}"
0.9586776859504132,0.7098997493734336,0.75,0.42857142857142855,0.9912280701754386,0.5454545454545454,0.5481765267182397,0.5254901960784313,0.9624060150375939,0.6142333856619571,0.035576394189407515,3,1,113,4,0.9658119658119658,0.9912280701754386,0.9783549783549783,0.75,0.42857142857142855,0.5454545454545454,SVM,7,7,0.5,0.5,"{'clf__C': 1, 'clf__gamma': 0.01}"
0.9504132231404959,0.7055137844611529,0.6,0.42857142857142855,0.9824561403508771,0.5,0.4821236116472483,0.47467438494934877,0.9624060150375939,0.6142333856619571,0.035576394189407515,3,2,112,4,0.9655172413793104,0.9824561403508771,0.9739130434782609,0.6,0.42857142857142855,0.5,SVM,7,7,tuned,0.36783496753382117,"{'clf__C': 1, 'clf__gamma': 0.01}"
0.9416666666666667,0.5745614035087719,0.3333333333333333,0.16666666666666666,0.9824561403508771,0.2222222222222222,0.20817020153834945,0.1954022988505747,0.9605263157894737,0.48333333333333334,0.03423553673208447,1,2,112,5,0.9572649572649573,0.9824561403508771,0.9696969696969697,0.3333333333333333,0.16666666666666666,0.2222222222222222,SVM,7,8,0.5,0.5,"{'clf__C': 0.1, 'clf__gamma': 0.01}"
0.9416666666666667,0.5745614035087719,0.3333333333333333,0.16666666666666666,0.9824561403508771,0.2222222222222222,0.20817020153834945,0.1954022988505747,0.9605263157894737,0.48333333333333334,0.03423553673208447,1,2,112,5,0.9572649572649573,0.9824561403508771,0.9696969696969697,0.3333333333333333,0.16666666666666666,0.2222222222222222,SVM,7,8,tuned,0.5485245606049741,"{'clf__C': 0.1, 'clf__gamma': 0.01}"
0.9666666666666667,0.7456140350877193,0.75,0.5,0.9912280701754386,0.6,0.596420051979227,0.5833333333333333,0.9576023391812866,0.6585497835497836,0.028025538282268926,3,1,113,3,0.9741379310344828,0.9912280701754386,0.9826086956521739,0.75,0.5,0.6,SVM,7,9,0.5,0.5,"{'clf__C': 10, 'clf__gamma': 0.01}"
0.9583333333333334,0.8201754385964912,0.5714285714285714,0.6666666666666666,0.9736842105263158,0.6153846153846154,0.5954671637658074,0.5934959349593496,0.9576023391812866,0.6585497835497836,0.028025538282268926,4,3,111,2,0.9823008849557522,0.9736842105263158,0.9779735682819384,0.5714285714285714,0.6666666666666666,0.6153846153846154,SVM,7,9,tuned,0.31063428182513375,"{'clf__C': 10, 'clf__gamma': 0.01}"
0.9586776859504132,0.741304347826087,0.6,0.5,0.9826086956521739,0.5454545454545454,0.5263876499510503,0.5239968528717546,0.9710144927536232,0.684090909090909,0.027725676502270622,3,2,113,3,0.9741379310344828,0.9826086956521739,0.9783549783549783,0.6,0.5,0.5454545454545454,SVM,8,0,0.5,0.5,"{'clf__C': 10, 'clf__gamma': 0.01}"
0.9586776859504132,0.741304347826087,0.6,0.5,0.9826086956521739,0.5454545454545454,0.5263876499510503,0.5239968528717546,0.9710144927536232,0.684090909090909,0.027725676502270622,3,2,113,3,0.9741379310344828,0.9826086956521739,0.9783549783549783,0.6,0.5,0.5454545454545454,SVM,8,0,tuned,0.47206793084473025,"{'clf__C': 10, 'clf__gamma': 0.01}"
0.9669421487603306,0.7456521739130435,0.75,0.5,0.991304347826087,0.6,0.5965573849089534,0.5834767641996558,0.9246376811594202,0.529265873015873,0.03599628653577961,3,1,114,3,0.9743589743589743,0.991304347826087,0.9827586206896551,0.75,0.5,0.6,SVM,8,1,0.5,0.5,"{'clf__C': 10, 'clf__gamma': 0.01}"
0.9090909090909091,0.7152173913043478,0.2727272727272727,0.5,0.9304347826086956,0.35294117647058826,0.32504180333157684,0.3085714285714286,0.9246376811594202,0.529265873015873,0.03599628653577961,3,8,107,3,0.9727272727272728,0.9304347826086956,0.9511111111111111,0.2727272727272727,0.5,0.35294117647058826,SVM,8,1,tuned,0.23014286497187877,"{'clf__C': 10, 'clf__gamma': 0.01}"
0.9752066115702479,0.8527568922305764,0.8333333333333334,0.7142857142857143,0.9912280701754386,0.7692307692307693,0.7587215225433354,0.7562122229684352,0.9674185463659147,0.8679846938775508,0.02024114091340218,5,1,113,2,0.9826086956521739,0.9912280701754386,0.9868995633187773,0.8333333333333334,0.7142857142857143,0.7692307692307693,SVM,8,2,0.5,0.5,"{'clf__C': 10, 'clf__gamma': 0.01}"
0.9669421487603306,0.9154135338345865,0.6666666666666666,0.8571428571428571,0.9736842105263158,0.75,0.7392338012841227,0.7325966850828729,0.9674185463659147,0.8679846938775508,0.02024114091340218,6,3,111,1,0.9910714285714286,0.9736842105263158,0.9823008849557522,0.6666666666666666,0.8571428571428571,0.75,SVM,8,2,tuned,0.26311491159046685,"{'clf__C': 10, 'clf__gamma': 0.01}"
0.9586776859504132,0.7098997493734336,0.75,0.42857142857142855,0.9912280701754386,0.5454545454545454,0.5481765267182397,0.5254901960784313,0.9573934837092732,0.5556277056277056,0.03698637534396119,3,1,113,4,0.9658119658119658,0.9912280701754386,0.9783549783549783,0.75,0.42857142857142855,0.5454545454545454,SVM,8,3,0.5,0.5,"{'clf__C': 0.1, 'clf__gamma': 0.01}"
0.9421487603305785,0.768170426065163,0.5,0.5714285714285714,0.9649122807017544,0.5333333333333333,0.5039159537045698,0.5026423957721667,0.9573934837092732,0.5556277056277056,0.03698637534396119,4,4,110,3,0.9734513274336283,0.9649122807017544,0.9691629955947136,0.5,0.5714285714285714,0.5333333333333333,SVM,8,3,tuned,0.33484255251154943,"{'clf__C': 0.1, 'clf__gamma': 0.01}"
0.9504132231404959,0.5714285714285714,1.0,0.14285714285714285,1.0,0.25,0.3683941988065036,0.23899371069182385,0.9573934837092732,0.6834573294200623,0.035420897709918575,1,0,114,6,0.95,1.0,0.9743589743589743,1.0,0.14285714285714285,0.25,SVM,8,4,0.5,0.5,"{'clf__C': 1, 'clf__gamma': 0.01}"
0.9504132231404959,0.7725563909774436,0.5714285714285714,0.5714285714285714,0.9736842105263158,0.5714285714285714,0.5451127819548872,0.5451127819548872,0.9573934837092732,0.6834573294200623,0.035420897709918575,4,3,111,3,0.9736842105263158,0.9736842105263158,0.9736842105263158,0.5714285714285714,0.5714285714285714,0.5714285714285714,SVM,8,4,tuned,0.2697882479483252,"{'clf__C': 1, 'clf__gamma': 0.01}"
0.9173553719008265,0.4868421052631579,0.0,0.0,0.9736842105263158,0.0,-0.03951083592153619,-0.03595890410958913,0.931077694235589,0.3262368583797155,0.047213141275605615,0,3,111,7,0.940677966101695,0.9736842105263158,0.9568965517241379,0.0,0.0,0.0,SVM,8,5,0.5,0.5,"{'clf__C': 10, 'clf__gamma': 0.01}"
0.9090909090909091,0.5494987468671679,0.16666666666666666,0.14285714285714285,0.956140350877193,0.15384615384615385,0.10646358842082325,0.10611148421759564,0.931077694235589,0.3262368583797155,0.047213141275605615,1,5,109,6,0.9478260869565217,0.956140350877193,0.9519650655021834,0.16666666666666666,0.14285714285714285,0.15384615384615385,SVM,8,5,tuned,0.3435426722085288,"{'clf__C': 10, 'clf__gamma': 0.01}"
0.9504132231404959,0.6384711779448622,0.6666666666666666,0.2857142857142857,0.9912280701754386,0.4,0.415804511364738,0.3784246575342466,0.9661654135338346,0.6521213748657357,0.035046297575953934,2,1,113,5,0.9576271186440678,0.9912280701754386,0.9741379310344828,0.6666666666666666,0.2857142857142857,0.4,SVM,8,6,0.5,0.5,"{'clf__C': 10, 'clf__gamma': 0.01}"
0.9421487603305785,0.7011278195488722,0.5,0.42857142857142855,0.9736842105263158,0.46153846153846156,0.4325925554820793,0.4311618535930154,0.9661654135338346,0.6521213748657357,0.035046297575953934,3,3,111,4,0.9652173913043478,0.9736842105263158,0.9694323144104804,0.5,0.42857142857142855,0.46153846153846156,SVM,8,6,tuned,0.2465173587811945,"{'clf__C': 10, 'clf__gamma': 0.01}"
0.9834710743801653,0.8571428571428572,1.0,0.7142857142857143,1.0,0.8333333333333334,0.837836764143084,0.8248914616497829,0.9937343358395989,0.9404761904761905,0.019309787637777888,5,0,114,2,0.9827586206896551,1.0,0.991304347826087,1.0,0.7142857142857143,0.8333333333333334,SVM,8,7,0.5,0.5,"{'clf__C': 1, 'clf__gamma': 0.01}"
0.9752066115702479,0.9197994987468672,0.75,0.8571428571428571,0.9824561403508771,0.8,0.7888403948179012,0.7868467410452143,0.9937343358395989,0.9404761904761905,0.019309787637777888,6,2,112,1,0.9911504424778761,0.9824561403508771,0.986784140969163,0.75,0.8571428571428571,0.8,SVM,8,7,tuned,0.22157303977673146,"{'clf__C': 1, 'clf__gamma': 0.01}"
0.9666666666666667,0.7456140350877193,0.75,0.5,0.9912280701754386,0.6,0.596420051979227,0.5833333333333333,0.9883040935672515,0.8432900432900432,0.020384057200767264,3,1,113,3,0.9741379310344828,0.9912280701754386,0.9826086956521739,0.75,0.5,0.6,SVM,8,8,0.5,0.5,"{'clf__C': 0.1, 'clf__gamma': 0.01}"
0.9666666666666667,0.9035087719298246,0.625,0.8333333333333334,0.9736842105263158,0.7142857142857143,0.7051102404077108,0.696969696969697,0.9883040935672515,0.8432900432900432,0.020384057200767264,5,3,111,1,0.9910714285714286,0.9736842105263158,0.9823008849557522,0.625,0.8333333333333334,0.7142857142857143,SVM,8,8,tuned,0.38618659419251006,"{'clf__C': 0.1, 'clf__gamma': 0.01}"
0.9583333333333334,0.6622807017543859,0.6666666666666666,0.3333333333333333,0.9912280701754386,0.4444444444444444,0.45307632099523115,0.425287356321839,0.9312865497076024,0.574813258636788,0.032958441307129986,2,1,113,4,0.9658119658119658,0.9912280701754386,0.9783549783549783,0.6666666666666666,0.3333333333333333,0.4444444444444444,SVM,8,9,0.5,0.5,"{'clf__C': 0.1, 'clf__gamma': 0.01}"
0.95,0.8157894736842105,0.5,0.6666666666666666,0.9649122807017544,0.5714285714285714,0.5518254055364693,0.5454545454545454,0.9312865497076024,0.574813258636788,0.032958441307129986,4,4,110,2,0.9821428571428571,0.9649122807017544,0.9734513274336283,0.5,0.6666666666666666,0.5714285714285714,SVM,8,9,tuned,0.16741638791711078,"{'clf__C': 0.1, 'clf__gamma': 0.01}"
0.9504132231404959,0.6579710144927536,0.5,0.3333333333333333,0.9826086956521739,0.4,0.38362687289130337,0.3752151462994836,0.9507246376811593,0.5363354037267081,0.03500281843189176,2,2,113,4,0.9658119658119658,0.9826086956521739,0.9741379310344828,0.5,0.3333333333333333,0.4,SVM,9,0,0.5,0.5,"{'clf__C': 10, 'clf__gamma': 0.01}"
0.9421487603305785,0.7326086956521739,0.42857142857142855,0.5,0.9652173913043478,0.46153846153846156,0.4325925554820793,0.4311618535930154,0.9507246376811593,0.5363354037267081,0.03500281843189176,3,4,111,3,0.9736842105263158,0.9652173913043478,0.9694323144104804,0.42857142857142855,0.5,0.46153846153846156,SVM,9,0,tuned,0.4023126779465882,"{'clf__C': 10, 'clf__gamma': 0.01}"
0.9669421487603306,0.7456521739130435,0.75,0.5,0.991304347826087,0.6,0.5965573849089534,0.5834767641996558,0.9681159420289855,0.7097222222222221,0.027019859749271583,3,1,114,3,0.9743589743589743,0.991304347826087,0.9827586206896551,0.75,0.5,0.6,SVM,9,1,0.5,0.5,"{'clf__C': 1, 'clf__gamma': 0.01}"
0.9338842975206612,0.8072463768115942,0.4,0.6666666666666666,0.9478260869565217,0.5,0.4844844269350164,0.46696035242290757,0.9681159420289855,0.7097222222222221,0.027019859749271583,4,6,109,2,0.9819819819819819,0.9478260869565217,0.9646017699115044,0.4,0.6666666666666666,0.5,SVM,9,1,tuned,0.14990438536318984,"{'clf__C': 1, 'clf__gamma': 0.01}"
0.9669421487603306,0.781328320802005,0.8,0.5714285714285714,0.9912280701754386,0.6666666666666666,0.6599801878951662,0.6497829232995658,0.9586466165413534,0.7052721088435374,0.02944520590169936,4,1,113,3,0.9741379310344828,0.9912280701754386,0.9826086956521739,0.8,0.5714285714285714,0.6666666666666666,SVM,9,2,0.5,0.5,"{'clf__C': 1, 'clf__gamma': 0.01}"
0.9173553719008265,0.8890977443609023,0.4,0.8571428571428571,0.9210526315789473,0.5454545454545454,0.5513045697379877,0.5065252854812398,0.9586466165413534,0.7052721088435374,0.02944520590169936,6,9,105,1,0.9905660377358491,0.9210526315789473,0.9545454545454546,0.4,0.8571428571428571,0.5454545454545454,SVM,9,2,tuned,0.1347360186394637,"{'clf__C': 1, 'clf__gamma': 0.01}"
0.9504132231404959,0.6384711779448622,0.6666666666666666,0.2857142857142857,0.9912280701754386,0.4,0.415804511364738,0.3784246575342466,0.9736842105263158,0.7186507936507935,0.029792937025423457,2,1,113,5,0.9576271186440678,0.9912280701754386,0.9741379310344828,0.6666666666666666,0.2857142857142857,0.4,SVM,9,3,0.5,0.5,"{'clf__C': 10, 'clf__gamma': 0.01}"
0.9586776859504132,0.7769423558897243,0.6666666666666666,0.5714285714285714,0.9824561403508771,0.6153846153846154,0.5956570390127073,0.5936870382807253,0.9736842105263158,0.7186507936507935,0.029792937025423457,4,2,112,3,0.9739130434782609,0.9824561403508771,0.9781659388646288,0.6666666666666666,0.5714285714285714,0.6153846153846154,SVM,9,3,tuned,0.33986605091158884,"{'clf__C': 10, 'clf__gamma': 0.01}"
0.9504132231404959,0.6384711779448622,0.6666666666666666,0.2857142857142857,0.9912280701754386,0.4,0.415804511364738,0.3784246575342466,0.9436090225563909,0.6810701203558347,0.03098238367054281,2,1,113,5,0.9576271186440678,0.9912280701754386,0.9741379310344828,0.6666666666666666,0.2857142857142857,0.4,SVM,9,4,0.5,0.5,"{'clf__C': 1, 'clf__gamma': 0.01}"
0.9421487603305785,0.8352130325814536,0.5,0.7142857142857143,0.956140350877193,0.5882352941176471,0.5684481362970587,0.5581637976004172,0.9436090225563909,0.6810701203558347,0.03098238367054281,5,5,109,2,0.9819819819819819,0.956140350877193,0.9688888888888889,0.5,0.7142857142857143,0.5882352941176471,SVM,9,4,tuned,0.2920009283027599,"{'clf__C': 1, 'clf__gamma': 0.01}"
0.9752066115702479,0.7857142857142857,1.0,0.5714285714285714,1.0,0.7272727272727273,0.7461746154731859,0.7152941176470589,0.968671679197995,0.7803030303030303,0.026758800214286584,4,0,114,3,0.9743589743589743,1.0,0.987012987012987,1.0,0.5714285714285714,0.7272727272727273,SVM,9,5,0.5,0.5,"{'clf__C': 1, 'clf__gamma': 0.01}"
0.9586776859504132,0.7769423558897243,0.6666666666666666,0.5714285714285714,0.9824561403508771,0.6153846153846154,0.5956570390127073,0.5936870382807253,0.968671679197995,0.7803030303030303,0.026758800214286584,4,2,112,3,0.9739130434782609,0.9824561403508771,0.9781659388646288,0.6666666666666666,0.5714285714285714,0.6153846153846154,SVM,9,5,tuned,0.3113144262375352,"{'clf__C': 1, 'clf__gamma': 0.01}"
0.9586776859504132,0.7769423558897243,0.6666666666666666,0.5714285714285714,0.9824561403508771,0.6153846153846154,0.5956570390127073,0.5936870382807253,0.9348370927318297,0.5572681704260651,0.03247395694562658,4,2,112,3,0.9739130434782609,0.9824561403508771,0.9781659388646288,0.6666666666666666,0.5714285714285714,0.6153846153846154,SVM,9,6,0.5,0.5,"{'clf__C': 0.1, 'clf__gamma': 0.01}"
0.9586776859504132,0.7769423558897243,0.6666666666666666,0.5714285714285714,0.9824561403508771,0.6153846153846154,0.5956570390127073,0.5936870382807253,0.9348370927318297,0.5572681704260651,0.03247395694562658,4,2,112,3,0.9739130434782609,0.9824561403508771,0.9781659388646288,0.6666666666666666,0.5714285714285714,0.6153846153846154,SVM,9,6,tuned,0.36199834049651436,"{'clf__C': 0.1, 'clf__gamma': 0.01}"
0.9586776859504132,0.7098997493734336,0.75,0.42857142857142855,0.9912280701754386,0.5454545454545454,0.5481765267182397,0.5254901960784313,0.9461152882205515,0.6584042523892146,0.0353637749725754,3,1,113,4,0.9658119658119658,0.9912280701754386,0.9783549783549783,0.75,0.42857142857142855,0.5454545454545454,SVM,9,7,0.5,0.5,"{'clf__C': 0.1, 'clf__gamma': 0.01}"
0.9504132231404959,0.7725563909774436,0.5714285714285714,0.5714285714285714,0.9736842105263158,0.5714285714285714,0.5451127819548872,0.5451127819548872,0.9461152882205515,0.6584042523892146,0.0353637749725754,4,3,111,3,0.9736842105263158,0.9736842105263158,0.9736842105263158,0.5714285714285714,0.5714285714285714,0.5714285714285714,SVM,9,7,tuned,0.3741632240343779,"{'clf__C': 0.1, 'clf__gamma': 0.01}"
0.975,0.75,1.0,0.5,1.0,0.6666666666666666,0.6979824404521128,0.6551724137931034,0.9561403508771931,0.7116402116402116,0.02483420535412089,3,0,114,3,0.9743589743589743,1.0,0.987012987012987,1.0,0.5,0.6666666666666666,SVM,9,8,0.5,0.5,"{'clf__C': 10, 'clf__gamma': 0.01}"
0.975,0.75,1.0,0.5,1.0,0.6666666666666666,0.6979824404521128,0.6551724137931034,0.9561403508771931,0.7116402116402116,0.02483420535412089,3,0,114,3,0.9743589743589743,1.0,0.987012987012987,1.0,0.5,0.6666666666666666,SVM,9,8,tuned,0.4366602612233059,"{'clf__C': 10, 'clf__gamma': 0.01}"
0.9583333333333334,0.5833333333333334,1.0,0.16666666666666666,1.0,0.2857142857142857,0.3995796110241594,0.2753623188405797,0.9517543859649122,0.5910709660709661,0.03086099798439429,1,0,114,5,0.957983193277311,1.0,0.9785407725321889,1.0,0.16666666666666666,0.2857142857142857,SVM,9,9,0.5,0.5,"{'clf__C': 10, 'clf__gamma': 0.01}"
0.9583333333333334,0.6622807017543859,0.6666666666666666,0.3333333333333333,0.9912280701754386,0.4444444444444444,0.45307632099523115,0.425287356321839,0.9517543859649122,0.5910709660709661,0.03086099798439429,2,1,113,4,0.9658119658119658,0.9912280701754386,0.9783549783549783,0.6666666666666666,0.3333333333333333,0.4444444444444444,SVM,9,9,tuned,0.4076700854562409,"{'clf__C': 10, 'clf__gamma': 0.01}"
0.9504132231404959,0.5,0.0,0.0,1.0,0.0,0.0,0.0,0.9507246376811593,0.5567049808429119,0.03271516503551815,0,0,115,6,0.9504132231404959,1.0,0.9745762711864406,0.0,0.0,0.0,Random Forest,0,0,0.5,0.5,"{'clf__max_depth': 10, 'clf__min_samples_leaf': 5}"
0.9669421487603306,0.8246376811594203,0.6666666666666666,0.6666666666666666,0.9826086956521739,0.6666666666666666,0.6492753623188405,0.6492753623188405,0.9507246376811593,0.5567049808429119,0.03271516503551815,4,2,113,2,0.9826086956521739,0.9826086956521739,0.9826086956521739,0.6666666666666666,0.6666666666666666,0.6666666666666666,Random Forest,0,0,tuned,0.22788025872644213,"{'clf__max_depth': 10, 'clf__min_samples_leaf': 5}"
0.9504132231404959,0.5,0.0,0.0,1.0,0.0,0.0,0.0,0.9797101449275363,0.627020202020202,0.03222904457718331,0,0,115,6,0.9504132231404959,1.0,0.9745762711864406,0.0,0.0,0.0,Random Forest,0,1,0.5,0.5,"{'clf__max_depth': None, 'clf__min_samples_leaf': 5}"
0.9586776859504132,0.9782608695652174,0.5454545454545454,1.0,0.9565217391304348,0.7058823529411765,0.7223151185146153,0.6857142857142857,0.9797101449275363,0.627020202020202,0.03222904457718331,6,5,110,0,1.0,0.9565217391304348,0.9777777777777777,0.5454545454545454,1.0,0.7058823529411765,Random Forest,0,1,tuned,0.2090743078518856,"{'clf__max_depth': None, 'clf__min_samples_leaf': 5}"
0.9504132231404959,0.5714285714285714,1.0,0.14285714285714285,1.0,0.25,0.3683941988065036,0.23899371069182385,0.9592731829573934,0.7396753573224162,0.03800293847566575,1,0,114,6,0.95,1.0,0.9743589743589743,1.0,0.14285714285714285,0.25,Random Forest,0,2,0.5,0.5,"{'clf__max_depth': None, 'clf__min_samples_leaf': 1}"
0.9669421487603306,0.781328320802005,0.8,0.5714285714285714,0.9912280701754386,0.6666666666666666,0.6599801878951662,0.6497829232995658,0.9592731829573934,0.7396753573224162,0.03800293847566575,4,1,113,3,0.9741379310344828,0.9912280701754386,0.9826086956521739,0.8,0.5714285714285714,0.6666666666666666,Random Forest,0,2,tuned,0.21,"{'clf__max_depth': None, 'clf__min_samples_leaf': 1}"
0.9421487603305785,0.5,0.0,0.0,1.0,0.0,0.0,0.0,0.9354636591478697,0.4519047619047619,0.042342883379247014,0,0,114,7,0.9421487603305785,1.0,0.9702127659574468,0.0,0.0,0.0,Random Forest,0,3,0.5,0.5,"{'clf__max_depth': None, 'clf__min_samples_leaf': 1}"
0.9504132231404959,0.5714285714285714,1.0,0.14285714285714285,1.0,0.25,0.3683941988065036,0.23899371069182385,0.9354636591478697,0.4519047619047619,0.042342883379247014,1,0,114,6,0.95,1.0,0.9743589743589743,1.0,0.14285714285714285,0.25,Random Forest,0,3,tuned,0.30666666666666664,"{'clf__max_depth': None, 'clf__min_samples_leaf': 1}"
0.9504132231404959,0.5714285714285714,1.0,0.14285714285714285,1.0,0.25,0.3683941988065036,0.23899371069182385,0.9335839598997493,0.6773268398268399,0.037557708242836586,1,0,114,6,0.95,1.0,0.9743589743589743,1.0,0.14285714285714285,0.25,Random Forest,0,4,0.5,0.5,"{'clf__max_depth': 10, 'clf__min_samples_leaf': 5}"
0.9421487603305785,0.8352130325814536,0.5,0.7142857142857143,0.956140350877193,0.5882352941176471,0.5684481362970587,0.5581637976004172,0.9335839598997493,0.6773268398268399,0.037557708242836586,5,5,109,2,0.9819819819819819,0.956140350877193,0.9688888888888889,0.5,0.7142857142857143,0.5882352941176471,Random Forest,0,4,tuned,0.18883740783255823,"{'clf__max_depth': 10, 'clf__min_samples_leaf': 5}"
0.9421487603305785,0.5,0.0,0.0,1.0,0.0,0.0,0.0,0.9285714285714286,0.6808302808302809,0.040837980229007746,0,0,114,7,0.9421487603305785,1.0,0.9702127659574468,0.0,0.0,0.0,Random Forest,0,5,0.5,0.5,"{'clf__max_depth': 10, 'clf__min_samples_leaf': 5}"
0.9669421487603306,0.781328320802005,0.8,0.5714285714285714,0.9912280701754386,0.6666666666666666,0.6599801878951662,0.6497829232995658,0.9285714285714286,0.6808302808302809,0.040837980229007746,4,1,113,3,0.9741379310344828,0.9912280701754386,0.9826086956521739,0.8,0.5714285714285714,0.6666666666666666,Random Forest,0,5,tuned,0.21254830327201307,"{'clf__max_depth': 10, 'clf__min_samples_leaf': 5}"
0.9421487603305785,0.5,0.0,0.0,1.0,0.0,0.0,0.0,0.8796992481203006,0.5850442362737445,0.04180411544346798,0,0,114,7,0.9421487603305785,1.0,0.9702127659574468,0.0,0.0,0.0,Random Forest,0,6,0.5,0.5,"{'clf__max_depth': None, 'clf__min_samples_leaf': 5}"
0.9421487603305785,0.768170426065163,0.5,0.5714285714285714,0.9649122807017544,0.5333333333333333,0.5039159537045698,0.5026423957721667,0.8796992481203006,0.5850442362737445,0.04180411544346798,4,4,110,3,0.9734513274336283,0.9649122807017544,0.9691629955947136,0.5,0.5714285714285714,0.5333333333333333,Random Forest,0,6,tuned,0.1968234162580912,"{'clf__max_depth': None, 'clf__min_samples_leaf': 5}"
0.9421487603305785,0.5,0.0,0.0,1.0,0.0,0.0,0.0,0.9273182957393484,0.4364974106353417,0.043684544754809575,0,0,114,7,0.9421487603305785,1.0,0.9702127659574468,0.0,0.0,0.0,Random Forest,0,7,0.5,0.5,"{'clf__max_depth': 10, 'clf__min_samples_leaf': 5}"
0.9421487603305785,0.7011278195488722,0.5,0.42857142857142855,0.9736842105263158,0.46153846153846156,0.4325925554820793,0.4311618535930154,0.9273182957393484,0.4364974106353417,0.043684544754809575,3,3,111,4,0.9652173913043478,0.9736842105263158,0.9694323144104804,0.5,0.42857142857142855,0.46153846153846156,Random Forest,0,7,tuned,0.19538474151386645,"{'clf__max_depth': 10, 'clf__min_samples_leaf': 5}"
0.95,0.5,0.0,0.0,1.0,0.0,0.0,0.0,0.9108187134502923,0.5263056835637481,0.04014666806129655,0,0,114,6,0.95,1.0,0.9743589743589743,0.0,0.0,0.0,Random Forest,0,8,0.5,0.5,"{'clf__max_depth': 5, 'clf__min_samples_leaf': 5}"
0.9416666666666667,0.6535087719298246,0.4,0.3333333333333333,0.9736842105263158,0.36363636363636365,0.3348554112644579,0.33333333333333337,0.9108187134502923,0.5263056835637481,0.04014666806129655,2,3,111,4,0.9652173913043478,0.9736842105263158,0.9694323144104804,0.4,0.3333333333333333,0.36363636363636365,Random Forest,0,8,tuned,0.17595754572255806,"{'clf__max_depth': 5, 'clf__min_samples_leaf': 5}"
0.95,0.5,0.0,0.0,1.0,0.0,0.0,0.0,0.9254385964912281,0.5666666666666667,0.036290765702290215,0,0,114,6,0.95,1.0,0.9743589743589743,0.0,0.0,0.0,Random Forest,0,9,0.5,0.5,"{'clf__max_depth': None, 'clf__min_samples_leaf': 5}"
0.9416666666666667,0.7324561403508771,0.42857142857142855,0.5,0.9649122807017544,0.46153846153846156,0.4323254750628465,0.43089430894308944,0.9254385964912281,0.5666666666666667,0.036290765702290215,3,4,110,3,0.9734513274336283,0.9649122807017544,0.9691629955947136,0.42857142857142855,0.5,0.46153846153846156,Random Forest,0,9,tuned,0.18014421632277214,"{'clf__max_depth': None, 'clf__min_samples_leaf': 5}"
0.9504132231404959,0.5,0.0,0.0,1.0,0.0,0.0,0.0,0.9695652173913043,0.844017094017094,0.03047323682684526,0,0,115,6,0.9504132231404959,1.0,0.9745762711864406,0.0,0.0,0.0,Random Forest,1,0,0.5,0.5,"{'clf__max_depth': 10, 'clf__min_samples_leaf': 5}"
0.9834710743801653,0.9123188405797102,0.8333333333333334,0.8333333333333334,0.991304347826087,0.8333333333333334,0.8246376811594203,0.8246376811594203,0.9695652173913043,0.844017094017094,0.03047323682684526,5,1,114,1,0.991304347826087,0.991304347826087,0.991304347826087,0.8333333333333334,0.8333333333333334,0.8333333333333334,Random Forest,1,0,tuned,0.23700350758726357,"{'clf__max_depth': 10, 'clf__min_samples_leaf': 5}"
0.9504132231404959,0.5,0.0,0.0,1.0,0.0,0.0,0.0,0.8985507246376812,0.426016926016926,0.03908148908505439,0,0,115,6,0.9504132231404959,1.0,0.9745762711864406,0.0,0.0,0.0,Random Forest,1,1,0.5,0.5,"{'clf__max_depth': None, 'clf__min_samples_leaf': 5}"
0.9586776859504132,0.6623188405797101,0.6666666666666666,0.3333333333333333,0.991304347826087,0.4444444444444444,0.4532333324183035,0.4254510921177588,0.8985507246376812,0.426016926016926,0.03908148908505439,2,1,114,4,0.9661016949152542,0.991304347826087,0.9785407725321889,0.6666666666666666,0.3333333333333333,0.4444444444444444,Random Forest,1,1,tuned,0.22821114807105525,"{'clf__max_depth': None, 'clf__min_samples_leaf': 5}"
0.9421487603305785,0.5,0.0,0.0,1.0,0.0,0.0,0.0,0.9536340852130326,0.5060632948831707,0.040757479896055215,0,0,114,7,0.9421487603305785,1.0,0.9702127659574468,0.0,0.0,0.0,Random Forest,1,2,0.5,0.5,"{'clf__max_depth': None, 'clf__min_samples_leaf': 5}"
0.9421487603305785,0.8352130325814536,0.5,0.7142857142857143,0.956140350877193,0.5882352941176471,0.5684481362970587,0.5581637976004172,0.9536340852130326,0.5060632948831707,0.040757479896055215,5,5,109,2,0.9819819819819819,0.956140350877193,0.9688888888888889,0.5,0.7142857142857143,0.5882352941176471,Random Forest,1,2,tuned,0.1950857719920009,"{'clf__max_depth': None, 'clf__min_samples_leaf': 5}"
0.9421487603305785,0.5,0.0,0.0,1.0,0.0,0.0,0.0,0.9824561403508771,0.7072356215213358,0.037282470921099396,0,0,114,7,0.9421487603305785,1.0,0.9702127659574468,0.0,0.0,0.0,Random Forest,1,3,0.5,0.5,"{'clf__max_depth': 10, 'clf__min_samples_leaf': 5}"
0.9586776859504132,0.7769423558897243,0.6666666666666666,0.5714285714285714,0.9824561403508771,0.6153846153846154,0.5956570390127073,0.5936870382807253,0.9824561403508771,0.7072356215213358,0.037282470921099396,4,2,112,3,0.9739130434782609,0.9824561403508771,0.9781659388646288,0.6666666666666666,0.5714285714285714,0.6153846153846154,Random Forest,1,3,tuned,0.26293680618262444,"{'clf__max_depth': 10, 'clf__min_samples_leaf': 5}"
0.9421487603305785,0.5,0.0,0.0,1.0,0.0,0.0,0.0,0.9799498746867168,0.7898809523809522,0.03699910442092247,0,0,114,7,0.9421487603305785,1.0,0.9702127659574468,0.0,0.0,0.0,Random Forest,1,4,0.5,0.5,"{'clf__max_depth': 10, 'clf__min_samples_leaf': 5}"
0.9504132231404959,0.7725563909774436,0.5714285714285714,0.5714285714285714,0.9736842105263158,0.5714285714285714,0.5451127819548872,0.5451127819548872,0.9799498746867168,0.7898809523809522,0.03699910442092247,4,3,111,3,0.9736842105263158,0.9736842105263158,0.9736842105263158,0.5714285714285714,0.5714285714285714,0.5714285714285714,Random Forest,1,4,tuned,0.18593106689820765,"{'clf__max_depth': 10, 'clf__min_samples_leaf': 5}"
0.9421487603305785,0.5,0.0,0.0,1.0,0.0,0.0,0.0,0.9122807017543859,0.597920586674386,0.04146446559178944,0,0,114,7,0.9421487603305785,1.0,0.9702127659574468,0.0,0.0,0.0,Random Forest,1,5,0.5,0.5,"{'clf__max_depth': 10, 'clf__min_samples_leaf': 1}"
0.9338842975206612,0.8308270676691729,0.45454545454545453,0.7142857142857143,0.9473684210526315,0.5555555555555556,0.537328395407574,0.5217391304347826,0.9122807017543859,0.597920586674386,0.04146446559178944,5,6,108,2,0.9818181818181818,0.9473684210526315,0.9642857142857143,0.45454545454545453,0.7142857142857143,0.5555555555555556,Random Forest,1,5,tuned,0.20930555555555558,"{'clf__max_depth': 10, 'clf__min_samples_leaf': 1}"
0.9421487603305785,0.5,0.0,0.0,1.0,0.0,0.0,0.0,0.9047619047619048,0.5349250811435685,0.04198070710256158,0,0,114,7,0.9421487603305785,1.0,0.9702127659574468,0.0,0.0,0.0,Random Forest,1,6,0.5,0.5,"{'clf__max_depth': None, 'clf__min_samples_leaf': 5}"
0.9421487603305785,0.768170426065163,0.5,0.5714285714285714,0.9649122807017544,0.5333333333333333,0.5039159537045698,0.5026423957721667,0.9047619047619048,0.5349250811435685,0.04198070710256158,4,4,110,3,0.9734513274336283,0.9649122807017544,0.9691629955947136,0.5,0.5714285714285714,0.5333333333333333,Random Forest,1,6,tuned,0.18106896615428436,"{'clf__max_depth': None, 'clf__min_samples_leaf': 5}"
0.9421487603305785,0.5,0.0,0.0,1.0,0.0,0.0,0.0,0.956140350877193,0.5360782909655091,0.04158407278353232,0,0,114,7,0.9421487603305785,1.0,0.9702127659574468,0.0,0.0,0.0,Random Forest,1,7,0.5,0.5,"{'clf__max_depth': 10, 'clf__min_samples_leaf': 5}"
0.9421487603305785,0.6340852130325814,0.5,0.2857142857142857,0.9824561403508771,0.36363636363636365,0.3501784379632934,0.33568627450980393,0.956140350877193,0.5360782909655091,0.04158407278353232,2,2,112,5,0.9572649572649573,0.9824561403508771,0.9696969696969697,0.5,0.2857142857142857,0.36363636363636365,Random Forest,1,7,tuned,0.23489358056632378,"{'clf__max_depth': 10, 'clf__min_samples_leaf': 5}"
0.95,0.5,0.0,0.0,1.0,0.0,0.0,0.0,0.9093567251461989,0.4923719958202717,0.03694532224014572,0,0,114,6,0.95,1.0,0.9743589743589743,0.0,0.0,0.0,Random Forest,1,8,0.5,0.5,"{'clf__max_depth': 10, 'clf__min_samples_leaf': 5}"
0.9416666666666667,0.7324561403508771,0.42857142857142855,0.5,0.9649122807017544,0.46153846153846156,0.4323254750628465,0.43089430894308944,0.9093567251461989,0.4923719958202717,0.03694532224014572,3,4,110,3,0.9734513274336283,0.9649122807017544,0.9691629955947136,0.42857142857142855,0.5,0.46153846153846156,Random Forest,1,8,tuned,0.18241334020126887,"{'clf__max_depth': 10, 'clf__min_samples_leaf': 5}"
0.95,0.5,0.0,0.0,1.0,0.0,0.0,0.0,0.8830409356725145,0.4315883190883191,0.03966734388650838,0,0,114,6,0.95,1.0,0.9743589743589743,0.0,0.0,0.0,Random Forest,1,9,0.5,0.5,"{'clf__max_depth': 10, 'clf__min_samples_leaf': 5}"
0.9333333333333333,0.6491228070175439,0.3333333333333333,0.3333333333333333,0.9649122807017544,0.3333333333333333,0.2982456140350877,0.29824561403508776,0.8830409356725145,0.4315883190883191,0.03966734388650838,2,4,110,4,0.9649122807017544,0.9649122807017544,0.9649122807017544,0.3333333333333333,0.3333333333333333,0.3333333333333333,Random Forest,1,9,tuned,0.19422373534512286,"{'clf__max_depth': 10, 'clf__min_samples_leaf': 5}"
0.9504132231404959,0.5,0.0,0.0,1.0,0.0,0.0,0.0,0.9333333333333333,0.6271929824561404,0.036880163970575155,0,0,115,6,0.9504132231404959,1.0,0.9745762711864406,0.0,0.0,0.0,Random Forest,2,0,0.5,0.5,"{'clf__max_depth': 5, 'clf__min_samples_leaf': 5}"
0.9421487603305785,0.7326086956521739,0.42857142857142855,0.5,0.9652173913043478,0.46153846153846156,0.4325925554820793,0.4311618535930154,0.9333333333333333,0.6271929824561404,0.036880163970575155,3,4,111,3,0.9736842105263158,0.9652173913043478,0.9694323144104804,0.42857142857142855,0.5,0.46153846153846156,Random Forest,2,0,tuned,0.1760489740715206,"{'clf__max_depth': 5, 'clf__min_samples_leaf': 5}"
0.9504132231404959,0.5,0.0,0.0,1.0,0.0,0.0,0.0,0.9637681159420289,0.5695119208277103,0.03315119731177136,0,0,115,6,0.9504132231404959,1.0,0.9745762711864406,0.0,0.0,0.0,Random Forest,2,1,0.5,0.5,"{'clf__max_depth': None, 'clf__min_samples_leaf': 5}"
0.9669421487603306,0.8246376811594203,0.6666666666666666,0.6666666666666666,0.9826086956521739,0.6666666666666666,0.6492753623188405,0.6492753623188405,0.9637681159420289,0.5695119208277103,0.03315119731177136,4,2,113,2,0.9826086956521739,0.9826086956521739,0.9826086956521739,0.6666666666666666,0.6666666666666666,0.6666666666666666,Random Forest,2,1,tuned,0.19226548752758557,"{'clf__max_depth': None, 'clf__min_samples_leaf': 5}"
0.9421487603305785,0.5,0.0,0.0,1.0,0.0,0.0,0.0,0.9298245614035088,0.4295238095238095,0.04477005931460349,0,0,114,7,0.9421487603305785,1.0,0.9702127659574468,0.0,0.0,0.0,Random Forest,2,2,0.5,0.5,"{'clf__max_depth': 10, 'clf__min_samples_leaf': 5}"
0.9338842975206612,0.6967418546365914,0.42857142857142855,0.42857142857142855,0.9649122807017544,0.42857142857142855,0.39348370927318294,0.393483709273183,0.9298245614035088,0.4295238095238095,0.04477005931460349,3,4,110,4,0.9649122807017544,0.9649122807017544,0.9649122807017544,0.42857142857142855,0.42857142857142855,0.42857142857142855,Random Forest,2,2,tuned,0.20389385840659582,"{'clf__max_depth': 10, 'clf__min_samples_leaf': 5}"
0.9421487603305785,0.5,0.0,0.0,1.0,0.0,0.0,0.0,0.8684210526315789,0.5499542124542125,0.04228687321864797,0,0,114,7,0.9421487603305785,1.0,0.9702127659574468,0.0,0.0,0.0,Random Forest,2,3,0.5,0.5,"{'clf__max_depth': None, 'clf__min_samples_leaf': 5}"
0.9586776859504132,0.7769423558897243,0.6666666666666666,0.5714285714285714,0.9824561403508771,0.6153846153846154,0.5956570390127073,0.5936870382807253,0.8684210526315789,0.5499542124542125,0.04228687321864797,4,2,112,3,0.9739130434782609,0.9824561403508771,0.9781659388646288,0.6666666666666666,0.5714285714285714,0.6153846153846154,Random Forest,2,3,tuned,0.23749083690805176,"{'clf__max_depth': None, 'clf__min_samples_leaf': 5}"
0.9421487603305785,0.5,0.0,0.0,1.0,0.0,0.0,0.0,0.962406015037594,0.6258503401360545,0.041157547988802515,0,0,114,7,0.9421487603305785,1.0,0.9702127659574468,0.0,0.0,0.0,Random Forest,2,4,0.5,0.5,"{'clf__max_depth': 5, 'clf__min_samples_leaf': 1}"
0.9586776859504132,0.8439849624060151,0.625,0.7142857142857143,0.9736842105263158,0.6666666666666666,0.6463781742612354,0.6447445684086905,0.962406015037594,0.6258503401360545,0.041157547988802515,5,3,111,2,0.9823008849557522,0.9736842105263158,0.9779735682819384,0.625,0.7142857142857143,0.6666666666666666,Random Forest,2,4,tuned,0.18343775014987798,"{'clf__max_depth': 5, 'clf__min_samples_leaf': 1}"
0.9421487603305785,0.5,0.0,0.0,1.0,0.0,0.0,0.0,0.8796992481203008,0.39202226345083485,0.04686564501283836,0,0,114,7,0.9421487603305785,1.0,0.9702127659574468,0.0,0.0,0.0,Random Forest,2,5,0.5,0.5,"{'clf__max_depth': None, 'clf__min_samples_leaf': 5}"
0.8925619834710744,0.6077694235588973,0.2,0.2857142857142857,0.9298245614035088,0.23529411764705882,0.18275341951980206,0.1794470526864893,0.8796992481203008,0.39202226345083485,0.04686564501283836,2,8,106,5,0.954954954954955,0.9298245614035088,0.9422222222222222,0.2,0.2857142857142857,0.23529411764705882,Random Forest,2,5,tuned,0.1650645955256379,"{'clf__max_depth': None, 'clf__min_samples_leaf': 5}"
0.9421487603305785,0.5,0.0,0.0,1.0,0.0,0.0,0.0,0.9611528822055138,0.5918058132343846,0.03869379624424496,0,0,114,7,0.9421487603305785,1.0,0.9702127659574468,0.0,0.0,0.0,Random Forest,2,6,0.5,0.5,"{'clf__max_depth': None, 'clf__min_samples_leaf': 5}"
0.9338842975206612,0.7637844611528821,0.4444444444444444,0.5714285714285714,0.956140350877193,0.5,0.46940788889987284,0.4651933701657458,0.9611528822055138,0.5918058132343846,0.03869379624424496,4,5,109,3,0.9732142857142857,0.956140350877193,0.9646017699115044,0.4444444444444444,0.5714285714285714,0.5,Random Forest,2,6,tuned,0.21141225216929208,"{'clf__max_depth': None, 'clf__min_samples_leaf': 5}"
0.9421487603305785,0.5,0.0,0.0,1.0,0.0,0.0,0.0,0.9523809523809524,0.6375130616509926,0.04009212240746492,0,0,114,7,0.9421487603305785,1.0,0.9702127659574468,0.0,0.0,0.0,Random Forest,2,7,0.5,0.5,"{'clf__max_depth': 5, 'clf__min_samples_leaf': 5}"
0.9421487603305785,0.768170426065163,0.5,0.5714285714285714,0.9649122807017544,0.5333333333333333,0.5039159537045698,0.5026423957721667,0.9523809523809524,0.6375130616509926,0.04009212240746492,4,4,110,3,0.9734513274336283,0.9649122807017544,0.9691629955947136,0.5,0.5714285714285714,0.5333333333333333,Random Forest,2,7,tuned,0.17408774783242897,"{'clf__max_depth': 5, 'clf__min_samples_leaf': 5}"
0.95,0.5,0.0,0.0,1.0,0.0,0.0,0.0,0.8976608187134504,0.33824494949494954,0.03977016943459883,0,0,114,6,0.95,1.0,0.9743589743589743,0.0,0.0,0.0,Random Forest,2,8,0.5,0.5,"{'clf__max_depth': None, 'clf__min_samples_leaf': 5}"
0.9416666666666667,0.6535087719298246,0.4,0.3333333333333333,0.9736842105263158,0.36363636363636365,0.3348554112644579,0.33333333333333337,0.8976608187134504,0.33824494949494954,0.03977016943459883,2,3,111,4,0.9652173913043478,0.9736842105263158,0.9694323144104804,0.4,0.3333333333333333,0.36363636363636365,Random Forest,2,8,tuned,0.2130769940422292,"{'clf__max_depth': None, 'clf__min_samples_leaf': 5}"
0.95,0.5,0.0,0.0,1.0,0.0,0.0,0.0,0.9853801169590642,0.8958333333333334,0.029209842325483393,0,0,114,6,0.95,1.0,0.9743589743589743,0.0,0.0,0.0,Random Forest,2,9,0.5,0.5,"{'clf__max_depth': 10, 'clf__min_samples_leaf': 1}"
0.9666666666666667,0.9035087719298246,0.625,0.8333333333333334,0.9736842105263158,0.7142857142857143,0.7051102404077108,0.696969696969697,0.9853801169590642,0.8958333333333334,0.029209842325483393,5,3,111,1,0.9910714285714286,0.9736842105263158,0.9823008849557522,0.625,0.8333333333333334,0.7142857142857143,Random Forest,2,9,tuned,0.225301557525325,"{'clf__max_depth': 10, 'clf__min_samples_leaf': 1}"
0.9504132231404959,0.5,0.0,0.0,1.0,0.0,0.0,0.0,0.8746376811594203,0.19703916654381048,0.045041046831955915,0,0,115,6,0.9504132231404959,1.0,0.9745762711864406,0.0,0.0,0.0,Random Forest,3,0,0.5,0.5,"{'clf__max_depth': None, 'clf__min_samples_leaf': 1}"
0.9173553719008265,0.4826086956521739,0.0,0.0,0.9652173913043478,0.0,-0.0422341511439967,-0.04130808950086062,0.8746376811594203,0.19703916654381048,0.045041046831955915,0,4,111,6,0.9487179487179487,0.9652173913043478,0.9568965517241379,0.0,0.0,0.0,Random Forest,3,0,tuned,0.27,"{'clf__max_depth': None, 'clf__min_samples_leaf': 1}"
0.9504132231404959,0.5,0.0,0.0,1.0,0.0,0.0,0.0,0.9840579710144928,0.6458333333333333,0.03043498763292426,0,0,115,6,0.9504132231404959,1.0,0.9745762711864406,0.0,0.0,0.0,Random Forest,3,1,0.5,0.5,"{'clf__max_depth': 10, 'clf__min_samples_leaf': 5}"
0.9669421487603306,0.9826086956521739,0.6,1.0,0.9652173913043478,0.75,0.7610061989120777,0.7334801762114538,0.9840579710144928,0.6458333333333333,0.03043498763292426,6,4,111,0,1.0,0.9652173913043478,0.9823008849557522,0.6,1.0,0.75,Random Forest,3,1,tuned,0.23874696518452415,"{'clf__max_depth': 10, 'clf__min_samples_leaf': 5}"
0.9421487603305785,0.5,0.0,0.0,1.0,0.0,0.0,0.0,0.9473684210526316,0.712203119461184,0.03876821712741216,0,0,114,7,0.9421487603305785,1.0,0.9702127659574468,0.0,0.0,0.0,Random Forest,3,2,0.5,0.5,"{'clf__max_depth': 10, 'clf__min_samples_leaf': 5}"
0.9338842975206612,0.7637844611528821,0.4444444444444444,0.5714285714285714,0.956140350877193,0.5,0.46940788889987284,0.4651933701657458,0.9473684210526316,0.712203119461184,0.03876821712741216,4,5,109,3,0.9732142857142857,0.956140350877193,0.9646017699115044,0.4444444444444444,0.5714285714285714,0.5,Random Forest,3,2,tuned,0.17677659566799608,"{'clf__max_depth': 10, 'clf__min_samples_leaf': 5}"
0.9421487603305785,0.5,0.0,0.0,1.0,0.0,0.0,0.0,0.8771929824561404,0.48822026834449195,0.045494308511973724,0,0,114,7,0.9421487603305785,1.0,0.9702127659574468,0.0,0.0,0.0,Random Forest,3,3,0.5,0.5,"{'clf__max_depth': 10, 'clf__min_samples_leaf': 5}"
0.9421487603305785,0.7011278195488722,0.5,0.42857142857142855,0.9736842105263158,0.46153846153846156,0.4325925554820793,0.4311618535930154,0.8771929824561404,0.48822026834449195,0.045494308511973724,3,3,111,4,0.9652173913043478,0.9736842105263158,0.9694323144104804,0.5,0.42857142857142855,0.46153846153846156,Random Forest,3,3,tuned,0.22132824137602256,"{'clf__max_depth': 10, 'clf__min_samples_leaf': 5}"
0.9421487603305785,0.5,0.0,0.0,1.0,0.0,0.0,0.0,0.9786967418546366,0.803174603174603,0.03804987558747423,0,0,114,7,0.9421487603305785,1.0,0.9702127659574468,0.0,0.0,0.0,Random Forest,3,4,0.5,0.5,"{'clf__max_depth': None, 'clf__min_samples_leaf': 5}"
0.9586776859504132,0.8439849624060151,0.625,0.7142857142857143,0.9736842105263158,0.6666666666666666,0.6463781742612354,0.6447445684086905,0.9786967418546366,0.803174603174603,0.03804987558747423,5,3,111,2,0.9823008849557522,0.9736842105263158,0.9779735682819384,0.625,0.7142857142857143,0.6666666666666666,Random Forest,3,4,tuned,0.1897559729112883,"{'clf__max_depth': None, 'clf__min_samples_leaf': 5}"
0.9504132231404959,0.5714285714285714,1.0,0.14285714285714285,1.0,0.25,0.3683941988065036,0.23899371069182385,0.968671679197995,0.6142333856619571,0.03777720163070879,1,0,114,6,0.95,1.0,0.9743589743589743,1.0,0.14285714285714285,0.25,Random Forest,3,5,0.5,0.5,"{'clf__max_depth': 10, 'clf__min_samples_leaf': 1}"
0.9421487603305785,0.7011278195488722,0.5,0.42857142857142855,0.9736842105263158,0.46153846153846156,0.4325925554820793,0.4311618535930154,0.968671679197995,0.6142333856619571,0.03777720163070879,3,3,111,4,0.9652173913043478,0.9736842105263158,0.9694323144104804,0.5,0.42857142857142855,0.46153846153846156,Random Forest,3,5,tuned,0.24701672019299076,"{'clf__max_depth': 10, 'clf__min_samples_leaf': 1}"
0.9504132231404959,0.5714285714285714,1.0,0.14285714285714285,1.0,0.25,0.3683941988065036,0.23899371069182385,0.8822055137844612,0.4580486542443064,0.04271900706999423,1,0,114,6,0.95,1.0,0.9743589743589743,1.0,0.14285714285714285,0.25,Random Forest,3,6,0.5,0.5,"{'clf__max_depth': 10, 'clf__min_samples_leaf': 1}"
0.9421487603305785,0.7011278195488722,0.5,0.42857142857142855,0.9736842105263158,0.46153846153846156,0.4325925554820793,0.4311618535930154,0.8822055137844612,0.4580486542443064,0.04271900706999423,3,3,111,4,0.9652173913043478,0.9736842105263158,0.9694323144104804,0.5,0.42857142857142855,0.46153846153846156,Random Forest,3,6,tuned,0.20483012955680294,"{'clf__max_depth': 10, 'clf__min_samples_leaf': 1}"
0.9504132231404959,0.5714285714285714,1.0,0.14285714285714285,1.0,0.25,0.3683941988065036,0.23899371069182385,0.9598997493734336,0.5863113077398792,0.04031729834888413,1,0,114,6,0.95,1.0,0.9743589743589743,1.0,0.14285714285714285,0.25,Random Forest,3,7,0.5,0.5,"{'clf__max_depth': None, 'clf__min_samples_leaf': 5}"
0.9504132231404959,0.7055137844611529,0.6,0.42857142857142855,0.9824561403508771,0.5,0.4821236116472483,0.47467438494934877,0.9598997493734336,0.5863113077398792,0.04031729834888413,3,2,112,4,0.9655172413793104,0.9824561403508771,0.9739130434782609,0.6,0.42857142857142855,0.5,Random Forest,3,7,tuned,0.21961667502235846,"{'clf__max_depth': None, 'clf__min_samples_leaf': 5}"
0.95,0.5,0.0,0.0,1.0,0.0,0.0,0.0,0.9649122807017544,0.6615338164251208,0.03326410009125097,0,0,114,6,0.95,1.0,0.9743589743589743,0.0,0.0,0.0,Random Forest,3,8,0.5,0.5,"{'clf__max_depth': 10, 'clf__min_samples_leaf': 5}"
0.9583333333333334,0.7412280701754386,0.6,0.5,0.9824561403508771,0.5454545454545454,0.5262013605584338,0.5238095238095238,0.9649122807017544,0.6615338164251208,0.03326410009125097,3,2,112,3,0.9739130434782609,0.9824561403508771,0.9781659388646288,0.6,0.5,0.5454545454545454,Random Forest,3,8,tuned,0.23096698991252643,"{'clf__max_depth': 10, 'clf__min_samples_leaf': 5}"
0.95,0.5,0.0,0.0,1.0,0.0,0.0,0.0,0.9853801169590644,0.8293040293040294,0.03275310123262456,0,0,114,6,0.95,1.0,0.9743589743589743,0.0,0.0,0.0,Random Forest,3,9,0.5,0.5,"{'clf__max_depth': None, 'clf__min_samples_leaf': 5}"
0.9666666666666667,0.7456140350877193,0.75,0.5,0.9912280701754386,0.6,0.596420051979227,0.5833333333333333,0.9853801169590644,0.8293040293040294,0.03275310123262456,3,1,113,3,0.9741379310344828,0.9912280701754386,0.9826086956521739,0.75,0.5,0.6,Random Forest,3,9,tuned,0.21010351794175317,"{'clf__max_depth': None, 'clf__min_samples_leaf': 5}"
0.9504132231404959,0.5,0.0,0.0,1.0,0.0,0.0,0.0,0.9188405797101449,0.42185510567863505,0.0390719502987849,0,0,115,6,0.9504132231404959,1.0,0.9745762711864406,0.0,0.0,0.0,Random Forest,4,0,0.5,0.5,"{'clf__max_depth': 10, 'clf__min_samples_leaf': 5}"
0.9008264462809917,0.6318840579710144,0.2,0.3333333333333333,0.9304347826086956,0.25,0.20796265495795516,0.20044052863436135,0.9188405797101449,0.42185510567863505,0.0390719502987849,2,8,107,4,0.963963963963964,0.9304347826086956,0.9469026548672567,0.2,0.3333333333333333,0.25,Random Forest,4,0,tuned,0.19611588871225108,"{'clf__max_depth': 10, 'clf__min_samples_leaf': 5}"
0.9504132231404959,0.5,0.0,0.0,1.0,0.0,0.0,0.0,0.9681159420289854,0.8425925925925926,0.03176856904662627,0,0,115,6,0.9504132231404959,1.0,0.9745762711864406,0.0,0.0,0.0,Random Forest,4,1,0.5,0.5,"{'clf__max_depth': 10, 'clf__min_samples_leaf': 5}"
0.9421487603305785,0.8905797101449275,0.45454545454545453,0.8333333333333334,0.9478260869565217,0.5882352941176471,0.5898906801202691,0.56,0.9681159420289854,0.8425925925925926,0.03176856904662627,5,6,109,1,0.990909090909091,0.9478260869565217,0.9688888888888889,0.45454545454545453,0.8333333333333334,0.5882352941176471,Random Forest,4,1,tuned,0.1897858977251393,"{'clf__max_depth': 10, 'clf__min_samples_leaf': 5}"
0.9421487603305785,0.5,0.0,0.0,1.0,0.0,0.0,0.0,0.9849624060150375,0.6976190476190477,0.0357636913747317,0,0,114,7,0.9421487603305785,1.0,0.9702127659574468,0.0,0.0,0.0,Random Forest,4,2,0.5,0.5,"{'clf__max_depth': None, 'clf__min_samples_leaf': 5}"
0.9669421487603306,0.8483709273182958,0.7142857142857143,0.7142857142857143,0.9824561403508771,0.7142857142857143,0.6967418546365914,0.6967418546365916,0.9849624060150375,0.6976190476190477,0.0357636913747317,5,2,112,2,0.9824561403508771,0.9824561403508771,0.9824561403508771,0.7142857142857143,0.7142857142857143,0.7142857142857143,Random Forest,4,2,tuned,0.21323003411475447,"{'clf__max_depth': None, 'clf__min_samples_leaf': 5}"
0.9421487603305785,0.5,0.0,0.0,1.0,0.0,0.0,0.0,0.9285714285714285,0.5850478402743211,0.04030514994573794,0,0,114,7,0.9421487603305785,1.0,0.9702127659574468,0.0,0.0,0.0,Random Forest,4,3,0.5,0.5,"{'clf__max_depth': 10, 'clf__min_samples_leaf': 5}"
0.9504132231404959,0.8395989974937343,0.5555555555555556,0.7142857142857143,0.9649122807017544,0.625,0.6043208450919978,0.5988950276243094,0.9285714285714285,0.5850478402743211,0.04030514994573794,5,4,110,2,0.9821428571428571,0.9649122807017544,0.9734513274336283,0.5555555555555556,0.7142857142857143,0.625,Random Forest,4,3,tuned,0.221605276815354,"{'clf__max_depth': 10, 'clf__min_samples_leaf': 5}"
0.9421487603305785,0.5,0.0,0.0,1.0,0.0,0.0,0.0,0.931077694235589,0.6683855360325949,0.03803945696364065,0,0,114,7,0.9421487603305785,1.0,0.9702127659574468,0.0,0.0,0.0,Random Forest,4,4,0.5,0.5,"{'clf__max_depth': None, 'clf__min_samples_leaf': 5}"
0.9504132231404959,0.7725563909774436,0.5714285714285714,0.5714285714285714,0.9736842105263158,0.5714285714285714,0.5451127819548872,0.5451127819548872,0.931077694235589,0.6683855360325949,0.03803945696364065,4,3,111,3,0.9736842105263158,0.9736842105263158,0.9736842105263158,0.5714285714285714,0.5714285714285714,0.5714285714285714,Random Forest,4,4,tuned,0.19766780117010402,"{'clf__max_depth': None, 'clf__min_samples_leaf': 5}"
0.9421487603305785,0.5,0.0,0.0,1.0,0.0,0.0,0.0,0.8571428571428572,0.4377657945769401,0.04717945469941331,0,0,114,7,0.9421487603305785,1.0,0.9702127659574468,0.0,0.0,0.0,Random Forest,4,5,0.5,0.5,"{'clf__max_depth': 10, 'clf__min_samples_leaf': 1}"
0.9586776859504132,0.6428571428571428,1.0,0.2857142857142857,1.0,0.4444444444444444,0.5231725181940632,0.4297832233741753,0.8571428571428572,0.4377657945769401,0.04717945469941331,2,0,114,5,0.957983193277311,1.0,0.9785407725321889,1.0,0.2857142857142857,0.4444444444444444,Random Forest,4,5,tuned,0.2553928497415283,"{'clf__max_depth': 10, 'clf__min_samples_leaf': 1}"
0.9421487603305785,0.5,0.0,0.0,1.0,0.0,0.0,0.0,0.8796992481203008,0.5007515168229453,0.045272222609985556,0,0,114,7,0.9421487603305785,1.0,0.9702127659574468,0.0,0.0,0.0,Random Forest,4,6,0.5,0.5,"{'clf__max_depth': None, 'clf__min_samples_leaf': 5}"
0.9504132231404959,0.7055137844611529,0.6,0.42857142857142855,0.9824561403508771,0.5,0.4821236116472483,0.47467438494934877,0.8796992481203008,0.5007515168229453,0.045272222609985556,3,2,112,4,0.9655172413793104,0.9824561403508771,0.9739130434782609,0.6,0.42857142857142855,0.5,Random Forest,4,6,tuned,0.21470470620698112,"{'clf__max_depth': None, 'clf__min_samples_leaf': 5}"
0.9421487603305785,0.5,0.0,0.0,1.0,0.0,0.0,0.0,0.9774436090225563,0.6637755102040817,0.04009687508123366,0,0,114,7,0.9421487603305785,1.0,0.9702127659574468,0.0,0.0,0.0,Random Forest,4,7,0.5,0.5,"{'clf__max_depth': 10, 'clf__min_samples_leaf': 5}"
0.9421487603305785,0.7011278195488722,0.5,0.42857142857142855,0.9736842105263158,0.46153846153846156,0.4325925554820793,0.4311618535930154,0.9774436090225563,0.6637755102040817,0.04009687508123366,3,3,111,4,0.9652173913043478,0.9736842105263158,0.9694323144104804,0.5,0.42857142857142855,0.46153846153846156,Random Forest,4,7,tuned,0.20467362017950338,"{'clf__max_depth': 10, 'clf__min_samples_leaf': 5}"
0.95,0.5,0.0,0.0,1.0,0.0,0.0,0.0,0.956140350877193,0.5201298701298701,0.036749590517106405,0,0,114,6,0.95,1.0,0.9743589743589743,0.0,0.0,0.0,Random Forest,4,8,0.5,0.5,"{'clf__max_depth': None, 'clf__min_samples_leaf': 5}"
0.9416666666666667,0.7324561403508771,0.42857142857142855,0.5,0.9649122807017544,0.46153846153846156,0.4323254750628465,0.43089430894308944,0.956140350877193,0.5201298701298701,0.036749590517106405,3,4,110,3,0.9734513274336283,0.9649122807017544,0.9691629955947136,0.42857142857142855,0.5,0.46153846153846156,Random Forest,4,8,tuned,0.2001158507593809,"{'clf__max_depth': None, 'clf__min_samples_leaf': 5}"
0.95,0.5,0.0,0.0,1.0,0.0,0.0,0.0,0.9517543859649124,0.7587301587301587,0.03223624690491662,0,0,114,6,0.95,1.0,0.9743589743589743,0.0,0.0,0.0,Random Forest,4,9,0.5,0.5,"{'clf__max_depth': None, 'clf__min_samples_leaf': 5}"
0.9666666666666667,0.9035087719298246,0.625,0.8333333333333334,0.9736842105263158,0.7142857142857143,0.7051102404077108,0.696969696969697,0.9517543859649124,0.7587301587301587,0.03223624690491662,5,3,111,1,0.9910714285714286,0.9736842105263158,0.9823008849557522,0.625,0.8333333333333334,0.7142857142857143,Random Forest,4,9,tuned,0.19445689918076295,"{'clf__max_depth': None, 'clf__min_samples_leaf': 5}"
0.9504132231404959,0.5,0.0,0.0,1.0,0.0,0.0,0.0,0.9159420289855073,0.44626772635187784,0.03808512396694215,0,0,115,6,0.9504132231404959,1.0,0.9745762711864406,0.0,0.0,0.0,Random Forest,5,0,0.5,0.5,"{'clf__max_depth': None, 'clf__min_samples_leaf': 1}"
0.9421487603305785,0.6536231884057971,0.4,0.3333333333333333,0.9739130434782609,0.36363636363636365,0.3351176630318999,0.33359559402045635,0.9159420289855073,0.44626772635187784,0.03808512396694215,2,3,112,4,0.9655172413793104,0.9739130434782609,0.9696969696969697,0.4,0.3333333333333333,0.36363636363636365,Random Forest,5,0,tuned,0.24666666666666667,"{'clf__max_depth': None, 'clf__min_samples_leaf': 1}"
0.9504132231404959,0.5,0.0,0.0,1.0,0.0,0.0,0.0,0.9478260869565218,0.6821857571857571,0.03308507547981007,0,0,115,6,0.9504132231404959,1.0,0.9745762711864406,0.0,0.0,0.0,Random Forest,5,1,0.5,0.5,"{'clf__max_depth': None, 'clf__min_samples_leaf': 5}"
0.9669421487603306,0.8246376811594203,0.6666666666666666,0.6666666666666666,0.9826086956521739,0.6666666666666666,0.6492753623188405,0.6492753623188405,0.9478260869565218,0.6821857571857571,0.03308507547981007,4,2,113,2,0.9826086956521739,0.9826086956521739,0.9826086956521739,0.6666666666666666,0.6666666666666666,0.6666666666666666,Random Forest,5,1,tuned,0.1717418091855399,"{'clf__max_depth': None, 'clf__min_samples_leaf': 5}"
0.9421487603305785,0.5,0.0,0.0,1.0,0.0,0.0,0.0,0.9360902255639098,0.6120770676691729,0.041804477674432676,0,0,114,7,0.9421487603305785,1.0,0.9702127659574468,0.0,0.0,0.0,Random Forest,5,2,0.5,0.5,"{'clf__max_depth': 5, 'clf__min_samples_leaf': 1}"
0.9504132231404959,0.7055137844611529,0.6,0.42857142857142855,0.9824561403508771,0.5,0.4821236116472483,0.47467438494934877,0.9360902255639098,0.6120770676691729,0.041804477674432676,3,2,112,4,0.9655172413793104,0.9824561403508771,0.9739130434782609,0.6,0.42857142857142855,0.5,Random Forest,5,2,tuned,0.1971953403788996,"{'clf__max_depth': 5, 'clf__min_samples_leaf': 1}"
0.9421487603305785,0.5,0.0,0.0,1.0,0.0,0.0,0.0,0.855889724310777,0.41059710299831875,0.04370403106385612,0,0,114,7,0.9421487603305785,1.0,0.9702127659574468,0.0,0.0,0.0,Random Forest,5,3,0.5,0.5,"{'clf__max_depth': 10, 'clf__min_samples_leaf': 1}"
0.9586776859504132,0.7769423558897243,0.6666666666666666,0.5714285714285714,0.9824561403508771,0.6153846153846154,0.5956570390127073,0.5936870382807253,0.855889724310777,0.41059710299831875,0.04370403106385612,4,2,112,3,0.9739130434782609,0.9824561403508771,0.9781659388646288,0.6666666666666666,0.5714285714285714,0.6153846153846154,Random Forest,5,3,tuned,0.20413926095690804,"{'clf__max_depth': 10, 'clf__min_samples_leaf': 1}"
0.9421487603305785,0.5,0.0,0.0,1.0,0.0,0.0,0.0,0.9649122807017544,0.7162370211242393,0.03779598101736978,0,0,114,7,0.9421487603305785,1.0,0.9702127659574468,0.0,0.0,0.0,Random Forest,5,4,0.5,0.5,"{'clf__max_depth': None, 'clf__min_samples_leaf': 5}"
0.9173553719008265,0.8890977443609023,0.4,0.8571428571428571,0.9210526315789473,0.5454545454545454,0.5513045697379877,0.5065252854812398,0.9649122807017544,0.7162370211242393,0.03779598101736978,6,9,105,1,0.9905660377358491,0.9210526315789473,0.9545454545454546,0.4,0.8571428571428571,0.5454545454545454,Random Forest,5,4,tuned,0.1480361006665335,"{'clf__max_depth': None, 'clf__min_samples_leaf': 5}"
0.9421487603305785,0.5,0.0,0.0,1.0,0.0,0.0,0.0,0.9135338345864662,0.5921622412405823,0.04251408816228646,0,0,114,7,0.9421487603305785,1.0,0.9702127659574468,0.0,0.0,0.0,Random Forest,5,5,0.5,0.5,"{'clf__max_depth': 10, 'clf__min_samples_leaf': 5}"
0.9256198347107438,0.6923558897243107,0.375,0.42857142857142855,0.956140350877193,0.4,0.361453733147904,0.36054022313564293,0.9135338345864662,0.5921622412405823,0.04251408816228646,3,5,109,4,0.9646017699115044,0.956140350877193,0.960352422907489,0.375,0.42857142857142855,0.4,Random Forest,5,5,tuned,0.1909893452477566,"{'clf__max_depth': 10, 'clf__min_samples_leaf': 5}"
0.9421487603305785,0.5,0.0,0.0,1.0,0.0,0.0,0.0,0.9661654135338346,0.5197278911564626,0.03822381369184921,0,0,114,7,0.9421487603305785,1.0,0.9702127659574468,0.0,0.0,0.0,Random Forest,5,6,0.5,0.5,"{'clf__max_depth': 10, 'clf__min_samples_leaf': 5}"
0.9421487603305785,0.8352130325814536,0.5,0.7142857142857143,0.956140350877193,0.5882352941176471,0.5684481362970587,0.5581637976004172,0.9661654135338346,0.5197278911564626,0.03822381369184921,5,5,109,2,0.9819819819819819,0.956140350877193,0.9688888888888889,0.5,0.7142857142857143,0.5882352941176471,Random Forest,5,6,tuned,0.19725183217524003,"{'clf__max_depth': 10, 'clf__min_samples_leaf': 5}"
0.9421487603305785,0.5,0.0,0.0,1.0,0.0,0.0,0.0,0.9072681704260652,0.498927962793509,0.044043976438117076,0,0,114,7,0.9421487603305785,1.0,0.9702127659574468,0.0,0.0,0.0,Random Forest,5,7,0.5,0.5,"{'clf__max_depth': None, 'clf__min_samples_leaf': 5}"
0.9421487603305785,0.6340852130325814,0.5,0.2857142857142857,0.9824561403508771,0.36363636363636365,0.3501784379632934,0.33568627450980393,0.9072681704260652,0.498927962793509,0.044043976438117076,2,2,112,5,0.9572649572649573,0.9824561403508771,0.9696969696969697,0.5,0.2857142857142857,0.36363636363636365,Random Forest,5,7,tuned,0.21167881726482396,"{'clf__max_depth': None, 'clf__min_samples_leaf': 5}"
0.95,0.5,0.0,0.0,1.0,0.0,0.0,0.0,0.9546783625730995,0.5507936507936507,0.03544180888387786,0,0,114,6,0.95,1.0,0.9743589743589743,0.0,0.0,0.0,Random Forest,5,8,0.5,0.5,"{'clf__max_depth': 10, 'clf__min_samples_leaf': 1}"
0.9416666666666667,0.5745614035087719,0.3333333333333333,0.16666666666666666,0.9824561403508771,0.2222222222222222,0.20817020153834945,0.1954022988505747,0.9546783625730995,0.5507936507936507,0.03544180888387786,1,2,112,5,0.9572649572649573,0.9824561403508771,0.9696969696969697,0.3333333333333333,0.16666666666666666,0.2222222222222222,Random Forest,5,8,tuned,0.23220769282746834,"{'clf__max_depth': 10, 'clf__min_samples_leaf': 1}"
0.95,0.5,0.0,0.0,1.0,0.0,0.0,0.0,0.9692982456140351,0.8257142857142857,0.035348003391084806,0,0,114,6,0.95,1.0,0.9743589743589743,0.0,0.0,0.0,Random Forest,5,9,0.5,0.5,"{'clf__max_depth': None, 'clf__min_samples_leaf': 5}"
0.9583333333333334,0.8991228070175439,0.5555555555555556,0.8333333333333334,0.9649122807017544,0.6666666666666666,0.6605137270691691,0.6453900709219859,0.9692982456140351,0.8257142857142857,0.035348003391084806,5,4,110,1,0.990990990990991,0.9649122807017544,0.9777777777777777,0.5555555555555556,0.8333333333333334,0.6666666666666666,Random Forest,5,9,tuned,0.21735806558199408,"{'clf__max_depth': None, 'clf__min_samples_leaf': 5}"
0.9504132231404959,0.5,0.0,0.0,1.0,0.0,0.0,0.0,0.9231884057971014,0.3240319865319865,0.04105969987317635,0,0,115,6,0.9504132231404959,1.0,0.9745762711864406,0.0,0.0,0.0,Random Forest,6,0,0.5,0.5,"{'clf__max_depth': 5, 'clf__min_samples_leaf': 5}"
0.9338842975206612,0.6492753623188405,0.3333333333333333,0.3333333333333333,0.9652173913043478,0.3333333333333333,0.2985507246376812,0.2985507246376812,0.9231884057971014,0.3240319865319865,0.04105969987317635,2,4,111,4,0.9652173913043478,0.9652173913043478,0.9652173913043478,0.3333333333333333,0.3333333333333333,0.3333333333333333,Random Forest,6,0,tuned,0.1754282128976764,"{'clf__max_depth': 5, 'clf__min_samples_leaf': 5}"
0.9504132231404959,0.5,0.0,0.0,1.0,0.0,0.0,0.0,0.9449275362318841,0.522059422059422,0.03669118294977731,0,0,115,6,0.9504132231404959,1.0,0.9745762711864406,0.0,0.0,0.0,Random Forest,6,1,0.5,0.5,"{'clf__max_depth': 10, 'clf__min_samples_leaf': 1}"
0.9504132231404959,0.6579710144927536,0.5,0.3333333333333333,0.9826086956521739,0.4,0.38362687289130337,0.3752151462994836,0.9449275362318841,0.522059422059422,0.03669118294977731,2,2,113,4,0.9658119658119658,0.9826086956521739,0.9741379310344828,0.5,0.3333333333333333,0.4,Random Forest,6,1,tuned,0.24893939393939396,"{'clf__max_depth': 10, 'clf__min_samples_leaf': 1}"
0.9421487603305785,0.5,0.0,0.0,1.0,0.0,0.0,0.0,0.924812030075188,0.4501351822780394,0.04524201422332918,0,0,114,7,0.9421487603305785,1.0,0.9702127659574468,0.0,0.0,0.0,Random Forest,6,2,0.5,0.5,"{'clf__max_depth': None, 'clf__min_samples_leaf': 5}"
0.9421487603305785,0.7011278195488722,0.5,0.42857142857142855,0.9736842105263158,0.46153846153846156,0.4325925554820793,0.4311618535930154,0.924812030075188,0.4501351822780394,0.04524201422332918,3,3,111,4,0.9652173913043478,0.9736842105263158,0.9694323144104804,0.5,0.42857142857142855,0.46153846153846156,Random Forest,6,2,tuned,0.1998234274157514,"{'clf__max_depth': None, 'clf__min_samples_leaf': 5}"
0.9421487603305785,0.5,0.0,0.0,1.0,0.0,0.0,0.0,0.899749373433584,0.6600311091697473,0.041307285290267684,0,0,114,7,0.9421487603305785,1.0,0.9702127659574468,0.0,0.0,0.0,Random Forest,6,3,0.5,0.5,"{'clf__max_depth': 10, 'clf__min_samples_leaf': 5}"
0.9008264462809917,0.7462406015037594,0.3076923076923077,0.5714285714285714,0.9210526315789473,0.4,0.3712851255189087,0.3512064343163539,0.899749373433584,0.6600311091697473,0.041307285290267684,4,9,105,3,0.9722222222222222,0.9210526315789473,0.9459459459459459,0.3076923076923077,0.5714285714285714,0.4,Random Forest,6,3,tuned,0.13591542720605293,"{'clf__max_depth': 10, 'clf__min_samples_leaf': 5}"
0.9421487603305785,0.5,0.0,0.0,1.0,0.0,0.0,0.0,0.9586466165413534,0.6013510667424865,0.04113229117717084,0,0,114,7,0.9421487603305785,1.0,0.9702127659574468,0.0,0.0,0.0,Random Forest,6,4,0.5,0.5,"{'clf__max_depth': None, 'clf__min_samples_leaf': 5}"
0.9586776859504132,0.7098997493734336,0.75,0.42857142857142855,0.9912280701754386,0.5454545454545454,0.5481765267182397,0.5254901960784313,0.9586466165413534,0.6013510667424865,0.04113229117717084,3,1,113,4,0.9658119658119658,0.9912280701754386,0.9783549783549783,0.75,0.42857142857142855,0.5454545454545454,Random Forest,6,4,tuned,0.22513478021336142,"{'clf__max_depth': None, 'clf__min_samples_leaf': 5}"
0.9421487603305785,0.5,0.0,0.0,1.0,0.0,0.0,0.0,0.9298245614035088,0.5311791383219955,0.04144028114332822,0,0,114,7,0.9421487603305785,1.0,0.9702127659574468,0.0,0.0,0.0,Random Forest,6,5,0.5,0.5,"{'clf__max_depth': None, 'clf__min_samples_leaf': 5}"
0.9421487603305785,0.768170426065163,0.5,0.5714285714285714,0.9649122807017544,0.5333333333333333,0.5039159537045698,0.5026423957721667,0.9298245614035088,0.5311791383219955,0.04144028114332822,4,4,110,3,0.9734513274336283,0.9649122807017544,0.9691629955947136,0.5,0.5714285714285714,0.5333333333333333,Random Forest,6,5,tuned,0.2141839356211812,"{'clf__max_depth': None, 'clf__min_samples_leaf': 5}"
0.9421487603305785,0.5,0.0,0.0,1.0,0.0,0.0,0.0,0.8583959899749374,0.5510254772549854,0.04219477191173066,0,0,114,7,0.9421487603305785,1.0,0.9702127659574468,0.0,0.0,0.0,Random Forest,6,6,0.5,0.5,"{'clf__max_depth': 10, 'clf__min_samples_leaf': 5}"
0.9421487603305785,0.768170426065163,0.5,0.5714285714285714,0.9649122807017544,0.5333333333333333,0.5039159537045698,0.5026423957721667,0.8583959899749374,0.5510254772549854,0.04219477191173066,4,4,110,3,0.9734513274336283,0.9649122807017544,0.9691629955947136,0.5,0.5714285714285714,0.5333333333333333,Random Forest,6,6,tuned,0.16923056075453552,"{'clf__max_depth': 10, 'clf__min_samples_leaf': 5}"
0.9504132231404959,0.5714285714285714,1.0,0.14285714285714285,1.0,0.25,0.3683941988065036,0.23899371069182385,0.9711779448621554,0.7222222222222221,0.03368627228207194,1,0,114,6,0.95,1.0,0.9743589743589743,1.0,0.14285714285714285,0.25,Random Forest,6,7,0.5,0.5,"{'clf__max_depth': 10, 'clf__min_samples_leaf': 1}"
0.9586776859504132,0.9110275689223057,0.6,0.8571428571428571,0.9649122807017544,0.7058823529411765,0.6970130418894777,0.6844027125717267,0.9711779448621554,0.7222222222222221,0.03368627228207194,6,4,110,1,0.990990990990991,0.9649122807017544,0.9777777777777777,0.6,0.8571428571428571,0.7058823529411765,Random Forest,6,7,tuned,0.2043185805422648,"{'clf__max_depth': 10, 'clf__min_samples_leaf': 1}"
0.95,0.5,0.0,0.0,1.0,0.0,0.0,0.0,0.9093567251461989,0.3857323232323232,0.040082862036948726,0,0,114,6,0.95,1.0,0.9743589743589743,0.0,0.0,0.0,Random Forest,6,8,0.5,0.5,"{'clf__max_depth': 10, 'clf__min_samples_leaf': 5}"
0.9083333333333333,0.6359649122807017,0.2222222222222222,0.3333333333333333,0.9385964912280702,0.26666666666666666,0.22501017075982682,0.2198581560283689,0.9093567251461989,0.3857323232323232,0.040082862036948726,2,7,107,4,0.963963963963964,0.9385964912280702,0.9511111111111111,0.2222222222222222,0.3333333333333333,0.26666666666666666,Random Forest,6,8,tuned,0.22456861904156752,"{'clf__max_depth': 10, 'clf__min_samples_leaf': 5}"
0.95,0.5,0.0,0.0,1.0,0.0,0.0,0.0,0.9839181286549707,0.8523809523809522,0.027127366893558495,0,0,114,6,0.95,1.0,0.9743589743589743,0.0,0.0,0.0,Random Forest,6,9,0.5,0.5,"{'clf__max_depth': 10, 'clf__min_samples_leaf': 1}"
0.9666666666666667,0.9035087719298246,0.625,0.8333333333333334,0.9736842105263158,0.7142857142857143,0.7051102404077108,0.696969696969697,0.9839181286549707,0.8523809523809522,0.027127366893558495,5,3,111,1,0.9910714285714286,0.9736842105263158,0.9823008849557522,0.625,0.8333333333333334,0.7142857142857143,Random Forest,6,9,tuned,0.2191199633699634,"{'clf__max_depth': 10, 'clf__min_samples_leaf': 1}"
0.9504132231404959,0.5,0.0,0.0,1.0,0.0,0.0,0.0,0.981159420289855,0.8193473193473194,0.033507969497085836,0,0,115,6,0.9504132231404959,1.0,0.9745762711864406,0.0,0.0,0.0,Random Forest,7,0,0.5,0.5,"{'clf__max_depth': None, 'clf__min_samples_leaf': 5}"
0.9669421487603306,0.8246376811594203,0.6666666666666666,0.6666666666666666,0.9826086956521739,0.6666666666666666,0.6492753623188405,0.6492753623188405,0.981159420289855,0.8193473193473194,0.033507969497085836,4,2,113,2,0.9826086956521739,0.9826086956521739,0.9826086956521739,0.6666666666666666,0.6666666666666666,0.6666666666666666,Random Forest,7,0,tuned,0.1912661075598435,"{'clf__max_depth': None, 'clf__min_samples_leaf': 5}"
0.9504132231404959,0.5,0.0,0.0,1.0,0.0,0.0,0.0,0.9246376811594204,0.34046296296296297,0.03724156755944168,0,0,115,6,0.9504132231404959,1.0,0.9745762711864406,0.0,0.0,0.0,Random Forest,7,1,0.5,0.5,"{'clf__max_depth': None, 'clf__min_samples_leaf': 5}"
0.9421487603305785,0.8115942028985508,0.4444444444444444,0.6666666666666666,0.9565217391304348,0.5333333333333333,0.5156008731659382,0.5038078500292911,0.9246376811594204,0.34046296296296297,0.03724156755944168,4,5,110,2,0.9821428571428571,0.9565217391304348,0.9691629955947136,0.4444444444444444,0.6666666666666666,0.5333333333333333,Random Forest,7,1,tuned,0.2056173103460149,"{'clf__max_depth': None, 'clf__min_samples_leaf': 5}"
0.9504132231404959,0.5714285714285714,1.0,0.14285714285714285,1.0,0.25,0.3683941988065036,0.23899371069182385,0.9586466165413533,0.6835164835164835,0.03663173961215428,1,0,114,6,0.95,1.0,0.9743589743589743,1.0,0.14285714285714285,0.25,Random Forest,7,2,0.5,0.5,"{'clf__max_depth': 10, 'clf__min_samples_leaf': 1}"
0.9338842975206612,0.7637844611528821,0.4444444444444444,0.5714285714285714,0.956140350877193,0.5,0.46940788889987284,0.4651933701657458,0.9586466165413533,0.6835164835164835,0.03663173961215428,4,5,109,3,0.9732142857142857,0.956140350877193,0.9646017699115044,0.4444444444444444,0.5714285714285714,0.5,Random Forest,7,2,tuned,0.21515345765345767,"{'clf__max_depth': 10, 'clf__min_samples_leaf': 1}"
0.9421487603305785,0.5,0.0,0.0,1.0,0.0,0.0,0.0,1.0,1.0,0.0331052524613662,0,0,114,7,0.9421487603305785,1.0,0.9702127659574468,0.0,0.0,0.0,Random Forest,7,3,0.5,0.5,"{'clf__max_depth': 10, 'clf__min_samples_leaf': 5}"
0.9586776859504132,0.9780701754385965,0.5833333333333334,1.0,0.956140350877193,0.7368421052631579,0.7468256409709672,0.7160957297043642,1.0,1.0,0.0331052524613662,7,5,109,0,1.0,0.956140350877193,0.9775784753363229,0.5833333333333334,1.0,0.7368421052631579,Random Forest,7,3,tuned,0.1621394887356155,"{'clf__max_depth': 10, 'clf__min_samples_leaf': 5}"
0.9421487603305785,0.5,0.0,0.0,1.0,0.0,0.0,0.0,0.9072681704260652,0.4874781533166626,0.04346165162157635,0,0,114,7,0.9421487603305785,1.0,0.9702127659574468,0.0,0.0,0.0,Random Forest,7,4,0.5,0.5,"{'clf__max_depth': 10, 'clf__min_samples_leaf': 1}"
0.9504132231404959,0.7055137844611529,0.6,0.42857142857142855,0.9824561403508771,0.5,0.4821236116472483,0.47467438494934877,0.9072681704260652,0.4874781533166626,0.04346165162157635,3,2,112,4,0.9655172413793104,0.9824561403508771,0.9739130434782609,0.6,0.42857142857142855,0.5,Random Forest,7,4,tuned,0.26075971467024484,"{'clf__max_depth': 10, 'clf__min_samples_leaf': 1}"
0.9421487603305785,0.5,0.0,0.0,1.0,0.0,0.0,0.0,0.9598997493734336,0.7564625850340136,0.03758053259871442,0,0,114,7,0.9421487603305785,1.0,0.9702127659574468,0.0,0.0,0.0,Random Forest,7,5,0.5,0.5,"{'clf__max_depth': None, 'clf__min_samples_leaf': 1}"
0.9586776859504132,0.7098997493734336,0.75,0.42857142857142855,0.9912280701754386,0.5454545454545454,0.5481765267182397,0.5254901960784313,0.9598997493734336,0.7564625850340136,0.03758053259871442,3,1,113,4,0.9658119658119658,0.9912280701754386,0.9783549783549783,0.75,0.42857142857142855,0.5454545454545454,Random Forest,7,5,tuned,0.22666666666666666,"{'clf__max_depth': None, 'clf__min_samples_leaf': 1}"
0.9421487603305785,0.5,0.0,0.0,1.0,0.0,0.0,0.0,0.931077694235589,0.6591532498509243,0.04171855541112491,0,0,114,7,0.9421487603305785,1.0,0.9702127659574468,0.0,0.0,0.0,Random Forest,7,6,0.5,0.5,"{'clf__max_depth': None, 'clf__min_samples_leaf': 5}"
0.9338842975206612,0.7637844611528821,0.4444444444444444,0.5714285714285714,0.956140350877193,0.5,0.46940788889987284,0.4651933701657458,0.931077694235589,0.6591532498509243,0.04171855541112491,4,5,109,3,0.9732142857142857,0.956140350877193,0.9646017699115044,0.4444444444444444,0.5714285714285714,0.5,Random Forest,7,6,tuned,0.1904917356602308,"{'clf__max_depth': None, 'clf__min_samples_leaf': 5}"
0.9421487603305785,0.5,0.0,0.0,1.0,0.0,0.0,0.0,0.8771929824561404,0.501165456071205,0.04221903672301873,0,0,114,7,0.9421487603305785,1.0,0.9702127659574468,0.0,0.0,0.0,Random Forest,7,7,0.5,0.5,"{'clf__max_depth': None, 'clf__min_samples_leaf': 5}"
0.9586776859504132,0.7098997493734336,0.75,0.42857142857142855,0.9912280701754386,0.5454545454545454,0.5481765267182397,0.5254901960784313,0.8771929824561404,0.501165456071205,0.04221903672301873,3,1,113,4,0.9658119658119658,0.9912280701754386,0.9783549783549783,0.75,0.42857142857142855,0.5454545454545454,Random Forest,7,7,tuned,0.21096206087132302,"{'clf__max_depth': None, 'clf__min_samples_leaf': 5}"
0.95,0.5,0.0,0.0,1.0,0.0,0.0,0.0,0.9298245614035088,0.4650863473444119,0.037585997749893636,0,0,114,6,0.95,1.0,0.9743589743589743,0.0,0.0,0.0,Random Forest,7,8,0.5,0.5,"{'clf__max_depth': None, 'clf__min_samples_leaf': 5}"
0.95,0.736842105263158,0.5,0.5,0.9736842105263158,0.5,0.47368421052631576,0.4736842105263158,0.9298245614035088,0.4650863473444119,0.037585997749893636,3,3,111,3,0.9736842105263158,0.9736842105263158,0.9736842105263158,0.5,0.5,0.5,Random Forest,7,8,tuned,0.2229300287132503,"{'clf__max_depth': None, 'clf__min_samples_leaf': 5}"
0.95,0.5,0.0,0.0,1.0,0.0,0.0,0.0,0.9298245614035088,0.33895328809121916,0.04045164062767845,0,0,114,6,0.95,1.0,0.9743589743589743,0.0,0.0,0.0,Random Forest,7,9,0.5,0.5,"{'clf__max_depth': 10, 'clf__min_samples_leaf': 5}"
0.9333333333333333,0.5701754385964912,0.25,0.16666666666666666,0.9736842105263158,0.2,0.170405729136922,0.16666666666666663,0.9298245614035088,0.33895328809121916,0.04045164062767845,1,3,111,5,0.9568965517241379,0.9736842105263158,0.9652173913043478,0.25,0.16666666666666666,0.2,Random Forest,7,9,tuned,0.22734006951293664,"{'clf__max_depth': 10, 'clf__min_samples_leaf': 5}"
0.9504132231404959,0.5,0.0,0.0,1.0,0.0,0.0,0.0,0.9507246376811594,0.6523339598997493,0.03424851161548644,0,0,115,6,0.9504132231404959,1.0,0.9745762711864406,0.0,0.0,0.0,Random Forest,8,0,0.5,0.5,"{'clf__max_depth': 10, 'clf__min_samples_leaf': 5}"
0.9338842975206612,0.7282608695652174,0.375,0.5,0.9565217391304348,0.42857142857142855,0.3988428337106091,0.39424280350438057,0.9507246376811594,0.6523339598997493,0.03424851161548644,3,5,110,3,0.9734513274336283,0.9565217391304348,0.9649122807017544,0.375,0.5,0.42857142857142855,Random Forest,8,0,tuned,0.23221120587305502,"{'clf__max_depth': 10, 'clf__min_samples_leaf': 5}"
0.9504132231404959,0.5,0.0,0.0,1.0,0.0,0.0,0.0,0.936231884057971,0.44811049087364874,0.03821468861019704,0,0,115,6,0.9504132231404959,1.0,0.9745762711864406,0.0,0.0,0.0,Random Forest,8,1,0.5,0.5,"{'clf__max_depth': 10, 'clf__min_samples_leaf': 5}"
0.9256198347107438,0.5659420289855073,0.2,0.16666666666666666,0.9652173913043478,0.18181818181818182,0.14384767611274948,0.14319433516915825,0.936231884057971,0.44811049087364874,0.03821468861019704,1,4,111,5,0.9568965517241379,0.9652173913043478,0.961038961038961,0.2,0.16666666666666666,0.18181818181818182,Random Forest,8,1,tuned,0.21005002258681943,"{'clf__max_depth': 10, 'clf__min_samples_leaf': 5}"
0.9504132231404959,0.5714285714285714,1.0,0.14285714285714285,1.0,0.25,0.3683941988065036,0.23899371069182385,0.9473684210526315,0.7916540823517566,0.033527212676936556,1,0,114,6,0.95,1.0,0.9743589743589743,1.0,0.14285714285714285,0.25,Random Forest,8,2,0.5,0.5,"{'clf__max_depth': 10, 'clf__min_samples_leaf': 1}"
0.9421487603305785,0.8352130325814536,0.5,0.7142857142857143,0.956140350877193,0.5882352941176471,0.5684481362970587,0.5581637976004172,0.9473684210526315,0.7916540823517566,0.033527212676936556,5,5,109,2,0.9819819819819819,0.956140350877193,0.9688888888888889,0.5,0.7142857142857143,0.5882352941176471,Random Forest,8,2,tuned,0.205033988957902,"{'clf__max_depth': 10, 'clf__min_samples_leaf': 1}"
0.9421487603305785,0.5,0.0,0.0,1.0,0.0,0.0,0.0,0.9235588972431078,0.4843244990303814,0.04187941260542059,0,0,114,7,0.9421487603305785,1.0,0.9702127659574468,0.0,0.0,0.0,Random Forest,8,3,0.5,0.5,"{'clf__max_depth': 10, 'clf__min_samples_leaf': 5}"
0.9504132231404959,0.7725563909774436,0.5714285714285714,0.5714285714285714,0.9736842105263158,0.5714285714285714,0.5451127819548872,0.5451127819548872,0.9235588972431078,0.4843244990303814,0.04187941260542059,4,3,111,3,0.9736842105263158,0.9736842105263158,0.9736842105263158,0.5714285714285714,0.5714285714285714,0.5714285714285714,Random Forest,8,3,tuned,0.20464020534864508,"{'clf__max_depth': 10, 'clf__min_samples_leaf': 5}"
0.9421487603305785,0.5,0.0,0.0,1.0,0.0,0.0,0.0,0.943609022556391,0.7283333333333333,0.041102942888892616,0,0,114,7,0.9421487603305785,1.0,0.9702127659574468,0.0,0.0,0.0,Random Forest,8,4,0.5,0.5,"{'clf__max_depth': 10, 'clf__min_samples_leaf': 1}"
0.9752066115702479,0.7857142857142857,1.0,0.5714285714285714,1.0,0.7272727272727273,0.7461746154731859,0.7152941176470589,0.943609022556391,0.7283333333333333,0.041102942888892616,4,0,114,3,0.9743589743589743,1.0,0.987012987012987,1.0,0.5714285714285714,0.7272727272727273,Random Forest,8,4,tuned,0.22280176997663337,"{'clf__max_depth': 10, 'clf__min_samples_leaf': 1}"
0.9421487603305785,0.5,0.0,0.0,1.0,0.0,0.0,0.0,0.8659147869674184,0.26674410302758667,0.048404149972803075,0,0,114,7,0.9421487603305785,1.0,0.9702127659574468,0.0,0.0,0.0,Random Forest,8,5,0.5,0.5,"{'clf__max_depth': 10, 'clf__min_samples_leaf': 5}"
0.9256198347107438,0.62531328320802,0.3333333333333333,0.2857142857142857,0.9649122807017544,0.3076923076923077,0.2695280719514513,0.2686366689053056,0.8659147869674184,0.26674410302758667,0.048404149972803075,2,4,110,5,0.9565217391304348,0.9649122807017544,0.9606986899563319,0.3333333333333333,0.2857142857142857,0.3076923076923077,Random Forest,8,5,tuned,0.22865332735366853,"{'clf__max_depth': 10, 'clf__min_samples_leaf': 5}"
0.9421487603305785,0.5,0.0,0.0,1.0,0.0,0.0,0.0,0.943609022556391,0.7075396825396825,0.04177125192573468,0,0,114,7,0.9421487603305785,1.0,0.9702127659574468,0.0,0.0,0.0,Random Forest,8,6,0.5,0.5,"{'clf__max_depth': 5, 'clf__min_samples_leaf': 5}"
0.9669421487603306,0.781328320802005,0.8,0.5714285714285714,0.9912280701754386,0.6666666666666666,0.6599801878951662,0.6497829232995658,0.943609022556391,0.7075396825396825,0.04177125192573468,4,1,113,3,0.9741379310344828,0.9912280701754386,0.9826086956521739,0.8,0.5714285714285714,0.6666666666666666,Random Forest,8,6,tuned,0.18577302823284736,"{'clf__max_depth': 5, 'clf__min_samples_leaf': 5}"
0.9421487603305785,0.5,0.0,0.0,1.0,0.0,0.0,0.0,0.9774436090225564,0.8383458646616542,0.03714483012738743,0,0,114,7,0.9421487603305785,1.0,0.9702127659574468,0.0,0.0,0.0,Random Forest,8,7,0.5,0.5,"{'clf__max_depth': None, 'clf__min_samples_leaf': 5}"
0.9752066115702479,0.7857142857142857,1.0,0.5714285714285714,1.0,0.7272727272727273,0.7461746154731859,0.7152941176470589,0.9774436090225564,0.8383458646616542,0.03714483012738743,4,0,114,3,0.9743589743589743,1.0,0.987012987012987,1.0,0.5714285714285714,0.7272727272727273,Random Forest,8,7,tuned,0.20247385154165096,"{'clf__max_depth': None, 'clf__min_samples_leaf': 5}"
0.95,0.5,0.0,0.0,1.0,0.0,0.0,0.0,0.9678362573099415,0.7718253968253969,0.03262395116639774,0,0,114,6,0.95,1.0,0.9743589743589743,0.0,0.0,0.0,Random Forest,8,8,0.5,0.5,"{'clf__max_depth': 10, 'clf__min_samples_leaf': 5}"
0.9583333333333334,0.8991228070175439,0.5555555555555556,0.8333333333333334,0.9649122807017544,0.6666666666666666,0.6605137270691691,0.6453900709219859,0.9678362573099415,0.7718253968253969,0.03262395116639774,5,4,110,1,0.990990990990991,0.9649122807017544,0.9777777777777777,0.5555555555555556,0.8333333333333334,0.6666666666666666,Random Forest,8,8,tuned,0.19627436104373766,"{'clf__max_depth': 10, 'clf__min_samples_leaf': 5}"
0.95,0.5,0.0,0.0,1.0,0.0,0.0,0.0,0.8947368421052632,0.34136710239651413,0.03881318374420759,0,0,114,6,0.95,1.0,0.9743589743589743,0.0,0.0,0.0,Random Forest,8,9,0.5,0.5,"{'clf__max_depth': 10, 'clf__min_samples_leaf': 5}"
0.95,0.6578947368421052,0.5,0.3333333333333333,0.9824561403508771,0.4,0.3834128905580745,0.375,0.8947368421052632,0.34136710239651413,0.03881318374420759,2,2,112,4,0.9655172413793104,0.9824561403508771,0.9739130434782609,0.5,0.3333333333333333,0.4,Random Forest,8,9,tuned,0.2256968698618496,"{'clf__max_depth': 10, 'clf__min_samples_leaf': 5}"
0.9504132231404959,0.5,0.0,0.0,1.0,0.0,0.0,0.0,0.9318840579710145,0.474537037037037,0.03741124289971783,0,0,115,6,0.9504132231404959,1.0,0.9745762711864406,0.0,0.0,0.0,Random Forest,9,0,0.5,0.5,"{'clf__max_depth': None, 'clf__min_samples_leaf': 5}"
0.9173553719008265,0.7985507246376811,0.3333333333333333,0.6666666666666666,0.9304347826086956,0.4444444444444444,0.43367940524096826,0.4051130776794494,0.9318840579710145,0.474537037037037,0.03741124289971783,4,8,107,2,0.981651376146789,0.9304347826086956,0.9553571428571429,0.3333333333333333,0.6666666666666666,0.4444444444444444,Random Forest,9,0,tuned,0.18601260207242043,"{'clf__max_depth': None, 'clf__min_samples_leaf': 5}"
0.9504132231404959,0.5,0.0,0.0,1.0,0.0,0.0,0.0,0.9550724637681159,0.6037851037851037,0.033255335379261404,0,0,115,6,0.9504132231404959,1.0,0.9745762711864406,0.0,0.0,0.0,Random Forest,9,1,0.5,0.5,"{'clf__max_depth': 10, 'clf__min_samples_leaf': 5}"
0.9586776859504132,0.8202898550724638,0.5714285714285714,0.6666666666666666,0.9739130434782609,0.6153846153846154,0.5956570390127073,0.5936870382807253,0.9550724637681159,0.6037851037851037,0.033255335379261404,4,3,112,2,0.9824561403508771,0.9739130434782609,0.9781659388646288,0.5714285714285714,0.6666666666666666,0.6153846153846154,Random Forest,9,1,tuned,0.2503778609569882,"{'clf__max_depth': 10, 'clf__min_samples_leaf': 5}"
0.9421487603305785,0.5,0.0,0.0,1.0,0.0,0.0,0.0,0.987468671679198,0.8769230769230769,0.03538675112112712,0,0,114,7,0.9421487603305785,1.0,0.9702127659574468,0.0,0.0,0.0,Random Forest,9,2,0.5,0.5,"{'clf__max_depth': None, 'clf__min_samples_leaf': 5}"
0.9834710743801653,0.8571428571428572,1.0,0.7142857142857143,1.0,0.8333333333333334,0.837836764143084,0.8248914616497829,0.987468671679198,0.8769230769230769,0.03538675112112712,5,0,114,2,0.9827586206896551,1.0,0.991304347826087,1.0,0.7142857142857143,0.8333333333333334,Random Forest,9,2,tuned,0.23214976158745504,"{'clf__max_depth': None, 'clf__min_samples_leaf': 5}"
0.9421487603305785,0.5,0.0,0.0,1.0,0.0,0.0,0.0,0.8959899749373433,0.29901447758590616,0.048177153979493556,0,0,114,7,0.9421487603305785,1.0,0.9702127659574468,0.0,0.0,0.0,Random Forest,9,3,0.5,0.5,"{'clf__max_depth': None, 'clf__min_samples_leaf': 5}"
0.9338842975206612,0.56265664160401,0.3333333333333333,0.14285714285714285,0.9824561403508771,0.2,0.1881468377216009,0.17123287671232879,0.8959899749373433,0.29901447758590616,0.048177153979493556,1,2,112,6,0.9491525423728814,0.9824561403508771,0.9655172413793104,0.3333333333333333,0.14285714285714285,0.2,Random Forest,9,3,tuned,0.22162827096874418,"{'clf__max_depth': None, 'clf__min_samples_leaf': 5}"
0.9421487603305785,0.5,0.0,0.0,1.0,0.0,0.0,0.0,0.8934837092731829,0.5714645619797845,0.04091756809386072,0,0,114,7,0.9421487603305785,1.0,0.9702127659574468,0.0,0.0,0.0,Random Forest,9,4,0.5,0.5,"{'clf__max_depth': None, 'clf__min_samples_leaf': 5}"
0.9504132231404959,0.7725563909774436,0.5714285714285714,0.5714285714285714,0.9736842105263158,0.5714285714285714,0.5451127819548872,0.5451127819548872,0.8934837092731829,0.5714645619797845,0.04091756809386072,4,3,111,3,0.9736842105263158,0.9736842105263158,0.9736842105263158,0.5714285714285714,0.5714285714285714,0.5714285714285714,Random Forest,9,4,tuned,0.21989984665317489,"{'clf__max_depth': None, 'clf__min_samples_leaf': 5}"
0.9421487603305785,0.5,0.0,0.0,1.0,0.0,0.0,0.0,0.918546365914787,0.5642857142857143,0.04146712184597569,0,0,114,7,0.9421487603305785,1.0,0.9702127659574468,0.0,0.0,0.0,Random Forest,9,5,0.5,0.5,"{'clf__max_depth': 5, 'clf__min_samples_leaf': 5}"
0.9338842975206612,0.7637844611528821,0.4444444444444444,0.5714285714285714,0.956140350877193,0.5,0.46940788889987284,0.4651933701657458,0.918546365914787,0.5642857142857143,0.04146712184597569,4,5,109,3,0.9732142857142857,0.956140350877193,0.9646017699115044,0.4444444444444444,0.5714285714285714,0.5,Random Forest,9,5,tuned,0.148332923104115,"{'clf__max_depth': 5, 'clf__min_samples_leaf': 5}"
0.9421487603305785,0.5,0.0,0.0,1.0,0.0,0.0,0.0,0.9448621553884712,0.6328873771730914,0.038008297421422435,0,0,114,7,0.9421487603305785,1.0,0.9702127659574468,0.0,0.0,0.0,Random Forest,9,6,0.5,0.5,"{'clf__max_depth': 10, 'clf__min_samples_leaf': 5}"
0.9586776859504132,0.7769423558897243,0.6666666666666666,0.5714285714285714,0.9824561403508771,0.6153846153846154,0.5956570390127073,0.5936870382807253,0.9448621553884712,0.6328873771730914,0.038008297421422435,4,2,112,3,0.9739130434782609,0.9824561403508771,0.9781659388646288,0.6666666666666666,0.5714285714285714,0.6153846153846154,Random Forest,9,6,tuned,0.18395851345280032,"{'clf__max_depth': 10, 'clf__min_samples_leaf': 5}"
0.9421487603305785,0.5,0.0,0.0,1.0,0.0,0.0,0.0,0.9160401002506265,0.4267416057332024,0.04397096765017357,0,0,114,7,0.9421487603305785,1.0,0.9702127659574468,0.0,0.0,0.0,Random Forest,9,7,0.5,0.5,"{'clf__max_depth': 10, 'clf__min_samples_leaf': 5}"
0.9256198347107438,0.7593984962406015,0.4,0.5714285714285714,0.9473684210526315,0.47058823529411764,0.43988323070463986,0.431924882629108,0.9160401002506265,0.4267416057332024,0.04397096765017357,4,6,108,3,0.972972972972973,0.9473684210526315,0.96,0.4,0.5714285714285714,0.47058823529411764,Random Forest,9,7,tuned,0.2167789327831898,"{'clf__max_depth': 10, 'clf__min_samples_leaf': 5}"
0.95,0.5,0.0,0.0,1.0,0.0,0.0,0.0,0.9342105263157895,0.4545787545787545,0.03697559658936913,0,0,114,6,0.95,1.0,0.9743589743589743,0.0,0.0,0.0,Random Forest,9,8,0.5,0.5,"{'clf__max_depth': 5, 'clf__min_samples_leaf': 1}"
0.9583333333333334,0.8201754385964912,0.5714285714285714,0.6666666666666666,0.9736842105263158,0.6153846153846154,0.5954671637658074,0.5934959349593496,0.9342105263157895,0.4545787545787545,0.03697559658936913,4,3,111,2,0.9823008849557522,0.9736842105263158,0.9779735682819384,0.5714285714285714,0.6666666666666666,0.6153846153846154,Random Forest,9,8,tuned,0.1867594835830722,"{'clf__max_depth': 5, 'clf__min_samples_leaf': 1}"
0.95,0.5,0.0,0.0,1.0,0.0,0.0,0.0,0.8918128654970761,0.40893959435626104,0.038784932890108294,0,0,114,6,0.95,1.0,0.9743589743589743,0.0,0.0,0.0,Random Forest,9,9,0.5,0.5,"{'clf__max_depth': 10, 'clf__min_samples_leaf': 1}"
0.95,0.6578947368421052,0.5,0.3333333333333333,0.9824561403508771,0.4,0.3834128905580745,0.375,0.8918128654970761,0.40893959435626104,0.038784932890108294,2,2,112,4,0.9655172413793104,0.9824561403508771,0.9739130434782609,0.5,0.3333333333333333,0.4,Random Forest,9,9,tuned,0.2670173398271775,"{'clf__max_depth': 10, 'clf__min_samples_leaf': 1}"
0.9586776859504132,0.6623188405797101,0.6666666666666666,0.3333333333333333,0.991304347826087,0.4444444444444444,0.4532333324183035,0.4254510921177588,0.9514492753623187,0.6130952380952381,0.030485291550653056,2,1,114,4,0.9661016949152542,0.991304347826087,0.9785407725321889,0.6666666666666666,0.3333333333333333,0.4444444444444444,Decision Tree,0,0,0.5,0.5,"{'clf__max_depth': 5, 'clf__min_samples_leaf': 10}"
0.9504132231404959,0.8159420289855073,0.5,0.6666666666666666,0.9652173913043478,0.5714285714285714,0.5520491285645256,0.5456821026282854,0.9514492753623187,0.6130952380952381,0.030485291550653056,4,4,111,2,0.9823008849557522,0.9652173913043478,0.9736842105263158,0.5,0.6666666666666666,0.5714285714285714,Decision Tree,0,0,tuned,0.2857142857142857,"{'clf__max_depth': 5, 'clf__min_samples_leaf': 10}"
0.9338842975206612,0.5702898550724638,0.25,0.16666666666666666,0.9739130434782609,0.2,0.17069636087365334,0.16695352839931155,0.677536231884058,0.180745769382133,0.05865952931572996,1,3,112,5,0.9572649572649573,0.9739130434782609,0.9655172413793104,0.25,0.16666666666666666,0.2,Decision Tree,0,1,0.5,0.5,"{'clf__max_depth': None, 'clf__min_samples_leaf': 10}"
0.9256198347107438,0.644927536231884,0.2857142857142857,0.3333333333333333,0.9565217391304348,0.3076923076923077,0.2695280719514513,0.2686366689053056,0.677536231884058,0.180745769382133,0.05865952931572996,2,5,110,4,0.9649122807017544,0.9565217391304348,0.9606986899563319,0.2857142857142857,0.3333333333333333,0.3076923076923077,Decision Tree,0,1,tuned,0.4166666666666667,"{'clf__max_depth': None, 'clf__min_samples_leaf': 10}"
0.9586776859504132,0.7098997493734336,0.75,0.42857142857142855,0.9912280701754386,0.5454545454545454,0.5481765267182397,0.5254901960784313,0.9066416040100251,0.6515794811249356,0.031207547512008025,3,1,113,4,0.9658119658119658,0.9912280701754386,0.9783549783549783,0.75,0.42857142857142855,0.5454545454545454,Decision Tree,0,2,0.5,0.5,"{'clf__max_depth': 7, 'clf__min_samples_leaf': 10}"
0.9586776859504132,0.8439849624060151,0.625,0.7142857142857143,0.9736842105263158,0.6666666666666666,0.6463781742612354,0.6447445684086905,0.9066416040100251,0.6515794811249356,0.031207547512008025,5,3,111,2,0.9823008849557522,0.9736842105263158,0.9779735682819384,0.625,0.7142857142857143,0.6666666666666666,Decision Tree,0,2,tuned,0.2571428571428571,"{'clf__max_depth': 7, 'clf__min_samples_leaf': 10}"
0.9338842975206612,0.56265664160401,0.3333333333333333,0.14285714285714285,0.9824561403508771,0.2,0.1881468377216009,0.17123287671232879,0.7951127819548872,0.3376281162842427,0.051224768524225264,1,2,112,6,0.9491525423728814,0.9824561403508771,0.9655172413793104,0.3333333333333333,0.14285714285714285,0.2,Decision Tree,0,3,0.5,0.5,"{'clf__max_depth': None, 'clf__min_samples_leaf': 10}"
0.9173553719008265,0.7550125313283208,0.36363636363636365,0.5714285714285714,0.9385964912280702,0.4444444444444444,0.4141906381266716,0.40217391304347827,0.7951127819548872,0.3376281162842427,0.051224768524225264,4,7,107,3,0.9727272727272728,0.9385964912280702,0.9553571428571429,0.36363636363636365,0.5714285714285714,0.4444444444444444,Decision Tree,0,3,tuned,0.36363636363636365,"{'clf__max_depth': None, 'clf__min_samples_leaf': 10}"
0.9504132231404959,0.7055137844611529,0.6,0.42857142857142855,0.9824561403508771,0.5,0.4821236116472483,0.47467438494934877,0.8828320802005013,0.5721742372460076,0.03914694544904555,3,2,112,4,0.9655172413793104,0.9824561403508771,0.9739130434782609,0.6,0.42857142857142855,0.5,Decision Tree,0,4,0.5,0.5,"{'clf__max_depth': 7, 'clf__min_samples_leaf': 5}"
0.9090909090909091,0.6835839598997494,0.3,0.42857142857142855,0.9385964912280702,0.35294117647058826,0.31131832511222096,0.30568596765779865,0.8828320802005013,0.5721742372460076,0.03914694544904555,3,7,107,4,0.963963963963964,0.9385964912280702,0.9511111111111111,0.3,0.42857142857142855,0.35294117647058826,Decision Tree,0,4,tuned,0.07142857142857142,"{'clf__max_depth': 7, 'clf__min_samples_leaf': 5}"
0.9586776859504132,0.7098997493734336,0.75,0.42857142857142855,0.9912280701754386,0.5454545454545454,0.5481765267182397,0.5254901960784313,0.8452380952380953,0.46857767900548647,0.03859882805586241,3,1,113,4,0.9658119658119658,0.9912280701754386,0.9783549783549783,0.75,0.42857142857142855,0.5454545454545454,Decision Tree,0,5,0.5,0.5,"{'clf__max_depth': 5, 'clf__min_samples_leaf': 5}"
0.9504132231404959,0.7055137844611529,0.6,0.42857142857142855,0.9824561403508771,0.5,0.4821236116472483,0.47467438494934877,0.8452380952380953,0.46857767900548647,0.03859882805586241,3,2,112,4,0.9655172413793104,0.9824561403508771,0.9739130434782609,0.6,0.42857142857142855,0.5,Decision Tree,0,5,tuned,0.4,"{'clf__max_depth': 5, 'clf__min_samples_leaf': 5}"
0.9421487603305785,0.6340852130325814,0.5,0.2857142857142857,0.9824561403508771,0.36363636363636365,0.3501784379632934,0.33568627450980393,0.7781954887218046,0.3403384494293585,0.047886931315917924,2,2,112,5,0.9572649572649573,0.9824561403508771,0.9696969696969697,0.5,0.2857142857142857,0.36363636363636365,Decision Tree,0,6,0.5,0.5,"{'clf__max_depth': 5, 'clf__min_samples_leaf': 10}"
0.8925619834710744,0.8088972431077694,0.3125,0.7142857142857143,0.9035087719298246,0.43478260869565216,0.4257854658383759,0.38530676045330203,0.7781954887218046,0.3403384494293585,0.047886931315917924,5,11,103,2,0.9809523809523809,0.9035087719298246,0.9406392694063926,0.3125,0.7142857142857143,0.43478260869565216,Decision Tree,0,6,tuned,0.2727272727272727,"{'clf__max_depth': 5, 'clf__min_samples_leaf': 10}"
0.9421487603305785,0.6340852130325814,0.5,0.2857142857142857,0.9824561403508771,0.36363636363636365,0.3501784379632934,0.33568627450980393,0.6491228070175439,0.243942204981166,0.05387217988643035,2,2,112,5,0.9572649572649573,0.9824561403508771,0.9696969696969697,0.5,0.2857142857142857,0.36363636363636365,Decision Tree,0,7,0.5,0.5,"{'clf__max_depth': 5, 'clf__min_samples_leaf': 5}"
0.9504132231404959,0.6384711779448622,0.6666666666666666,0.2857142857142857,0.9912280701754386,0.4,0.415804511364738,0.3784246575342466,0.6491228070175439,0.243942204981166,0.05387217988643035,2,1,113,5,0.9576271186440678,0.9912280701754386,0.9741379310344828,0.6666666666666666,0.2857142857142857,0.4,Decision Tree,0,7,tuned,0.7142857142857143,"{'clf__max_depth': 5, 'clf__min_samples_leaf': 5}"
0.9416666666666667,0.6535087719298246,0.4,0.3333333333333333,0.9736842105263158,0.36363636363636365,0.3348554112644579,0.33333333333333337,0.6154970760233919,0.18333333333333335,0.053798217092301696,2,3,111,4,0.9652173913043478,0.9736842105263158,0.9694323144104804,0.4,0.3333333333333333,0.36363636363636365,Decision Tree,0,8,0.5,0.5,"{'clf__max_depth': 7, 'clf__min_samples_leaf': 10}"
0.9416666666666667,0.6535087719298246,0.4,0.3333333333333333,0.9736842105263158,0.36363636363636365,0.3348554112644579,0.33333333333333337,0.6154970760233919,0.18333333333333335,0.053798217092301696,2,3,111,4,0.9652173913043478,0.9736842105263158,0.9694323144104804,0.4,0.3333333333333333,0.36363636363636365,Decision Tree,0,8,tuned,0.5,"{'clf__max_depth': 7, 'clf__min_samples_leaf': 10}"
0.9583333333333334,0.5833333333333334,1.0,0.16666666666666666,1.0,0.2857142857142857,0.3995796110241594,0.2753623188405797,0.7258771929824562,0.525,0.035365749055033986,1,0,114,5,0.957983193277311,1.0,0.9785407725321889,1.0,0.16666666666666666,0.2857142857142857,Decision Tree,0,9,0.5,0.5,"{'clf__max_depth': 7, 'clf__min_samples_leaf': 10}"
0.9666666666666667,0.6666666666666666,1.0,0.3333333333333333,1.0,0.5,0.567480306535024,0.4871794871794872,0.7258771929824562,0.525,0.035365749055033986,2,0,114,4,0.9661016949152542,1.0,0.9827586206896551,1.0,0.3333333333333333,0.5,Decision Tree,0,9,tuned,0.42857142857142855,"{'clf__max_depth': 7, 'clf__min_samples_leaf': 10}"
0.9586776859504132,0.6623188405797101,0.6666666666666666,0.3333333333333333,0.991304347826087,0.4444444444444444,0.4532333324183035,0.4254510921177588,0.977536231884058,0.6353535353535353,0.027330785437183168,2,1,114,4,0.9661016949152542,0.991304347826087,0.9785407725321889,0.6666666666666666,0.3333333333333333,0.4444444444444444,Decision Tree,1,0,0.5,0.5,"{'clf__max_depth': 7, 'clf__min_samples_leaf': 10}"
0.9586776859504132,0.741304347826087,0.6,0.5,0.9826086956521739,0.5454545454545454,0.5263876499510503,0.5239968528717546,0.977536231884058,0.6353535353535353,0.027330785437183168,3,2,113,3,0.9741379310344828,0.9826086956521739,0.9783549783549783,0.6,0.5,0.5454545454545454,Decision Tree,1,0,tuned,0.4,"{'clf__max_depth': 7, 'clf__min_samples_leaf': 10}"
0.9256198347107438,0.48695652173913045,0.0,0.0,0.9739130434782609,0.0,-0.036420535640756535,-0.03418803418803407,0.7601449275362319,0.17000114784205692,0.05499478490230163,0,3,112,6,0.9491525423728814,0.9739130434782609,0.9613733905579399,0.0,0.0,0.0,Decision Tree,1,1,0.5,0.5,"{'clf__max_depth': None, 'clf__min_samples_leaf': 10}"
0.9256198347107438,0.644927536231884,0.2857142857142857,0.3333333333333333,0.9565217391304348,0.3076923076923077,0.2695280719514513,0.2686366689053056,0.7601449275362319,0.17000114784205692,0.05499478490230163,2,5,110,4,0.9649122807017544,0.9565217391304348,0.9606986899563319,0.2857142857142857,0.3333333333333333,0.3076923076923077,Decision Tree,1,1,tuned,0.29411764705882354,"{'clf__max_depth': None, 'clf__min_samples_leaf': 10}"
0.9752066115702479,0.7857142857142857,1.0,0.5714285714285714,1.0,0.7272727272727273,0.7461746154731859,0.7152941176470589,0.8302005012531329,0.6673225764134855,0.0271963397557208,4,0,114,3,0.9743589743589743,1.0,0.987012987012987,1.0,0.5714285714285714,0.7272727272727273,Decision Tree,1,2,0.5,0.5,"{'clf__max_depth': 7, 'clf__min_samples_leaf': 10}"
0.9504132231404959,0.8395989974937343,0.5555555555555556,0.7142857142857143,0.9649122807017544,0.625,0.6043208450919978,0.5988950276243094,0.8302005012531329,0.6673225764134855,0.0271963397557208,5,4,110,2,0.9821428571428571,0.9649122807017544,0.9734513274336283,0.5555555555555556,0.7142857142857143,0.625,Decision Tree,1,2,tuned,0.25,"{'clf__max_depth': 7, 'clf__min_samples_leaf': 10}"
0.9008264462809917,0.7462406015037594,0.3076923076923077,0.5714285714285714,0.9210526315789473,0.4,0.3712851255189087,0.3512064343163539,0.731203007518797,0.23175309538945904,0.06575474389327204,4,9,105,3,0.9722222222222222,0.9210526315789473,0.9459459459459459,0.3076923076923077,0.5714285714285714,0.4,Decision Tree,1,3,0.5,0.5,"{'clf__max_depth': 7, 'clf__min_samples_leaf': 5}"
0.8677685950413223,0.7286967418546366,0.23529411764705882,0.5714285714285714,0.8859649122807017,0.3333333333333333,0.3072913167786911,0.2738184546136534,0.731203007518797,0.23175309538945904,0.06575474389327204,4,13,101,3,0.9711538461538461,0.8859649122807017,0.926605504587156,0.23529411764705882,0.5714285714285714,0.3333333333333333,Decision Tree,1,3,tuned,0.2857142857142857,"{'clf__max_depth': 7, 'clf__min_samples_leaf': 5}"
0.9256198347107438,0.6923558897243107,0.375,0.42857142857142855,0.956140350877193,0.4,0.361453733147904,0.36054022313564293,0.818295739348371,0.3413846254755346,0.0509569964235495,3,5,109,4,0.9646017699115044,0.956140350877193,0.960352422907489,0.375,0.42857142857142855,0.4,Decision Tree,1,4,0.5,0.5,"{'clf__max_depth': 7, 'clf__min_samples_leaf': 10}"
0.9338842975206612,0.7637844611528821,0.4444444444444444,0.5714285714285714,0.956140350877193,0.5,0.46940788889987284,0.4651933701657458,0.818295739348371,0.3413846254755346,0.0509569964235495,4,5,109,3,0.9732142857142857,0.956140350877193,0.9646017699115044,0.4444444444444444,0.5714285714285714,0.5,Decision Tree,1,4,tuned,0.3157894736842105,"{'clf__max_depth': 7, 'clf__min_samples_leaf': 10}"
0.9338842975206612,0.56265664160401,0.3333333333333333,0.14285714285714285,0.9824561403508771,0.2,0.1881468377216009,0.17123287671232879,0.8828320802005012,0.4632095177549723,0.04251108917897919,1,2,112,6,0.9491525423728814,0.9824561403508771,0.9655172413793104,0.3333333333333333,0.14285714285714285,0.2,Decision Tree,1,5,0.5,0.5,"{'clf__max_depth': None, 'clf__min_samples_leaf': 10}"
0.9586776859504132,0.7769423558897243,0.6666666666666666,0.5714285714285714,0.9824561403508771,0.6153846153846154,0.5956570390127073,0.5936870382807253,0.8828320802005012,0.4632095177549723,0.04251108917897919,4,2,112,3,0.9739130434782609,0.9824561403508771,0.9781659388646288,0.6666666666666666,0.5714285714285714,0.6153846153846154,Decision Tree,1,5,tuned,0.3888888888888889,"{'clf__max_depth': None, 'clf__min_samples_leaf': 10}"
0.9421487603305785,0.6340852130325814,0.5,0.2857142857142857,0.9824561403508771,0.36363636363636365,0.3501784379632934,0.33568627450980393,0.8082706766917294,0.3480003571676604,0.04735291351426647,2,2,112,5,0.9572649572649573,0.9824561403508771,0.9696969696969697,0.5,0.2857142857142857,0.36363636363636365,Decision Tree,1,6,0.5,0.5,"{'clf__max_depth': 5, 'clf__min_samples_leaf': 5}"
0.9421487603305785,0.6340852130325814,0.5,0.2857142857142857,0.9824561403508771,0.36363636363636365,0.3501784379632934,0.33568627450980393,0.8082706766917294,0.3480003571676604,0.04735291351426647,2,2,112,5,0.9572649572649573,0.9824561403508771,0.9696969696969697,0.5,0.2857142857142857,0.36363636363636365,Decision Tree,1,6,tuned,0.46153846153846156,"{'clf__max_depth': 5, 'clf__min_samples_leaf': 5}"
0.9586776859504132,0.6428571428571428,1.0,0.2857142857142857,1.0,0.4444444444444444,0.5231725181940632,0.4297832233741753,0.9047619047619047,0.6035025580480126,0.034367116548660495,2,0,114,5,0.957983193277311,1.0,0.9785407725321889,1.0,0.2857142857142857,0.4444444444444444,Decision Tree,1,7,0.5,0.5,"{'clf__max_depth': 7, 'clf__min_samples_leaf': 10}"
0.9421487603305785,0.6340852130325814,0.5,0.2857142857142857,0.9824561403508771,0.36363636363636365,0.3501784379632934,0.33568627450980393,0.9047619047619047,0.6035025580480126,0.034367116548660495,2,2,112,5,0.9572649572649573,0.9824561403508771,0.9696969696969697,0.5,0.2857142857142857,0.36363636363636365,Decision Tree,1,7,tuned,0.2727272727272727,"{'clf__max_depth': 7, 'clf__min_samples_leaf': 10}"
0.9583333333333334,0.7412280701754386,0.6,0.5,0.9824561403508771,0.5454545454545454,0.5262013605584338,0.5238095238095238,0.8099415204678362,0.3296296296296296,0.037682291666666666,3,2,112,3,0.9739130434782609,0.9824561403508771,0.9781659388646288,0.6,0.5,0.5454545454545454,Decision Tree,1,8,0.5,0.5,"{'clf__max_depth': 7, 'clf__min_samples_leaf': 5}"
0.9583333333333334,0.7412280701754386,0.6,0.5,0.9824561403508771,0.5454545454545454,0.5262013605584338,0.5238095238095238,0.8099415204678362,0.3296296296296296,0.037682291666666666,3,2,112,3,0.9739130434782609,0.9824561403508771,0.9781659388646288,0.6,0.5,0.5454545454545454,Decision Tree,1,8,tuned,0.4444444444444444,"{'clf__max_depth': 7, 'clf__min_samples_leaf': 5}"
0.9333333333333333,0.5701754385964912,0.25,0.16666666666666666,0.9736842105263158,0.2,0.170405729136922,0.16666666666666663,0.7054093567251462,0.27415824915824916,0.04518847036856751,1,3,111,5,0.9568965517241379,0.9736842105263158,0.9652173913043478,0.25,0.16666666666666666,0.2,Decision Tree,1,9,0.5,0.5,"{'clf__max_depth': 7, 'clf__min_samples_leaf': 5}"
0.9333333333333333,0.5701754385964912,0.25,0.16666666666666666,0.9736842105263158,0.2,0.170405729136922,0.16666666666666663,0.7054093567251462,0.27415824915824916,0.04518847036856751,1,3,111,5,0.9568965517241379,0.9736842105263158,0.9652173913043478,0.25,0.16666666666666666,0.2,Decision Tree,1,9,tuned,0.5,"{'clf__max_depth': 7, 'clf__min_samples_leaf': 5}"
0.9669421487603306,0.8246376811594203,0.6666666666666666,0.6666666666666666,0.9826086956521739,0.6666666666666666,0.6492753623188405,0.6492753623188405,0.8057971014492753,0.5720844811753902,0.03281126126987137,4,2,113,2,0.9826086956521739,0.9826086956521739,0.9826086956521739,0.6666666666666666,0.6666666666666666,0.6666666666666666,Decision Tree,2,0,0.5,0.5,"{'clf__max_depth': 7, 'clf__min_samples_leaf': 10}"
0.9669421487603306,0.8246376811594203,0.6666666666666666,0.6666666666666666,0.9826086956521739,0.6666666666666666,0.6492753623188405,0.6492753623188405,0.8057971014492753,0.5720844811753902,0.03281126126987137,4,2,113,2,0.9826086956521739,0.9826086956521739,0.9826086956521739,0.6666666666666666,0.6666666666666666,0.6666666666666666,Decision Tree,2,0,tuned,0.42857142857142855,"{'clf__max_depth': 7, 'clf__min_samples_leaf': 10}"
0.9256198347107438,0.644927536231884,0.2857142857142857,0.3333333333333333,0.9565217391304348,0.3076923076923077,0.2695280719514513,0.2686366689053056,0.8797101449275363,0.44645590100135557,0.03884293187306335,2,5,110,4,0.9649122807017544,0.9565217391304348,0.9606986899563319,0.2857142857142857,0.3333333333333333,0.3076923076923077,Decision Tree,2,1,0.5,0.5,"{'clf__max_depth': 7, 'clf__min_samples_leaf': 10}"
0.9421487603305785,0.8905797101449275,0.45454545454545453,0.8333333333333334,0.9478260869565217,0.5882352941176471,0.5898906801202691,0.56,0.8797101449275363,0.44645590100135557,0.03884293187306335,5,6,109,1,0.990909090909091,0.9478260869565217,0.9688888888888889,0.45454545454545453,0.8333333333333334,0.5882352941176471,Decision Tree,2,1,tuned,0.3,"{'clf__max_depth': 7, 'clf__min_samples_leaf': 10}"
0.9090909090909091,0.5494987468671679,0.16666666666666666,0.14285714285714285,0.956140350877193,0.15384615384615385,0.10646358842082325,0.10611148421759564,0.6986215538847118,0.15144956054046962,0.0710416931387222,1,5,109,6,0.9478260869565217,0.956140350877193,0.9519650655021834,0.16666666666666666,0.14285714285714285,0.15384615384615385,Decision Tree,2,2,0.5,0.5,"{'clf__max_depth': 5, 'clf__min_samples_leaf': 10}"
0.8925619834710744,0.674812030075188,0.25,0.42857142857142855,0.9210526315789473,0.3157894736842105,0.2730856537757534,0.26184889723134674,0.6986215538847118,0.15144956054046962,0.0710416931387222,3,9,105,4,0.963302752293578,0.9210526315789473,0.9417040358744395,0.25,0.42857142857142855,0.3157894736842105,Decision Tree,2,2,tuned,0.25,"{'clf__max_depth': 5, 'clf__min_samples_leaf': 10}"
0.9421487603305785,0.768170426065163,0.5,0.5714285714285714,0.9649122807017544,0.5333333333333333,0.5039159537045698,0.5026423957721667,0.7926065162907269,0.4001268092177183,0.04972388348277611,4,4,110,3,0.9734513274336283,0.9649122807017544,0.9691629955947136,0.5,0.5714285714285714,0.5333333333333333,Decision Tree,2,3,0.5,0.5,"{'clf__max_depth': 7, 'clf__min_samples_leaf': 10}"
0.9421487603305785,0.768170426065163,0.5,0.5714285714285714,0.9649122807017544,0.5333333333333333,0.5039159537045698,0.5026423957721667,0.7926065162907269,0.4001268092177183,0.04972388348277611,4,4,110,3,0.9734513274336283,0.9649122807017544,0.9691629955947136,0.5,0.5714285714285714,0.5333333333333333,Decision Tree,2,3,tuned,0.38461538461538464,"{'clf__max_depth': 7, 'clf__min_samples_leaf': 10}"
0.9504132231404959,0.6384711779448622,0.6666666666666666,0.2857142857142857,0.9912280701754386,0.4,0.415804511364738,0.3784246575342466,0.656015037593985,0.28050281505754604,0.04736217131017777,2,1,113,5,0.9576271186440678,0.9912280701754386,0.9741379310344828,0.6666666666666666,0.2857142857142857,0.4,Decision Tree,2,4,0.5,0.5,"{'clf__max_depth': 5, 'clf__min_samples_leaf': 5}"
0.9256198347107438,0.6923558897243107,0.375,0.42857142857142855,0.956140350877193,0.4,0.361453733147904,0.36054022313564293,0.656015037593985,0.28050281505754604,0.04736217131017777,3,5,109,4,0.9646017699115044,0.956140350877193,0.960352422907489,0.375,0.42857142857142855,0.4,Decision Tree,2,4,tuned,0.20689655172413793,"{'clf__max_depth': 5, 'clf__min_samples_leaf': 5}"
0.9256198347107438,0.49122807017543857,0.0,0.0,0.9824561403508771,0.0,-0.032124628310161774,-0.02639019792648445,0.7042606516290728,0.15144956054046962,0.057515534202223495,0,2,112,7,0.9411764705882353,0.9824561403508771,0.9613733905579399,0.0,0.0,0.0,Decision Tree,2,5,0.5,0.5,"{'clf__max_depth': 5, 'clf__min_samples_leaf': 10}"
0.9173553719008265,0.5538847117794486,0.2,0.14285714285714285,0.9649122807017544,0.16666666666666666,0.12641045915141266,0.12445730824891454,0.7042606516290728,0.15144956054046962,0.057515534202223495,1,4,110,6,0.9482758620689655,0.9649122807017544,0.9565217391304348,0.2,0.14285714285714285,0.16666666666666666,Decision Tree,2,5,tuned,0.2857142857142857,"{'clf__max_depth': 5, 'clf__min_samples_leaf': 10}"
0.9090909090909091,0.6165413533834586,0.25,0.2857142857142857,0.9473684210526315,0.26666666666666666,0.21899151259123825,0.21843805049911913,0.6716791979949874,0.1810170349131388,0.07237516631997154,2,6,108,5,0.9557522123893806,0.9473684210526315,0.9515418502202643,0.25,0.2857142857142857,0.26666666666666666,Decision Tree,2,6,0.5,0.5,"{'clf__max_depth': None, 'clf__min_samples_leaf': 5}"
0.9090909090909091,0.6165413533834586,0.25,0.2857142857142857,0.9473684210526315,0.26666666666666666,0.21899151259123825,0.21843805049911913,0.6716791979949874,0.1810170349131388,0.07237516631997154,2,6,108,5,0.9557522123893806,0.9473684210526315,0.9515418502202643,0.25,0.2857142857142857,0.26666666666666666,Decision Tree,2,6,tuned,0.5,"{'clf__max_depth': None, 'clf__min_samples_leaf': 5}"
0.9669421487603306,0.8483709273182958,0.7142857142857143,0.7142857142857143,0.9824561403508771,0.7142857142857143,0.6967418546365914,0.6967418546365916,0.9097744360902256,0.5881441069752759,0.029189973586618612,5,2,112,2,0.9824561403508771,0.9824561403508771,0.9824561403508771,0.7142857142857143,0.7142857142857143,0.7142857142857143,Decision Tree,2,7,0.5,0.5,"{'clf__max_depth': None, 'clf__min_samples_leaf': 5}"
0.9669421487603306,0.8483709273182958,0.7142857142857143,0.7142857142857143,0.9824561403508771,0.7142857142857143,0.6967418546365914,0.6967418546365916,0.9097744360902256,0.5881441069752759,0.029189973586618612,5,2,112,2,0.9824561403508771,0.9824561403508771,0.9824561403508771,0.7142857142857143,0.7142857142857143,0.7142857142857143,Decision Tree,2,7,tuned,0.3333333333333333,"{'clf__max_depth': None, 'clf__min_samples_leaf': 5}"
0.9333333333333333,0.49122807017543857,0.0,0.0,0.9824561403508771,0.0,-0.029867384554474945,-0.02564102564102555,0.7741228070175439,0.12104894589414714,0.05718371705410537,0,2,112,6,0.9491525423728814,0.9824561403508771,0.9655172413793104,0.0,0.0,0.0,Decision Tree,2,8,0.5,0.5,"{'clf__max_depth': 5, 'clf__min_samples_leaf': 10}"
0.9083333333333333,0.5570175438596491,0.14285714285714285,0.16666666666666666,0.9473684210526315,0.15384615384615385,0.10604209765692461,0.10569105691056913,0.7741228070175439,0.12104894589414714,0.05718371705410537,1,6,108,5,0.9557522123893806,0.9473684210526315,0.9515418502202643,0.14285714285714285,0.16666666666666666,0.15384615384615385,Decision Tree,2,8,tuned,0.21428571428571427,"{'clf__max_depth': 5, 'clf__min_samples_leaf': 10}"
0.9416666666666667,0.4956140350877193,0.0,0.0,0.9912280701754386,0.0,-0.021030505843376807,-0.014492753623188248,0.9005847953216375,0.34599014336917566,0.037563012555714884,0,1,113,6,0.9495798319327731,0.9912280701754386,0.9699570815450643,0.0,0.0,0.0,Decision Tree,2,9,0.5,0.5,"{'clf__max_depth': 5, 'clf__min_samples_leaf': 10}"
0.9,0.868421052631579,0.3125,0.8333333333333334,0.9035087719298246,0.45454545454545453,0.47241733419913995,0.4117647058823529,0.9005847953216375,0.34599014336917566,0.037563012555714884,5,11,103,1,0.9903846153846154,0.9035087719298246,0.944954128440367,0.3125,0.8333333333333334,0.45454545454545453,Decision Tree,2,9,tuned,0.14285714285714285,"{'clf__max_depth': 5, 'clf__min_samples_leaf': 10}"
0.9421487603305785,0.5746376811594203,0.3333333333333333,0.16666666666666666,0.9826086956521739,0.2222222222222222,0.2084063983887735,0.19563152896486236,0.7130434782608696,0.18034894398530762,0.05785873578081371,1,2,113,5,0.9576271186440678,0.9826086956521739,0.9699570815450643,0.3333333333333333,0.16666666666666666,0.2222222222222222,Decision Tree,3,0,0.5,0.5,"{'clf__max_depth': None, 'clf__min_samples_leaf': 5}"
0.9421487603305785,0.5746376811594203,0.3333333333333333,0.16666666666666666,0.9826086956521739,0.2222222222222222,0.2084063983887735,0.19563152896486236,0.7130434782608696,0.18034894398530762,0.05785873578081371,1,2,113,5,0.9576271186440678,0.9826086956521739,0.9699570815450643,0.3333333333333333,0.16666666666666666,0.2222222222222222,Decision Tree,3,0,tuned,0.5,"{'clf__max_depth': None, 'clf__min_samples_leaf': 5}"
0.9173553719008265,0.5615942028985508,0.16666666666666666,0.16666666666666666,0.9565217391304348,0.16666666666666666,0.12318840579710146,0.12318840579710144,0.8528985507246376,0.3125573921028466,0.049430878568481273,1,5,110,5,0.9565217391304348,0.9565217391304348,0.9565217391304348,0.16666666666666666,0.16666666666666666,0.16666666666666666,Decision Tree,3,1,0.5,0.5,"{'clf__max_depth': 5, 'clf__min_samples_leaf': 10}"
0.9173553719008265,0.5615942028985508,0.16666666666666666,0.16666666666666666,0.9565217391304348,0.16666666666666666,0.12318840579710146,0.12318840579710144,0.8528985507246376,0.3125573921028466,0.049430878568481273,1,5,110,5,0.9565217391304348,0.9565217391304348,0.9565217391304348,0.16666666666666666,0.16666666666666666,0.16666666666666666,Decision Tree,3,1,tuned,0.5,"{'clf__max_depth': 5, 'clf__min_samples_leaf': 10}"
0.9586776859504132,0.7098997493734336,0.75,0.42857142857142855,0.9912280701754386,0.5454545454545454,0.5481765267182397,0.5254901960784313,0.8609022556390978,0.5281057326511872,0.03903201681605424,3,1,113,4,0.9658119658119658,0.9912280701754386,0.9783549783549783,0.75,0.42857142857142855,0.5454545454545454,Decision Tree,3,2,0.5,0.5,"{'clf__max_depth': 5, 'clf__min_samples_leaf': 5}"
0.9338842975206612,0.6967418546365914,0.42857142857142855,0.42857142857142855,0.9649122807017544,0.42857142857142855,0.39348370927318294,0.393483709273183,0.8609022556390978,0.5281057326511872,0.03903201681605424,3,4,110,4,0.9649122807017544,0.9649122807017544,0.9649122807017544,0.42857142857142855,0.42857142857142855,0.42857142857142855,Decision Tree,3,2,tuned,0.35294117647058826,"{'clf__max_depth': 5, 'clf__min_samples_leaf': 5}"
0.9256198347107438,0.62531328320802,0.3333333333333333,0.2857142857142857,0.9649122807017544,0.3076923076923077,0.2695280719514513,0.2686366689053056,0.8170426065162907,0.27464858373949286,0.050924162206352264,2,4,110,5,0.9565217391304348,0.9649122807017544,0.9606986899563319,0.3333333333333333,0.2857142857142857,0.3076923076923077,Decision Tree,3,3,0.5,0.5,"{'clf__max_depth': 7, 'clf__min_samples_leaf': 5}"
0.9256198347107438,0.7593984962406015,0.4,0.5714285714285714,0.9473684210526315,0.47058823529411764,0.43988323070463986,0.431924882629108,0.8170426065162907,0.27464858373949286,0.050924162206352264,4,6,108,3,0.972972972972973,0.9473684210526315,0.96,0.4,0.5714285714285714,0.47058823529411764,Decision Tree,3,3,tuned,0.25,"{'clf__max_depth': 7, 'clf__min_samples_leaf': 5}"
0.9421487603305785,0.6340852130325814,0.5,0.2857142857142857,0.9824561403508771,0.36363636363636365,0.3501784379632934,0.33568627450980393,0.8220551378446117,0.3940799460279979,0.045061104074031307,2,2,112,5,0.9572649572649573,0.9824561403508771,0.9696969696969697,0.5,0.2857142857142857,0.36363636363636365,Decision Tree,3,4,0.5,0.5,"{'clf__max_depth': 7, 'clf__min_samples_leaf': 5}"
0.9504132231404959,0.7725563909774436,0.5714285714285714,0.5714285714285714,0.9736842105263158,0.5714285714285714,0.5451127819548872,0.5451127819548872,0.8220551378446117,0.3940799460279979,0.045061104074031307,4,3,111,3,0.9736842105263158,0.9736842105263158,0.9736842105263158,0.5714285714285714,0.5714285714285714,0.5714285714285714,Decision Tree,3,4,tuned,0.2903225806451613,"{'clf__max_depth': 7, 'clf__min_samples_leaf': 5}"
0.9586776859504132,0.6428571428571428,1.0,0.2857142857142857,1.0,0.4444444444444444,0.5231725181940632,0.4297832233741753,0.6666666666666666,0.3902007083825265,0.04513282877618523,2,0,114,5,0.957983193277311,1.0,0.9785407725321889,1.0,0.2857142857142857,0.4444444444444444,Decision Tree,3,5,0.5,0.5,"{'clf__max_depth': 5, 'clf__min_samples_leaf': 5}"
0.9421487603305785,0.5,0.0,0.0,1.0,0.0,0.0,0.0,0.6666666666666666,0.3902007083825265,0.04513282877618523,0,0,114,7,0.9421487603305785,1.0,0.9702127659574468,0.0,0.0,0.0,Decision Tree,3,5,tuned,0.65,"{'clf__max_depth': 5, 'clf__min_samples_leaf': 5}"
0.9421487603305785,0.7011278195488722,0.5,0.42857142857142855,0.9736842105263158,0.46153846153846156,0.4325925554820793,0.4311618535930154,0.8026315789473685,0.38665879574970485,0.049025253572507914,3,3,111,4,0.9652173913043478,0.9736842105263158,0.9694323144104804,0.5,0.42857142857142855,0.46153846153846156,Decision Tree,3,6,0.5,0.5,"{'clf__max_depth': 7, 'clf__min_samples_leaf': 10}"
0.9338842975206612,0.6967418546365914,0.42857142857142855,0.42857142857142855,0.9649122807017544,0.42857142857142855,0.39348370927318294,0.393483709273183,0.8026315789473685,0.38665879574970485,0.049025253572507914,3,4,110,4,0.9649122807017544,0.9649122807017544,0.9649122807017544,0.42857142857142855,0.42857142857142855,0.42857142857142855,Decision Tree,3,6,tuned,0.3,"{'clf__max_depth': 7, 'clf__min_samples_leaf': 10}"
0.9090909090909091,0.4824561403508772,0.0,0.0,0.9649122807017544,0.0,-0.04581773954659914,-0.043921568627451,0.7424812030075187,0.20648273083338017,0.05342575734254393,0,4,110,7,0.9401709401709402,0.9649122807017544,0.9523809523809523,0.0,0.0,0.0,Decision Tree,3,7,0.5,0.5,"{'clf__max_depth': None, 'clf__min_samples_leaf': 10}"
0.9256198347107438,0.6923558897243107,0.375,0.42857142857142855,0.956140350877193,0.4,0.361453733147904,0.36054022313564293,0.7424812030075187,0.20648273083338017,0.05342575734254393,3,5,109,4,0.9646017699115044,0.956140350877193,0.960352422907489,0.375,0.42857142857142855,0.4,Decision Tree,3,7,tuned,0.3333333333333333,"{'clf__max_depth': None, 'clf__min_samples_leaf': 10}"
0.9416666666666667,0.5745614035087719,0.3333333333333333,0.16666666666666666,0.9824561403508771,0.2222222222222222,0.20817020153834945,0.1954022988505747,0.8355263157894738,0.2610042735042735,0.044383050921611863,1,2,112,5,0.9572649572649573,0.9824561403508771,0.9696969696969697,0.3333333333333333,0.16666666666666666,0.2222222222222222,Decision Tree,3,8,0.5,0.5,"{'clf__max_depth': 5, 'clf__min_samples_leaf': 5}"
0.925,0.7236842105263157,0.3333333333333333,0.5,0.9473684210526315,0.4,0.3701780228629409,0.36170212765957455,0.8355263157894738,0.2610042735042735,0.044383050921611863,3,6,108,3,0.972972972972973,0.9473684210526315,0.96,0.3333333333333333,0.5,0.4,Decision Tree,3,8,tuned,0.35714285714285715,"{'clf__max_depth': 5, 'clf__min_samples_leaf': 5}"
0.9833333333333333,0.8333333333333333,1.0,0.6666666666666666,1.0,0.8,0.8094272134003795,0.7916666666666666,0.9897660818713451,0.8541666666666665,0.017587974919042404,4,0,114,2,0.9827586206896551,1.0,0.991304347826087,1.0,0.6666666666666666,0.8,Decision Tree,3,9,0.5,0.5,"{'clf__max_depth': 7, 'clf__min_samples_leaf': 5}"
0.95,0.9736842105263157,0.5,1.0,0.9473684210526315,0.6666666666666666,0.6882472016116853,0.6428571428571428,0.9897660818713451,0.8541666666666665,0.017587974919042404,6,6,108,0,1.0,0.9473684210526315,0.972972972972973,0.5,1.0,0.6666666666666666,Decision Tree,3,9,tuned,0.21212121212121213,"{'clf__max_depth': 7, 'clf__min_samples_leaf': 5}"
0.9504132231404959,0.5789855072463769,0.5,0.16666666666666666,0.991304347826087,0.25,0.2689759648419309,0.23093220338983056,0.8014492753623189,0.34544215774623294,0.04176850793877126,1,1,114,5,0.957983193277311,0.991304347826087,0.9743589743589743,0.5,0.16666666666666666,0.25,Decision Tree,4,0,0.5,0.5,"{'clf__max_depth': 5, 'clf__min_samples_leaf': 5}"
0.9504132231404959,0.5789855072463769,0.5,0.16666666666666666,0.991304347826087,0.25,0.2689759648419309,0.23093220338983056,0.8014492753623189,0.34544215774623294,0.04176850793877126,1,1,114,5,0.957983193277311,0.991304347826087,0.9743589743589743,0.5,0.16666666666666666,0.25,Decision Tree,4,0,tuned,0.2222222222222222,"{'clf__max_depth': 5, 'clf__min_samples_leaf': 5}"
0.9504132231404959,0.7369565217391305,0.5,0.5,0.9739130434782609,0.5,0.47391304347826085,0.4739130434782609,0.8144927536231884,0.4860766403124973,0.04444376038021875,3,3,112,3,0.9739130434782609,0.9739130434782609,0.9739130434782609,0.5,0.5,0.5,Decision Tree,4,1,0.5,0.5,"{'clf__max_depth': 5, 'clf__min_samples_leaf': 1}"
0.9421487603305785,0.6536231884057971,0.4,0.3333333333333333,0.9739130434782609,0.36363636363636365,0.3351176630318999,0.33359559402045635,0.8144927536231884,0.4860766403124973,0.04444376038021875,2,3,112,4,0.9655172413793104,0.9739130434782609,0.9696969696969697,0.4,0.3333333333333333,0.36363636363636365,Decision Tree,4,1,tuned,0.6111111111111112,"{'clf__max_depth': 5, 'clf__min_samples_leaf': 1}"
0.9338842975206612,0.6967418546365914,0.42857142857142855,0.42857142857142855,0.9649122807017544,0.42857142857142855,0.39348370927318294,0.393483709273183,0.9505012531328321,0.4745703544575725,0.041704133256708985,3,4,110,4,0.9649122807017544,0.9649122807017544,0.9649122807017544,0.42857142857142855,0.42857142857142855,0.42857142857142855,Decision Tree,4,2,0.5,0.5,"{'clf__max_depth': 5, 'clf__min_samples_leaf': 5}"
0.9338842975206612,0.6967418546365914,0.42857142857142855,0.42857142857142855,0.9649122807017544,0.42857142857142855,0.39348370927318294,0.393483709273183,0.9505012531328321,0.4745703544575725,0.041704133256708985,3,4,110,4,0.9649122807017544,0.9649122807017544,0.9649122807017544,0.42857142857142855,0.42857142857142855,0.42857142857142855,Decision Tree,4,2,tuned,0.5925925925925926,"{'clf__max_depth': 5, 'clf__min_samples_leaf': 5}"
0.9504132231404959,0.7055137844611529,0.6,0.42857142857142855,0.9824561403508771,0.5,0.4821236116472483,0.47467438494934877,0.8333333333333334,0.45289256198347105,0.03848390450139941,3,2,112,4,0.9655172413793104,0.9824561403508771,0.9739130434782609,0.6,0.42857142857142855,0.5,Decision Tree,4,3,0.5,0.5,"{'clf__max_depth': 7, 'clf__min_samples_leaf': 10}"
0.9586776859504132,0.7769423558897243,0.6666666666666666,0.5714285714285714,0.9824561403508771,0.6153846153846154,0.5956570390127073,0.5936870382807253,0.8333333333333334,0.45289256198347105,0.03848390450139941,4,2,112,3,0.9739130434782609,0.9824561403508771,0.9781659388646288,0.6666666666666666,0.5714285714285714,0.6153846153846154,Decision Tree,4,3,tuned,0.3333333333333333,"{'clf__max_depth': 7, 'clf__min_samples_leaf': 10}"
0.9586776859504132,0.7098997493734336,0.75,0.42857142857142855,0.9912280701754386,0.5454545454545454,0.5481765267182397,0.5254901960784313,0.6929824561403508,0.33067689885871704,0.046094333281486335,3,1,113,4,0.9658119658119658,0.9912280701754386,0.9783549783549783,0.75,0.42857142857142855,0.5454545454545454,Decision Tree,4,4,0.5,0.5,"{'clf__max_depth': 7, 'clf__min_samples_leaf': 10}"
0.9586776859504132,0.7098997493734336,0.75,0.42857142857142855,0.9912280701754386,0.5454545454545454,0.5481765267182397,0.5254901960784313,0.6929824561403508,0.33067689885871704,0.046094333281486335,3,1,113,4,0.9658119658119658,0.9912280701754386,0.9783549783549783,0.75,0.42857142857142855,0.5454545454545454,Decision Tree,4,4,tuned,0.3,"{'clf__max_depth': 7, 'clf__min_samples_leaf': 10}"
0.9421487603305785,0.5670426065162907,0.5,0.14285714285714285,0.9912280701754386,0.2222222222222222,0.2455239449419507,0.20169651272384537,0.7387218045112782,0.30318166681803044,0.047527127768465294,1,1,113,6,0.9495798319327731,0.9912280701754386,0.9699570815450643,0.5,0.14285714285714285,0.2222222222222222,Decision Tree,4,5,0.5,0.5,"{'clf__max_depth': 7, 'clf__min_samples_leaf': 10}"
0.9421487603305785,0.5670426065162907,0.5,0.14285714285714285,0.9912280701754386,0.2222222222222222,0.2455239449419507,0.20169651272384537,0.7387218045112782,0.30318166681803044,0.047527127768465294,1,1,113,6,0.9495798319327731,0.9912280701754386,0.9699570815450643,0.5,0.14285714285714285,0.2222222222222222,Decision Tree,4,5,tuned,0.5384615384615384,"{'clf__max_depth': 7, 'clf__min_samples_leaf': 10}"
0.9256198347107438,0.49122807017543857,0.0,0.0,0.9824561403508771,0.0,-0.032124628310161774,-0.02639019792648445,0.6228070175438597,0.24656209591274525,0.051851943583436075,0,2,112,7,0.9411764705882353,0.9824561403508771,0.9613733905579399,0.0,0.0,0.0,Decision Tree,4,6,0.5,0.5,"{'clf__max_depth': 5, 'clf__min_samples_leaf': 5}"
0.9256198347107438,0.49122807017543857,0.0,0.0,0.9824561403508771,0.0,-0.032124628310161774,-0.02639019792648445,0.6228070175438597,0.24656209591274525,0.051851943583436075,0,2,112,7,0.9411764705882353,0.9824561403508771,0.9613733905579399,0.0,0.0,0.0,Decision Tree,4,6,tuned,0.4,"{'clf__max_depth': 5, 'clf__min_samples_leaf': 5}"
0.9504132231404959,0.6384711779448622,0.6666666666666666,0.2857142857142857,0.9912280701754386,0.4,0.415804511364738,0.3784246575342466,0.8558897243107769,0.39261820430651595,0.04516575863538732,2,1,113,5,0.9576271186440678,0.9912280701754386,0.9741379310344828,0.6666666666666666,0.2857142857142857,0.4,Decision Tree,4,7,0.5,0.5,"{'clf__max_depth': 5, 'clf__min_samples_leaf': 5}"
0.9256198347107438,0.6923558897243107,0.375,0.42857142857142855,0.956140350877193,0.4,0.361453733147904,0.36054022313564293,0.8558897243107769,0.39261820430651595,0.04516575863538732,3,5,109,4,0.9646017699115044,0.956140350877193,0.960352422907489,0.375,0.42857142857142855,0.4,Decision Tree,4,7,tuned,0.36,"{'clf__max_depth': 5, 'clf__min_samples_leaf': 5}"
0.9333333333333333,0.6491228070175439,0.3333333333333333,0.3333333333333333,0.9649122807017544,0.3333333333333333,0.2982456140350877,0.29824561403508776,0.8019005847953217,0.3064393939393939,0.04954388175023096,2,4,110,4,0.9649122807017544,0.9649122807017544,0.9649122807017544,0.3333333333333333,0.3333333333333333,0.3333333333333333,Decision Tree,4,8,0.5,0.5,"{'clf__max_depth': None, 'clf__min_samples_leaf': 5}"
0.95,0.6578947368421052,0.5,0.3333333333333333,0.9824561403508771,0.4,0.3834128905580745,0.375,0.8019005847953217,0.3064393939393939,0.04954388175023096,2,2,112,4,0.9655172413793104,0.9824561403508771,0.9739130434782609,0.5,0.3333333333333333,0.4,Decision Tree,4,8,tuned,0.8,"{'clf__max_depth': None, 'clf__min_samples_leaf': 5}"
0.9333333333333333,0.8859649122807018,0.4166666666666667,0.8333333333333334,0.9385964912280702,0.5555555555555556,0.5607940161280399,0.5238095238095238,0.8698830409356726,0.33174603174603184,0.04370568846783562,5,7,107,1,0.9907407407407407,0.9385964912280702,0.963963963963964,0.4166666666666667,0.8333333333333334,0.5555555555555556,Decision Tree,4,9,0.5,0.5,"{'clf__max_depth': 7, 'clf__min_samples_leaf': 10}"
0.9333333333333333,0.8859649122807018,0.4166666666666667,0.8333333333333334,0.9385964912280702,0.5555555555555556,0.5607940161280399,0.5238095238095238,0.8698830409356726,0.33174603174603184,0.04370568846783562,5,7,107,1,0.9907407407407407,0.9385964912280702,0.963963963963964,0.4166666666666667,0.8333333333333334,0.5555555555555556,Decision Tree,4,9,tuned,0.3684210526315789,"{'clf__max_depth': 7, 'clf__min_samples_leaf': 10}"
0.9090909090909091,0.4782608695652174,0.0,0.0,0.9565217391304348,0.0,-0.04742231080640093,-0.04720692368213997,0.8311594202898551,0.2169946215400761,0.05336703616190563,0,5,110,6,0.9482758620689655,0.9565217391304348,0.9523809523809523,0.0,0.0,0.0,Decision Tree,5,0,0.5,0.5,"{'clf__max_depth': 7, 'clf__min_samples_leaf': 10}"
0.9173553719008265,0.6405797101449275,0.25,0.3333333333333333,0.9478260869565217,0.2857142857142857,0.2456365388566926,0.2428035043804756,0.8311594202898551,0.2169946215400761,0.05336703616190563,2,6,109,4,0.9646017699115044,0.9478260869565217,0.956140350877193,0.25,0.3333333333333333,0.2857142857142857,Decision Tree,5,0,tuned,0.21428571428571427,"{'clf__max_depth': 7, 'clf__min_samples_leaf': 10}"
0.9504132231404959,0.5789855072463769,0.5,0.16666666666666666,0.991304347826087,0.25,0.2689759648419309,0.23093220338983056,0.8652173913043479,0.3183951817641657,0.0416598495941024,1,1,114,5,0.957983193277311,0.991304347826087,0.9743589743589743,0.5,0.16666666666666666,0.25,Decision Tree,5,1,0.5,0.5,"{'clf__max_depth': 7, 'clf__min_samples_leaf': 10}"
0.9504132231404959,0.5789855072463769,0.5,0.16666666666666666,0.991304347826087,0.25,0.2689759648419309,0.23093220338983056,0.8652173913043479,0.3183951817641657,0.0416598495941024,1,1,114,5,0.957983193277311,0.991304347826087,0.9743589743589743,0.5,0.16666666666666666,0.25,Decision Tree,5,1,tuned,0.5384615384615384,"{'clf__max_depth': 7, 'clf__min_samples_leaf': 10}"
0.9504132231404959,0.6384711779448622,0.6666666666666666,0.2857142857142857,0.9912280701754386,0.4,0.415804511364738,0.3784246575342466,0.8408521303258146,0.5947602181368414,0.03402107592760874,2,1,113,5,0.9576271186440678,0.9912280701754386,0.9741379310344828,0.6666666666666666,0.2857142857142857,0.4,Decision Tree,5,2,0.5,0.5,"{'clf__max_depth': 7, 'clf__min_samples_leaf': 5}"
0.9504132231404959,0.6384711779448622,0.6666666666666666,0.2857142857142857,0.9912280701754386,0.4,0.415804511364738,0.3784246575342466,0.8408521303258146,0.5947602181368414,0.03402107592760874,2,1,113,5,0.9576271186440678,0.9912280701754386,0.9741379310344828,0.6666666666666666,0.2857142857142857,0.4,Decision Tree,5,2,tuned,0.5384615384615384,"{'clf__max_depth': 7, 'clf__min_samples_leaf': 5}"
0.9338842975206612,0.6967418546365914,0.42857142857142855,0.42857142857142855,0.9649122807017544,0.42857142857142855,0.39348370927318294,0.393483709273183,0.6234335839598998,0.2283561694743733,0.05117817761058556,3,4,110,4,0.9649122807017544,0.9649122807017544,0.9649122807017544,0.42857142857142855,0.42857142857142855,0.42857142857142855,Decision Tree,5,3,0.5,0.5,"{'clf__max_depth': 5, 'clf__min_samples_leaf': 5}"
0.8842975206611571,0.6704260651629073,0.23076923076923078,0.42857142857142855,0.9122807017543859,0.3,0.25697087567720905,0.24307417336907955,0.6234335839598998,0.2283561694743733,0.05117817761058556,3,10,104,4,0.9629629629629629,0.9122807017543859,0.9369369369369369,0.23076923076923078,0.42857142857142855,0.3,Decision Tree,5,3,tuned,0.20408163265306123,"{'clf__max_depth': 5, 'clf__min_samples_leaf': 5}"
0.9421487603305785,0.5670426065162907,0.5,0.14285714285714285,0.9912280701754386,0.2222222222222222,0.2455239449419507,0.20169651272384537,0.8778195488721805,0.38581548321808057,0.04583254582794268,1,1,113,6,0.9495798319327731,0.9912280701754386,0.9699570815450643,0.5,0.14285714285714285,0.2222222222222222,Decision Tree,5,4,0.5,0.5,"{'clf__max_depth': 7, 'clf__min_samples_leaf': 10}"
0.9173553719008265,0.68796992481203,0.3333333333333333,0.42857142857142855,0.9473684210526315,0.375,0.3344949327077478,0.33149171270718225,0.8778195488721805,0.38581548321808057,0.04583254582794268,3,6,108,4,0.9642857142857143,0.9473684210526315,0.9557522123893806,0.3333333333333333,0.42857142857142855,0.375,Decision Tree,5,4,tuned,0.2916666666666667,"{'clf__max_depth': 7, 'clf__min_samples_leaf': 10}"
0.9338842975206612,0.6296992481203008,0.4,0.2857142857142857,0.9736842105263158,0.3333333333333333,0.3042670353993305,0.29956584659913166,0.8364661654135339,0.24601956485073367,0.05230526498544716,2,3,111,5,0.9568965517241379,0.9736842105263158,0.9652173913043478,0.4,0.2857142857142857,0.3333333333333333,Decision Tree,5,5,0.5,0.5,"{'clf__max_depth': 5, 'clf__min_samples_leaf': 5}"
0.9338842975206612,0.6296992481203008,0.4,0.2857142857142857,0.9736842105263158,0.3333333333333333,0.3042670353993305,0.29956584659913166,0.8364661654135339,0.24601956485073367,0.05230526498544716,2,3,111,5,0.9568965517241379,0.9736842105263158,0.9652173913043478,0.4,0.2857142857142857,0.3333333333333333,Decision Tree,5,5,tuned,0.18421052631578946,"{'clf__max_depth': 5, 'clf__min_samples_leaf': 5}"
0.9338842975206612,0.7637844611528821,0.4444444444444444,0.5714285714285714,0.956140350877193,0.5,0.46940788889987284,0.4651933701657458,0.8208020050125314,0.4020989111898203,0.04207803203652783,4,5,109,3,0.9732142857142857,0.956140350877193,0.9646017699115044,0.4444444444444444,0.5714285714285714,0.5,Decision Tree,5,6,0.5,0.5,"{'clf__max_depth': 7, 'clf__min_samples_leaf': 10}"
0.9256198347107438,0.8264411027568923,0.4166666666666667,0.7142857142857143,0.9385964912280702,0.5263157894736842,0.5099556473733603,0.4889723134678554,0.8208020050125314,0.4020989111898203,0.04207803203652783,5,7,107,2,0.981651376146789,0.9385964912280702,0.9596412556053812,0.4166666666666667,0.7142857142857143,0.5263157894736842,Decision Tree,5,6,tuned,0.3,"{'clf__max_depth': 7, 'clf__min_samples_leaf': 10}"
0.9421487603305785,0.6340852130325814,0.5,0.2857142857142857,0.9824561403508771,0.36363636363636365,0.3501784379632934,0.33568627450980393,0.899749373433584,0.4519461779202038,0.0457711074828787,2,2,112,5,0.9572649572649573,0.9824561403508771,0.9696969696969697,0.5,0.2857142857142857,0.36363636363636365,Decision Tree,5,7,0.5,0.5,"{'clf__max_depth': 7, 'clf__min_samples_leaf': 10}"
0.9504132231404959,0.7725563909774436,0.5714285714285714,0.5714285714285714,0.9736842105263158,0.5714285714285714,0.5451127819548872,0.5451127819548872,0.899749373433584,0.4519461779202038,0.0457711074828787,4,3,111,3,0.9736842105263158,0.9736842105263158,0.9736842105263158,0.5714285714285714,0.5714285714285714,0.5714285714285714,Decision Tree,5,7,tuned,0.3076923076923077,"{'clf__max_depth': 7, 'clf__min_samples_leaf': 10}"
0.975,0.75,1.0,0.5,1.0,0.6666666666666666,0.6979824404521128,0.6551724137931034,0.8428362573099415,0.6601851851851852,0.025658249962433537,3,0,114,3,0.9743589743589743,1.0,0.987012987012987,1.0,0.5,0.6666666666666666,Decision Tree,5,8,0.5,0.5,"{'clf__max_depth': 5, 'clf__min_samples_leaf': 10}"
0.975,0.8289473684210527,0.8,0.6666666666666666,0.9912280701754386,0.7272727272727273,0.7175473098524098,0.7142857142857143,0.8428362573099415,0.6601851851851852,0.025658249962433537,4,1,113,2,0.9826086956521739,0.9912280701754386,0.9868995633187773,0.8,0.6666666666666666,0.7272727272727273,Decision Tree,5,8,tuned,0.34285714285714286,"{'clf__max_depth': 5, 'clf__min_samples_leaf': 10}"
0.9416666666666667,0.5745614035087719,0.3333333333333333,0.16666666666666666,0.9824561403508771,0.2222222222222222,0.20817020153834945,0.1954022988505747,0.8472222222222222,0.2861111111111111,0.042958411229825216,1,2,112,5,0.9572649572649573,0.9824561403508771,0.9696969696969697,0.3333333333333333,0.16666666666666666,0.2222222222222222,Decision Tree,5,9,0.5,0.5,"{'clf__max_depth': 5, 'clf__min_samples_leaf': 10}"
0.9416666666666667,0.5745614035087719,0.3333333333333333,0.16666666666666666,0.9824561403508771,0.2222222222222222,0.20817020153834945,0.1954022988505747,0.8472222222222222,0.2861111111111111,0.042958411229825216,1,2,112,5,0.9572649572649573,0.9824561403508771,0.9696969696969697,0.3333333333333333,0.16666666666666666,0.2222222222222222,Decision Tree,5,9,tuned,0.4166666666666667,"{'clf__max_depth': 5, 'clf__min_samples_leaf': 10}"
0.9421487603305785,0.6536231884057971,0.4,0.3333333333333333,0.9739130434782609,0.36363636363636365,0.3351176630318999,0.33359559402045635,0.6188405797101448,0.17194674012855832,0.0604506658590769,2,3,112,4,0.9655172413793104,0.9739130434782609,0.9696969696969697,0.4,0.3333333333333333,0.36363636363636365,Decision Tree,6,0,0.5,0.5,"{'clf__max_depth': 7, 'clf__min_samples_leaf': 5}"
0.9421487603305785,0.6536231884057971,0.4,0.3333333333333333,0.9739130434782609,0.36363636363636365,0.3351176630318999,0.33359559402045635,0.6188405797101448,0.17194674012855832,0.0604506658590769,2,3,112,4,0.9655172413793104,0.9739130434782609,0.9696969696969697,0.4,0.3333333333333333,0.36363636363636365,Decision Tree,6,0,tuned,0.42857142857142855,"{'clf__max_depth': 7, 'clf__min_samples_leaf': 5}"
0.9421487603305785,0.4956521739130435,0.0,0.0,0.991304347826087,0.0,-0.020851441405707476,-0.014371257485030098,0.7572463768115941,0.1727380759466321,0.04712181124400484,0,1,114,6,0.95,0.991304347826087,0.9702127659574468,0.0,0.0,0.0,Decision Tree,6,1,0.5,0.5,"{'clf__max_depth': None, 'clf__min_samples_leaf': 10}"
0.9008264462809917,0.5528985507246377,0.125,0.16666666666666666,0.9391304347826087,0.14285714285714285,0.09243024400277608,0.09136420525657074,0.7572463768115941,0.1727380759466321,0.04712181124400484,1,7,108,5,0.9557522123893806,0.9391304347826087,0.9473684210526315,0.125,0.16666666666666666,0.14285714285714285,Decision Tree,6,1,tuned,0.23076923076923078,"{'clf__max_depth': None, 'clf__min_samples_leaf': 10}"
0.9504132231404959,0.7725563909774436,0.5714285714285714,0.5714285714285714,0.9736842105263158,0.5714285714285714,0.5451127819548872,0.5451127819548872,0.8583959899749374,0.5066119799544269,0.03796366377325363,4,3,111,3,0.9736842105263158,0.9736842105263158,0.9736842105263158,0.5714285714285714,0.5714285714285714,0.5714285714285714,Decision Tree,6,2,0.5,0.5,"{'clf__max_depth': 5, 'clf__min_samples_leaf': 10}"
0.9504132231404959,0.7725563909774436,0.5714285714285714,0.5714285714285714,0.9736842105263158,0.5714285714285714,0.5451127819548872,0.5451127819548872,0.8583959899749374,0.5066119799544269,0.03796366377325363,4,3,111,3,0.9736842105263158,0.9736842105263158,0.9736842105263158,0.5714285714285714,0.5714285714285714,0.5714285714285714,Decision Tree,6,2,tuned,0.3,"{'clf__max_depth': 5, 'clf__min_samples_leaf': 10}"
0.9421487603305785,0.7011278195488722,0.5,0.42857142857142855,0.9736842105263158,0.46153846153846156,0.4325925554820793,0.4311618535930154,0.8264411027568923,0.40173300725248773,0.03842516057548376,3,3,111,4,0.9652173913043478,0.9736842105263158,0.9694323144104804,0.5,0.42857142857142855,0.46153846153846156,Decision Tree,6,3,0.5,0.5,"{'clf__max_depth': None, 'clf__min_samples_leaf': 10}"
0.9586776859504132,0.8439849624060151,0.625,0.7142857142857143,0.9736842105263158,0.6666666666666666,0.6463781742612354,0.6447445684086905,0.8264411027568923,0.40173300725248773,0.03842516057548376,5,3,111,2,0.9823008849557522,0.9736842105263158,0.9779735682819384,0.625,0.7142857142857143,0.6666666666666666,Decision Tree,6,3,tuned,0.3076923076923077,"{'clf__max_depth': None, 'clf__min_samples_leaf': 10}"
0.9421487603305785,0.6340852130325814,0.5,0.2857142857142857,0.9824561403508771,0.36363636363636365,0.3501784379632934,0.33568627450980393,0.943609022556391,0.48911564625850334,0.040392731594634725,2,2,112,5,0.9572649572649573,0.9824561403508771,0.9696969696969697,0.5,0.2857142857142857,0.36363636363636365,Decision Tree,6,4,0.5,0.5,"{'clf__max_depth': 5, 'clf__min_samples_leaf': 5}"
0.9421487603305785,0.6340852130325814,0.5,0.2857142857142857,0.9824561403508771,0.36363636363636365,0.3501784379632934,0.33568627450980393,0.943609022556391,0.48911564625850334,0.040392731594634725,2,2,112,5,0.9572649572649573,0.9824561403508771,0.9696969696969697,0.5,0.2857142857142857,0.36363636363636365,Decision Tree,6,4,tuned,0.34615384615384615,"{'clf__max_depth': 5, 'clf__min_samples_leaf': 5}"
0.9173553719008265,0.7550125313283208,0.36363636363636365,0.5714285714285714,0.9385964912280702,0.4444444444444444,0.4141906381266716,0.40217391304347827,0.8602756892230576,0.2949652620107165,0.06441328356267442,4,7,107,3,0.9727272727272728,0.9385964912280702,0.9553571428571429,0.36363636363636365,0.5714285714285714,0.4444444444444444,Decision Tree,6,5,0.5,0.5,"{'clf__max_depth': 7, 'clf__min_samples_leaf': 5}"
0.9090909090909091,0.6835839598997494,0.3,0.42857142857142855,0.9385964912280702,0.35294117647058826,0.31131832511222096,0.30568596765779865,0.8602756892230576,0.2949652620107165,0.06441328356267442,3,7,107,4,0.963963963963964,0.9385964912280702,0.9511111111111111,0.3,0.42857142857142855,0.35294117647058826,Decision Tree,6,5,tuned,0.6,"{'clf__max_depth': 7, 'clf__min_samples_leaf': 5}"
0.9586776859504132,0.6428571428571428,1.0,0.2857142857142857,1.0,0.4444444444444444,0.5231725181940632,0.4297832233741753,0.6115288220551377,0.32703659976387245,0.04264067618036763,2,0,114,5,0.957983193277311,1.0,0.9785407725321889,1.0,0.2857142857142857,0.4444444444444444,Decision Tree,6,6,0.5,0.5,"{'clf__max_depth': 5, 'clf__min_samples_leaf': 10}"
0.9586776859504132,0.6428571428571428,1.0,0.2857142857142857,1.0,0.4444444444444444,0.5231725181940632,0.4297832233741753,0.6115288220551377,0.32703659976387245,0.04264067618036763,2,0,114,5,0.957983193277311,1.0,0.9785407725321889,1.0,0.2857142857142857,0.4444444444444444,Decision Tree,6,6,tuned,0.3076923076923077,"{'clf__max_depth': 5, 'clf__min_samples_leaf': 10}"
0.9504132231404959,0.7725563909774436,0.5714285714285714,0.5714285714285714,0.9736842105263158,0.5714285714285714,0.5451127819548872,0.5451127819548872,0.7537593984962406,0.432175184123236,0.044107798760044656,4,3,111,3,0.9736842105263158,0.9736842105263158,0.9736842105263158,0.5714285714285714,0.5714285714285714,0.5714285714285714,Decision Tree,6,7,0.5,0.5,"{'clf__max_depth': 5, 'clf__min_samples_leaf': 5}"
0.9338842975206612,0.7637844611528821,0.4444444444444444,0.5714285714285714,0.956140350877193,0.5,0.46940788889987284,0.4651933701657458,0.7537593984962406,0.432175184123236,0.044107798760044656,4,5,109,3,0.9732142857142857,0.956140350877193,0.9646017699115044,0.4444444444444444,0.5714285714285714,0.5,Decision Tree,6,7,tuned,0.4,"{'clf__max_depth': 5, 'clf__min_samples_leaf': 5}"
0.9416666666666667,0.6535087719298246,0.4,0.3333333333333333,0.9736842105263158,0.36363636363636365,0.3348554112644579,0.33333333333333337,0.804093567251462,0.2503623188405797,0.04609546980012942,2,3,111,4,0.9652173913043478,0.9736842105263158,0.9694323144104804,0.4,0.3333333333333333,0.36363636363636365,Decision Tree,6,8,0.5,0.5,"{'clf__max_depth': 5, 'clf__min_samples_leaf': 10}"
0.9416666666666667,0.6535087719298246,0.4,0.3333333333333333,0.9736842105263158,0.36363636363636365,0.3348554112644579,0.33333333333333337,0.804093567251462,0.2503623188405797,0.04609546980012942,2,3,111,4,0.9652173913043478,0.9736842105263158,0.9694323144104804,0.4,0.3333333333333333,0.36363636363636365,Decision Tree,6,8,tuned,0.5,"{'clf__max_depth': 5, 'clf__min_samples_leaf': 10}"
0.9833333333333333,0.8333333333333333,1.0,0.6666666666666666,1.0,0.8,0.8094272134003795,0.7916666666666666,1.0,1.0,0.009978336561443202,4,0,114,2,0.9827586206896551,1.0,0.991304347826087,1.0,0.6666666666666666,0.8,Decision Tree,6,9,0.5,0.5,"{'clf__max_depth': 5, 'clf__min_samples_leaf': 10}"
1.0,1.0,1.0,1.0,1.0,1.0,1.0,1.0,1.0,1.0,0.009978336561443202,6,0,114,0,1.0,1.0,1.0,1.0,1.0,1.0,Decision Tree,6,9,tuned,0.25,"{'clf__max_depth': 5, 'clf__min_samples_leaf': 10}"
0.9669421487603306,0.7456521739130435,0.75,0.5,0.991304347826087,0.6,0.5965573849089534,0.5834767641996558,0.8449275362318841,0.43641794889023267,0.03151536786473216,3,1,114,3,0.9743589743589743,0.991304347826087,0.9827586206896551,0.75,0.5,0.6,Decision Tree,7,0,0.5,0.5,"{'clf__max_depth': 5, 'clf__min_samples_leaf': 5}"
0.9173553719008265,0.7985507246376811,0.3333333333333333,0.6666666666666666,0.9304347826086956,0.4444444444444444,0.43367940524096826,0.4051130776794494,0.8449275362318841,0.43641794889023267,0.03151536786473216,4,8,107,2,0.981651376146789,0.9304347826086956,0.9553571428571429,0.3333333333333333,0.6666666666666666,0.4444444444444444,Decision Tree,7,0,tuned,0.1111111111111111,"{'clf__max_depth': 5, 'clf__min_samples_leaf': 5}"
0.9421487603305785,0.5746376811594203,0.3333333333333333,0.16666666666666666,0.9826086956521739,0.2222222222222222,0.2084063983887735,0.19563152896486236,0.6992753623188406,0.21368227731864095,0.051241182246788475,1,2,113,5,0.9576271186440678,0.9826086956521739,0.9699570815450643,0.3333333333333333,0.16666666666666666,0.2222222222222222,Decision Tree,7,1,0.5,0.5,"{'clf__max_depth': 5, 'clf__min_samples_leaf': 5}"
0.9421487603305785,0.5746376811594203,0.3333333333333333,0.16666666666666666,0.9826086956521739,0.2222222222222222,0.2084063983887735,0.19563152896486236,0.6992753623188406,0.21368227731864095,0.051241182246788475,1,2,113,5,0.9576271186440678,0.9826086956521739,0.9699570815450643,0.3333333333333333,0.16666666666666666,0.2222222222222222,Decision Tree,7,1,tuned,0.6666666666666666,"{'clf__max_depth': 5, 'clf__min_samples_leaf': 5}"
0.9256198347107438,0.6923558897243107,0.375,0.42857142857142855,0.956140350877193,0.4,0.361453733147904,0.36054022313564293,0.9329573934837093,0.33290043290043286,0.05406518043212285,3,5,109,4,0.9646017699115044,0.956140350877193,0.960352422907489,0.375,0.42857142857142855,0.4,Decision Tree,7,2,0.5,0.5,"{'clf__max_depth': 7, 'clf__min_samples_leaf': 10}"
0.8677685950413223,0.7957393483709273,0.2631578947368421,0.7142857142857143,0.8771929824561403,0.38461538461538464,0.3795453426292243,0.3277777777777777,0.9329573934837093,0.33290043290043286,0.05406518043212285,5,14,100,2,0.9803921568627451,0.8771929824561403,0.9259259259259259,0.2631578947368421,0.7142857142857143,0.38461538461538464,Decision Tree,7,2,tuned,0.3,"{'clf__max_depth': 7, 'clf__min_samples_leaf': 10}"
0.9586776859504132,0.6428571428571428,1.0,0.2857142857142857,1.0,0.4444444444444444,0.5231725181940632,0.4297832233741753,0.9924812030075187,0.8441558441558441,0.027709062230873712,2,0,114,5,0.957983193277311,1.0,0.9785407725321889,1.0,0.2857142857142857,0.4444444444444444,Decision Tree,7,3,0.5,0.5,"{'clf__max_depth': None, 'clf__min_samples_leaf': 10}"
0.9008264462809917,0.9473684210526316,0.3684210526315789,1.0,0.8947368421052632,0.5384615384615384,0.5741427428755639,0.49583333333333335,0.9924812030075187,0.8441558441558441,0.027709062230873712,7,12,102,0,1.0,0.8947368421052632,0.9444444444444444,0.3684210526315789,1.0,0.5384615384615384,Decision Tree,7,3,tuned,0.14285714285714285,"{'clf__max_depth': None, 'clf__min_samples_leaf': 10}"
0.9338842975206612,0.56265664160401,0.3333333333333333,0.14285714285714285,0.9824561403508771,0.2,0.1881468377216009,0.17123287671232879,0.7299498746867169,0.2798954292460786,0.0563098158519834,1,2,112,6,0.9491525423728814,0.9824561403508771,0.9655172413793104,0.3333333333333333,0.14285714285714285,0.2,Decision Tree,7,4,0.5,0.5,"{'clf__max_depth': None, 'clf__min_samples_leaf': 10}"
0.8760330578512396,0.5989974937343359,0.16666666666666666,0.2857142857142857,0.9122807017543859,0.21052631578947367,0.15465065697694994,0.14828718911309247,0.7299498746867169,0.2798954292460786,0.0563098158519834,2,10,104,5,0.9541284403669725,0.9122807017543859,0.9327354260089686,0.16666666666666666,0.2857142857142857,0.21052631578947367,Decision Tree,7,4,tuned,0.25,"{'clf__max_depth': None, 'clf__min_samples_leaf': 10}"
0.9504132231404959,0.7055137844611529,0.6,0.42857142857142855,0.9824561403508771,0.5,0.4821236116472483,0.47467438494934877,0.6842105263157895,0.46162927981109797,0.04217941011147805,3,2,112,4,0.9655172413793104,0.9824561403508771,0.9739130434782609,0.6,0.42857142857142855,0.5,Decision Tree,7,5,0.5,0.5,"{'clf__max_depth': 7, 'clf__min_samples_leaf': 5}"
0.9504132231404959,0.7055137844611529,0.6,0.42857142857142855,0.9824561403508771,0.5,0.4821236116472483,0.47467438494934877,0.6842105263157895,0.46162927981109797,0.04217941011147805,3,2,112,4,0.9655172413793104,0.9824561403508771,0.9739130434782609,0.6,0.42857142857142855,0.5,Decision Tree,7,5,tuned,0.2857142857142857,"{'clf__max_depth': 7, 'clf__min_samples_leaf': 5}"
0.9586776859504132,0.7098997493734336,0.75,0.42857142857142855,0.9912280701754386,0.5454545454545454,0.5481765267182397,0.5254901960784313,0.8239348370927319,0.47307654466745375,0.03485460617299571,3,1,113,4,0.9658119658119658,0.9912280701754386,0.9783549783549783,0.75,0.42857142857142855,0.5454545454545454,Decision Tree,7,6,0.5,0.5,"{'clf__max_depth': 7, 'clf__min_samples_leaf': 10}"
0.9586776859504132,0.7098997493734336,0.75,0.42857142857142855,0.9912280701754386,0.5454545454545454,0.5481765267182397,0.5254901960784313,0.8239348370927319,0.47307654466745375,0.03485460617299571,3,1,113,4,0.9658119658119658,0.9912280701754386,0.9783549783549783,0.75,0.42857142857142855,0.5454545454545454,Decision Tree,7,6,tuned,0.4444444444444444,"{'clf__max_depth': 7, 'clf__min_samples_leaf': 10}"
0.9256198347107438,0.5582706766917294,0.25,0.14285714285714285,0.9736842105263158,0.18181818181818182,0.1521803492083471,0.14588235294117646,0.7343358395989975,0.20064372856580648,0.05900114315698731,1,3,111,6,0.9487179487179487,0.9736842105263158,0.961038961038961,0.25,0.14285714285714285,0.18181818181818182,Decision Tree,7,7,0.5,0.5,"{'clf__max_depth': 7, 'clf__min_samples_leaf': 5}"
0.9090909090909091,0.6165413533834586,0.25,0.2857142857142857,0.9473684210526315,0.26666666666666666,0.21899151259123825,0.21843805049911913,0.7343358395989975,0.20064372856580648,0.05900114315698731,2,6,108,5,0.9557522123893806,0.9473684210526315,0.9515418502202643,0.25,0.2857142857142857,0.26666666666666666,Decision Tree,7,7,tuned,0.25,"{'clf__max_depth': 7, 'clf__min_samples_leaf': 5}"
0.9,0.7105263157894737,0.25,0.5,0.9210526315789473,0.3333333333333333,0.305887645160749,0.2857142857142857,0.8282163742690059,0.18921957671957676,0.06068505334351264,3,9,105,3,0.9722222222222222,0.9210526315789473,0.9459459459459459,0.25,0.5,0.3333333333333333,Decision Tree,7,8,0.5,0.5,"{'clf__max_depth': 7, 'clf__min_samples_leaf': 10}"
0.9,0.5526315789473685,0.125,0.16666666666666666,0.9385964912280702,0.14285714285714285,0.09197090092274487,0.09090909090909083,0.8282163742690059,0.18921957671957676,0.06068505334351264,1,7,107,5,0.9553571428571429,0.9385964912280702,0.9469026548672567,0.125,0.16666666666666666,0.14285714285714285,Decision Tree,7,8,tuned,0.5789473684210527,"{'clf__max_depth': 7, 'clf__min_samples_leaf': 10}"
0.925,0.5657894736842105,0.2,0.16666666666666666,0.9649122807017544,0.18181818181818182,0.14350946197048195,0.1428571428571429,0.8486842105263158,0.2900793650793651,0.0504086223965057,1,4,110,5,0.9565217391304348,0.9649122807017544,0.9606986899563319,0.2,0.16666666666666666,0.18181818181818182,Decision Tree,7,9,0.5,0.5,"{'clf__max_depth': 7, 'clf__min_samples_leaf': 10}"
0.9333333333333333,0.7280701754385965,0.375,0.5,0.956140350877193,0.42857142857142855,0.3985405706652278,0.3939393939393939,0.8486842105263158,0.2900793650793651,0.0504086223965057,3,5,109,3,0.9732142857142857,0.956140350877193,0.9646017699115044,0.375,0.5,0.42857142857142855,Decision Tree,7,9,tuned,0.25,"{'clf__max_depth': 7, 'clf__min_samples_leaf': 10}"
0.9090909090909091,0.5572463768115942,0.14285714285714285,0.16666666666666666,0.9478260869565217,0.15384615384615385,0.10646358842082325,0.10611148421759564,0.7688405797101449,0.2054178145087236,0.06895678323082048,1,6,109,5,0.956140350877193,0.9478260869565217,0.9519650655021834,0.14285714285714285,0.16666666666666666,0.15384615384615385,Decision Tree,8,0,0.5,0.5,"{'clf__max_depth': 7, 'clf__min_samples_leaf': 5}"
0.9173553719008265,0.7985507246376811,0.3333333333333333,0.6666666666666666,0.9304347826086956,0.4444444444444444,0.43367940524096826,0.4051130776794494,0.7688405797101449,0.2054178145087236,0.06895678323082048,4,8,107,2,0.981651376146789,0.9304347826086956,0.9553571428571429,0.3333333333333333,0.6666666666666666,0.4444444444444444,Decision Tree,8,0,tuned,0.2857142857142857,"{'clf__max_depth': 7, 'clf__min_samples_leaf': 5}"
0.9421487603305785,0.7326086956521739,0.42857142857142855,0.5,0.9652173913043478,0.46153846153846156,0.4325925554820793,0.4311618535930154,0.8420289855072465,0.29458924913470363,0.044849825840787824,3,4,111,3,0.9736842105263158,0.9652173913043478,0.9694323144104804,0.42857142857142855,0.5,0.46153846153846156,Decision Tree,8,1,0.5,0.5,"{'clf__max_depth': 7, 'clf__min_samples_leaf': 10}"
0.9421487603305785,0.7326086956521739,0.42857142857142855,0.5,0.9652173913043478,0.46153846153846156,0.4325925554820793,0.4311618535930154,0.8420289855072465,0.29458924913470363,0.044849825840787824,3,4,111,3,0.9736842105263158,0.9652173913043478,0.9694323144104804,0.42857142857142855,0.5,0.46153846153846156,Decision Tree,8,1,tuned,0.2727272727272727,"{'clf__max_depth': 7, 'clf__min_samples_leaf': 10}"
0.9338842975206612,0.6296992481203008,0.4,0.2857142857142857,0.9736842105263158,0.3333333333333333,0.3042670353993305,0.29956584659913166,0.8627819548872181,0.3632077651216407,0.05049169805663312,2,3,111,5,0.9568965517241379,0.9736842105263158,0.9652173913043478,0.4,0.2857142857142857,0.3333333333333333,Decision Tree,8,2,0.5,0.5,"{'clf__max_depth': 7, 'clf__min_samples_leaf': 5}"
0.9090909090909091,0.6165413533834586,0.25,0.2857142857142857,0.9473684210526315,0.26666666666666666,0.21899151259123825,0.21843805049911913,0.8627819548872181,0.3632077651216407,0.05049169805663312,2,6,108,5,0.9557522123893806,0.9473684210526315,0.9515418502202643,0.25,0.2857142857142857,0.26666666666666666,Decision Tree,8,2,tuned,0.42857142857142855,"{'clf__max_depth': 7, 'clf__min_samples_leaf': 5}"
0.9504132231404959,0.6384711779448622,0.6666666666666666,0.2857142857142857,0.9912280701754386,0.4,0.415804511364738,0.3784246575342466,0.8652882205513784,0.49054158418478305,0.039855810064424076,2,1,113,5,0.9576271186440678,0.9912280701754386,0.9741379310344828,0.6666666666666666,0.2857142857142857,0.4,Decision Tree,8,3,0.5,0.5,"{'clf__max_depth': 5, 'clf__min_samples_leaf': 5}"
0.9504132231404959,0.6384711779448622,0.6666666666666666,0.2857142857142857,0.9912280701754386,0.4,0.415804511364738,0.3784246575342466,0.8652882205513784,0.49054158418478305,0.039855810064424076,2,1,113,5,0.9576271186440678,0.9912280701754386,0.9741379310344828,0.6666666666666666,0.2857142857142857,0.4,Decision Tree,8,3,tuned,0.42857142857142855,"{'clf__max_depth': 5, 'clf__min_samples_leaf': 5}"
0.9586776859504132,0.6428571428571428,1.0,0.2857142857142857,1.0,0.4444444444444444,0.5231725181940632,0.4297832233741753,0.8214285714285715,0.6197035287944379,0.03807371758158938,2,0,114,5,0.957983193277311,1.0,0.9785407725321889,1.0,0.2857142857142857,0.4444444444444444,Decision Tree,8,4,0.5,0.5,"{'clf__max_depth': 7, 'clf__min_samples_leaf': 10}"
0.9669421487603306,0.7142857142857143,1.0,0.42857142857142855,1.0,0.6,0.6434621850078751,0.5856164383561644,0.8214285714285715,0.6197035287944379,0.03807371758158938,3,0,114,4,0.9661016949152542,1.0,0.9827586206896551,1.0,0.42857142857142855,0.6,Decision Tree,8,4,tuned,0.25,"{'clf__max_depth': 7, 'clf__min_samples_leaf': 10}"
0.9090909090909091,0.4824561403508772,0.0,0.0,0.9649122807017544,0.0,-0.04581773954659914,-0.043921568627451,0.713032581453634,0.1501066716377721,0.06357322789036282,0,4,110,7,0.9401709401709402,0.9649122807017544,0.9523809523809523,0.0,0.0,0.0,Decision Tree,8,5,0.5,0.5,"{'clf__max_depth': 7, 'clf__min_samples_leaf': 10}"
0.9090909090909091,0.5494987468671679,0.16666666666666666,0.14285714285714285,0.956140350877193,0.15384615384615385,0.10646358842082325,0.10611148421759564,0.713032581453634,0.1501066716377721,0.06357322789036282,1,5,109,6,0.9478260869565217,0.956140350877193,0.9519650655021834,0.16666666666666666,0.14285714285714285,0.15384615384615385,Decision Tree,8,5,tuned,0.3333333333333333,"{'clf__max_depth': 7, 'clf__min_samples_leaf': 10}"
0.9504132231404959,0.5714285714285714,1.0,0.14285714285714285,1.0,0.25,0.3683941988065036,0.23899371069182385,0.6835839598997494,0.37234356552538367,0.047116996859962235,1,0,114,6,0.95,1.0,0.9743589743589743,1.0,0.14285714285714285,0.25,Decision Tree,8,6,0.5,0.5,"{'clf__max_depth': None, 'clf__min_samples_leaf': 5}"
0.9504132231404959,0.5714285714285714,1.0,0.14285714285714285,1.0,0.25,0.3683941988065036,0.23899371069182385,0.6835839598997494,0.37234356552538367,0.047116996859962235,1,0,114,6,0.95,1.0,0.9743589743589743,1.0,0.14285714285714285,0.25,Decision Tree,8,6,tuned,0.5,"{'clf__max_depth': None, 'clf__min_samples_leaf': 5}"
0.9421487603305785,0.5,0.0,0.0,1.0,0.0,0.0,0.0,0.8195488721804511,0.4399983133749367,0.04210011295759625,0,0,114,7,0.9421487603305785,1.0,0.9702127659574468,0.0,0.0,0.0,Decision Tree,8,7,0.5,0.5,"{'clf__max_depth': 5, 'clf__min_samples_leaf': 5}"
0.9421487603305785,0.7011278195488722,0.5,0.42857142857142855,0.9736842105263158,0.46153846153846156,0.4325925554820793,0.4311618535930154,0.8195488721804511,0.4399983133749367,0.04210011295759625,3,3,111,4,0.9652173913043478,0.9736842105263158,0.9694323144104804,0.5,0.42857142857142855,0.46153846153846156,Decision Tree,8,7,tuned,0.18823529411764706,"{'clf__max_depth': 5, 'clf__min_samples_leaf': 5}"
0.9416666666666667,0.6535087719298246,0.4,0.3333333333333333,0.9736842105263158,0.36363636363636365,0.3348554112644579,0.33333333333333337,0.8633040935672515,0.32301587301587303,0.04622026442449769,2,3,111,4,0.9652173913043478,0.9736842105263158,0.9694323144104804,0.4,0.3333333333333333,0.36363636363636365,Decision Tree,8,8,0.5,0.5,"{'clf__max_depth': 7, 'clf__min_samples_leaf': 10}"
0.9416666666666667,0.6535087719298246,0.4,0.3333333333333333,0.9736842105263158,0.36363636363636365,0.3348554112644579,0.33333333333333337,0.8633040935672515,0.32301587301587303,0.04622026442449769,2,3,111,4,0.9652173913043478,0.9736842105263158,0.9694323144104804,0.4,0.3333333333333333,0.36363636363636365,Decision Tree,8,8,tuned,0.4666666666666667,"{'clf__max_depth': 7, 'clf__min_samples_leaf': 10}"
0.9416666666666667,0.5745614035087719,0.3333333333333333,0.16666666666666666,0.9824561403508771,0.2222222222222222,0.20817020153834945,0.1954022988505747,0.5994152046783625,0.1191919191919192,0.05578964588756273,1,2,112,5,0.9572649572649573,0.9824561403508771,0.9696969696969697,0.3333333333333333,0.16666666666666666,0.2222222222222222,Decision Tree,8,9,0.5,0.5,"{'clf__max_depth': 5, 'clf__min_samples_leaf': 10}"
0.9416666666666667,0.4956140350877193,0.0,0.0,0.9912280701754386,0.0,-0.021030505843376807,-0.014492753623188248,0.5994152046783625,0.1191919191919192,0.05578964588756273,0,1,113,6,0.9495798319327731,0.9912280701754386,0.9699570815450643,0.0,0.0,0.0,Decision Tree,8,9,tuned,0.6206896551724138,"{'clf__max_depth': 5, 'clf__min_samples_leaf': 10}"
0.9256198347107438,0.644927536231884,0.2857142857142857,0.3333333333333333,0.9565217391304348,0.3076923076923077,0.2695280719514513,0.2686366689053056,0.8615942028985507,0.3925237220691766,0.04438659968644853,2,5,110,4,0.9649122807017544,0.9565217391304348,0.9606986899563319,0.2857142857142857,0.3333333333333333,0.3076923076923077,Decision Tree,9,0,0.5,0.5,"{'clf__max_depth': 7, 'clf__min_samples_leaf': 10}"
0.9256198347107438,0.644927536231884,0.2857142857142857,0.3333333333333333,0.9565217391304348,0.3076923076923077,0.2695280719514513,0.2686366689053056,0.8615942028985507,0.3925237220691766,0.04438659968644853,2,5,110,4,0.9649122807017544,0.9565217391304348,0.9606986899563319,0.2857142857142857,0.3333333333333333,0.3076923076923077,Decision Tree,9,0,tuned,0.45454545454545453,"{'clf__max_depth': 7, 'clf__min_samples_leaf': 10}"
0.9586776859504132,0.741304347826087,0.6,0.5,0.9826086956521739,0.5454545454545454,0.5263876499510503,0.5239968528717546,0.8644927536231884,0.374125976497518,0.03958199573936208,3,2,113,3,0.9741379310344828,0.9826086956521739,0.9783549783549783,0.6,0.5,0.5454545454545454,Decision Tree,9,1,0.5,0.5,"{'clf__max_depth': 7, 'clf__min_samples_leaf': 10}"
0.8925619834710744,0.7855072463768116,0.26666666666666666,0.6666666666666666,0.9043478260869565,0.38095238095238093,0.3761604352495411,0.3337568826768318,0.8644927536231884,0.374125976497518,0.03958199573936208,4,11,104,2,0.9811320754716981,0.9043478260869565,0.9411764705882353,0.26666666666666666,0.6666666666666666,0.38095238095238093,Decision Tree,9,1,tuned,0.2,"{'clf__max_depth': 7, 'clf__min_samples_leaf': 10}"
0.9669421487603306,0.7142857142857143,1.0,0.42857142857142855,1.0,0.6,0.6434621850078751,0.5856164383561644,0.8991228070175439,0.6164974996143827,0.032011780607559825,3,0,114,4,0.9661016949152542,1.0,0.9827586206896551,1.0,0.42857142857142855,0.6,Decision Tree,9,2,0.5,0.5,"{'clf__max_depth': None, 'clf__min_samples_leaf': 5}"
0.9669421487603306,0.7142857142857143,1.0,0.42857142857142855,1.0,0.6,0.6434621850078751,0.5856164383561644,0.8991228070175439,0.6164974996143827,0.032011780607559825,3,0,114,4,0.9661016949152542,1.0,0.9827586206896551,1.0,0.42857142857142855,0.6,Decision Tree,9,2,tuned,0.5555555555555556,"{'clf__max_depth': None, 'clf__min_samples_leaf': 5}"
0.9504132231404959,0.6384711779448622,0.6666666666666666,0.2857142857142857,0.9912280701754386,0.4,0.415804511364738,0.3784246575342466,0.6516290726817042,0.2997245179063361,0.048440584544917696,2,1,113,5,0.9576271186440678,0.9912280701754386,0.9741379310344828,0.6666666666666666,0.2857142857142857,0.4,Decision Tree,9,3,0.5,0.5,"{'clf__max_depth': 7, 'clf__min_samples_leaf': 10}"
0.8677685950413223,0.5946115288220551,0.15384615384615385,0.2857142857142857,0.9035087719298246,0.2,0.14265662583550945,0.1349419124218052,0.6516290726817042,0.2997245179063361,0.048440584544917696,2,11,103,5,0.9537037037037037,0.9035087719298246,0.9279279279279279,0.15384615384615385,0.2857142857142857,0.2,Decision Tree,9,3,tuned,0.16666666666666666,"{'clf__max_depth': 7, 'clf__min_samples_leaf': 10}"
0.9421487603305785,0.6340852130325814,0.5,0.2857142857142857,0.9824561403508771,0.36363636363636365,0.3501784379632934,0.33568627450980393,0.8659147869674185,0.43683589138134593,0.03903073455088357,2,2,112,5,0.9572649572649573,0.9824561403508771,0.9696969696969697,0.5,0.2857142857142857,0.36363636363636365,Decision Tree,9,4,0.5,0.5,"{'clf__max_depth': 5, 'clf__min_samples_leaf': 10}"
0.9421487603305785,0.9022556390977443,0.5,0.8571428571428571,0.9473684210526315,0.631578947368421,0.6283906441721637,0.6025340215861098,0.8659147869674185,0.43683589138134593,0.03903073455088357,6,6,108,1,0.9908256880733946,0.9473684210526315,0.968609865470852,0.5,0.8571428571428571,0.631578947368421,Decision Tree,9,4,tuned,0.2857142857142857,"{'clf__max_depth': 5, 'clf__min_samples_leaf': 10}"
0.9504132231404959,0.6384711779448622,0.6666666666666666,0.2857142857142857,0.9912280701754386,0.4,0.415804511364738,0.3784246575342466,0.8840852130325815,0.45198740653286107,0.03868844195850523,2,1,113,5,0.9576271186440678,0.9912280701754386,0.9741379310344828,0.6666666666666666,0.2857142857142857,0.4,Decision Tree,9,5,0.5,0.5,"{'clf__max_depth': 5, 'clf__min_samples_leaf': 10}"
0.9421487603305785,0.8352130325814536,0.5,0.7142857142857143,0.956140350877193,0.5882352941176471,0.5684481362970587,0.5581637976004172,0.8840852130325815,0.45198740653286107,0.03868844195850523,5,5,109,2,0.9819819819819819,0.956140350877193,0.9688888888888889,0.5,0.7142857142857143,0.5882352941176471,Decision Tree,9,5,tuned,0.42105263157894735,"{'clf__max_depth': 5, 'clf__min_samples_leaf': 10}"
0.9504132231404959,0.7055137844611529,0.6,0.42857142857142855,0.9824561403508771,0.5,0.4821236116472483,0.47467438494934877,0.781328320802005,0.5284336875245966,0.039609677810711064,3,2,112,4,0.9655172413793104,0.9824561403508771,0.9739130434782609,0.6,0.42857142857142855,0.5,Decision Tree,9,6,0.5,0.5,"{'clf__max_depth': 5, 'clf__min_samples_leaf': 5}"
0.9421487603305785,0.7011278195488722,0.5,0.42857142857142855,0.9736842105263158,0.46153846153846156,0.4325925554820793,0.4311618535930154,0.781328320802005,0.5284336875245966,0.039609677810711064,3,3,111,4,0.9652173913043478,0.9736842105263158,0.9694323144104804,0.5,0.42857142857142855,0.46153846153846156,Decision Tree,9,6,tuned,0.25,"{'clf__max_depth': 5, 'clf__min_samples_leaf': 5}"
0.9090909090909091,0.6165413533834586,0.25,0.2857142857142857,0.9473684210526315,0.26666666666666666,0.21899151259123825,0.21843805049911913,0.6892230576441103,0.1419362455726092,0.07687571062151252,2,6,108,5,0.9557522123893806,0.9473684210526315,0.9515418502202643,0.25,0.2857142857142857,0.26666666666666666,Decision Tree,9,7,0.5,0.5,"{'clf__max_depth': 7, 'clf__min_samples_leaf': 10}"
0.8677685950413223,0.5946115288220551,0.15384615384615385,0.2857142857142857,0.9035087719298246,0.2,0.14265662583550945,0.1349419124218052,0.6892230576441103,0.1419362455726092,0.07687571062151252,2,11,103,5,0.9537037037037037,0.9035087719298246,0.9279279279279279,0.15384615384615385,0.2857142857142857,0.2,Decision Tree,9,7,tuned,0.4,"{'clf__max_depth': 7, 'clf__min_samples_leaf': 10}"
0.9583333333333334,0.6622807017543859,0.6666666666666666,0.3333333333333333,0.9912280701754386,0.4444444444444444,0.45307632099523115,0.425287356321839,0.8362573099415206,0.4113699102829537,0.034210293401657293,2,1,113,4,0.9658119658119658,0.9912280701754386,0.9783549783549783,0.6666666666666666,0.3333333333333333,0.4444444444444444,Decision Tree,9,8,0.5,0.5,"{'clf__max_depth': 5, 'clf__min_samples_leaf': 5}"
0.9416666666666667,0.8114035087719298,0.4444444444444444,0.6666666666666666,0.956140350877193,0.5333333333333333,0.515345874966055,0.5035460992907802,0.8362573099415206,0.4113699102829537,0.034210293401657293,4,5,109,2,0.9819819819819819,0.956140350877193,0.9688888888888889,0.4444444444444444,0.6666666666666666,0.5333333333333333,Decision Tree,9,8,tuned,0.3333333333333333,"{'clf__max_depth': 5, 'clf__min_samples_leaf': 5}"
0.95,0.736842105263158,0.5,0.5,0.9736842105263158,0.5,0.47368421052631576,0.4736842105263158,0.7748538011695907,0.3222222222222222,0.04548916201210435,3,3,111,3,0.9736842105263158,0.9736842105263158,0.9736842105263158,0.5,0.5,0.5,Decision Tree,9,9,0.5,0.5,"{'clf__max_depth': 5, 'clf__min_samples_leaf': 5}"
0.95,0.736842105263158,0.5,0.5,0.9736842105263158,0.5,0.47368421052631576,0.4736842105263158,0.7748538011695907,0.3222222222222222,0.04548916201210435,3,3,111,3,0.9736842105263158,0.9736842105263158,0.9736842105263158,0.5,0.5,0.5,Decision Tree,9,9,tuned,0.4375,"{'clf__max_depth': 5, 'clf__min_samples_leaf': 5}"
0.9504132231404959,0.6579710144927536,0.5,0.3333333333333333,0.9826086956521739,0.4,0.38362687289130337,0.3752151462994836,0.9666666666666666,0.5279401154401154,0.03092365391460862,2,2,113,4,0.9658119658119658,0.9826086956521739,0.9741379310344828,0.5,0.3333333333333333,0.4,Gradient Boosting,0,0,0.5,0.5,"{'clf__learning_rate': 0.05, 'clf__max_depth': 2, 'clf__n_estimators': 200}"
0.9586776859504132,0.8202898550724638,0.5714285714285714,0.6666666666666666,0.9739130434782609,0.6153846153846154,0.5956570390127073,0.5936870382807253,0.9666666666666666,0.5279401154401154,0.03092365391460862,4,3,112,2,0.9824561403508771,0.9739130434782609,0.9781659388646288,0.5714285714285714,0.6666666666666666,0.6153846153846154,Gradient Boosting,0,0,tuned,0.18859122338328557,"{'clf__learning_rate': 0.05, 'clf__max_depth': 2, 'clf__n_estimators': 200}"
0.9586776859504132,0.741304347826087,0.6,0.5,0.9826086956521739,0.5454545454545454,0.5263876499510503,0.5239968528717546,0.9681159420289855,0.6797619047619047,0.030071459384661364,3,2,113,3,0.9741379310344828,0.9826086956521739,0.9783549783549783,0.6,0.5,0.5454545454545454,Gradient Boosting,0,1,0.5,0.5,"{'clf__learning_rate': 0.05, 'clf__max_depth': 2, 'clf__n_estimators': 200}"
0.9090909090909091,0.9521739130434783,0.35294117647058826,1.0,0.9043478260869565,0.5217391304347826,0.5649615789394438,0.4839084916634354,0.9681159420289855,0.6797619047619047,0.030071459384661364,6,11,104,0,1.0,0.9043478260869565,0.9497716894977168,0.35294117647058826,1.0,0.5217391304347826,Gradient Boosting,0,1,tuned,0.1308581996808011,"{'clf__learning_rate': 0.05, 'clf__max_depth': 2, 'clf__n_estimators': 200}"
0.9586776859504132,0.6428571428571428,1.0,0.2857142857142857,1.0,0.4444444444444444,0.5231725181940632,0.4297832233741753,0.974937343358396,0.7718820861678005,0.030679808087571987,2,0,114,5,0.957983193277311,1.0,0.9785407725321889,1.0,0.2857142857142857,0.4444444444444444,Gradient Boosting,0,2,0.5,0.5,"{'clf__learning_rate': 0.05, 'clf__max_depth': 2, 'clf__n_estimators': 200}"
0.9669421487603306,0.781328320802005,0.8,0.5714285714285714,0.9912280701754386,0.6666666666666666,0.6599801878951662,0.6497829232995658,0.974937343358396,0.7718820861678005,0.030679808087571987,4,1,113,3,0.9741379310344828,0.9912280701754386,0.9826086956521739,0.8,0.5714285714285714,0.6666666666666666,Gradient Boosting,0,2,tuned,0.21762460660835223,"{'clf__learning_rate': 0.05, 'clf__max_depth': 2, 'clf__n_estimators': 200}"
0.9504132231404959,0.6384711779448622,0.6666666666666666,0.2857142857142857,0.9912280701754386,0.4,0.415804511364738,0.3784246575342466,0.9398496240601504,0.47690272690272684,0.03996127597080921,2,1,113,5,0.9576271186440678,0.9912280701754386,0.9741379310344828,0.6666666666666666,0.2857142857142857,0.4,Gradient Boosting,0,3,0.5,0.5,"{'clf__learning_rate': 0.05, 'clf__max_depth': 2, 'clf__n_estimators': 200}"
0.9256198347107438,0.6923558897243107,0.375,0.42857142857142855,0.956140350877193,0.4,0.361453733147904,0.36054022313564293,0.9398496240601504,0.47690272690272684,0.03996127597080921,3,5,109,4,0.9646017699115044,0.956140350877193,0.960352422907489,0.375,0.42857142857142855,0.4,Gradient Boosting,0,3,tuned,0.2679403329063252,"{'clf__learning_rate': 0.05, 'clf__max_depth': 2, 'clf__n_estimators': 200}"
0.9669421487603306,0.7142857142857143,1.0,0.42857142857142855,1.0,0.6,0.6434621850078751,0.5856164383561644,0.9310776942355891,0.7487940630797774,0.029006596234939633,3,0,114,4,0.9661016949152542,1.0,0.9827586206896551,1.0,0.42857142857142855,0.6,Gradient Boosting,0,4,0.5,0.5,"{'clf__learning_rate': 0.1, 'clf__max_depth': 2, 'clf__n_estimators': 100}"
0.9586776859504132,0.8439849624060151,0.625,0.7142857142857143,0.9736842105263158,0.6666666666666666,0.6463781742612354,0.6447445684086905,0.9310776942355891,0.7487940630797774,0.029006596234939633,5,3,111,2,0.9823008849557522,0.9736842105263158,0.9779735682819384,0.625,0.7142857142857143,0.6666666666666666,Gradient Boosting,0,4,tuned,0.22369552943677862,"{'clf__learning_rate': 0.1, 'clf__max_depth': 2, 'clf__n_estimators': 100}"
0.9504132231404959,0.5714285714285714,1.0,0.14285714285714285,1.0,0.25,0.3683941988065036,0.23899371069182385,0.9285714285714287,0.6848204398038285,0.03328578568668378,1,0,114,6,0.95,1.0,0.9743589743589743,1.0,0.14285714285714285,0.25,Gradient Boosting,0,5,0.5,0.5,"{'clf__learning_rate': 0.05, 'clf__max_depth': 2, 'clf__n_estimators': 100}"
0.9586776859504132,0.7098997493734336,0.75,0.42857142857142855,0.9912280701754386,0.5454545454545454,0.5481765267182397,0.5254901960784313,0.9285714285714287,0.6848204398038285,0.03328578568668378,3,1,113,4,0.9658119658119658,0.9912280701754386,0.9783549783549783,0.75,0.42857142857142855,0.5454545454545454,Gradient Boosting,0,5,tuned,0.3142880525213295,"{'clf__learning_rate': 0.05, 'clf__max_depth': 2, 'clf__n_estimators': 100}"
0.9586776859504132,0.7098997493734336,0.75,0.42857142857142855,0.9912280701754386,0.5454545454545454,0.5481765267182397,0.5254901960784313,0.8809523809523809,0.5027105669854148,0.03882566048638801,3,1,113,4,0.9658119658119658,0.9912280701754386,0.9783549783549783,0.75,0.42857142857142855,0.5454545454545454,Gradient Boosting,0,6,0.5,0.5,"{'clf__learning_rate': 0.1, 'clf__max_depth': 2, 'clf__n_estimators': 100}"
0.9421487603305785,0.7011278195488722,0.5,0.42857142857142855,0.9736842105263158,0.46153846153846156,0.4325925554820793,0.4311618535930154,0.8809523809523809,0.5027105669854148,0.03882566048638801,3,3,111,4,0.9652173913043478,0.9736842105263158,0.9694323144104804,0.5,0.42857142857142855,0.46153846153846156,Gradient Boosting,0,6,tuned,0.3506730209623607,"{'clf__learning_rate': 0.1, 'clf__max_depth': 2, 'clf__n_estimators': 100}"
0.9421487603305785,0.6340852130325814,0.5,0.2857142857142857,0.9824561403508771,0.36363636363636365,0.3501784379632934,0.33568627450980393,0.899749373433584,0.4312925170068027,0.05082689870128922,2,2,112,5,0.9572649572649573,0.9824561403508771,0.9696969696969697,0.5,0.2857142857142857,0.36363636363636365,Gradient Boosting,0,7,0.5,0.5,"{'clf__learning_rate': 0.1, 'clf__max_depth': 2, 'clf__n_estimators': 100}"
0.9256198347107438,0.62531328320802,0.3333333333333333,0.2857142857142857,0.9649122807017544,0.3076923076923077,0.2695280719514513,0.2686366689053056,0.899749373433584,0.4312925170068027,0.05082689870128922,2,4,110,5,0.9565217391304348,0.9649122807017544,0.9606986899563319,0.3333333333333333,0.2857142857142857,0.3076923076923077,Gradient Boosting,0,7,tuned,0.2914056605980328,"{'clf__learning_rate': 0.1, 'clf__max_depth': 2, 'clf__n_estimators': 100}"
0.95,0.5789473684210527,0.5,0.16666666666666666,0.9912280701754386,0.25,0.2688064609902745,0.23076923076923084,0.9210526315789473,0.3445039068258883,0.04027005345846128,1,1,113,5,0.9576271186440678,0.9912280701754386,0.9741379310344828,0.5,0.16666666666666666,0.25,Gradient Boosting,0,8,0.5,0.5,"{'clf__learning_rate': 0.1, 'clf__max_depth': 2, 'clf__n_estimators': 100}"
0.9416666666666667,0.7324561403508771,0.42857142857142855,0.5,0.9649122807017544,0.46153846153846156,0.4323254750628465,0.43089430894308944,0.9210526315789473,0.3445039068258883,0.04027005345846128,3,4,110,3,0.9734513274336283,0.9649122807017544,0.9691629955947136,0.42857142857142855,0.5,0.46153846153846156,Gradient Boosting,0,8,tuned,0.25726019535585776,"{'clf__learning_rate': 0.1, 'clf__max_depth': 2, 'clf__n_estimators': 100}"
0.9666666666666667,0.6666666666666666,1.0,0.3333333333333333,1.0,0.5,0.567480306535024,0.4871794871794872,0.9473684210526316,0.7564935064935066,0.023455087327647315,2,0,114,4,0.9661016949152542,1.0,0.9827586206896551,1.0,0.3333333333333333,0.5,Gradient Boosting,0,9,0.5,0.5,"{'clf__learning_rate': 0.05, 'clf__max_depth': 2, 'clf__n_estimators': 200}"
0.9666666666666667,0.8245614035087718,0.6666666666666666,0.6666666666666666,0.9824561403508771,0.6666666666666666,0.6491228070175439,0.6491228070175439,0.9473684210526316,0.7564935064935066,0.023455087327647315,4,2,112,2,0.9824561403508771,0.9824561403508771,0.9824561403508771,0.6666666666666666,0.6666666666666666,0.6666666666666666,Gradient Boosting,0,9,tuned,0.1344931509432116,"{'clf__learning_rate': 0.05, 'clf__max_depth': 2, 'clf__n_estimators': 200}"
0.9752066115702479,0.8289855072463768,0.8,0.6666666666666666,0.991304347826087,0.7272727272727273,0.7176576368702007,0.7143981117230527,0.9811594202898551,0.7930555555555555,0.01996691715635424,4,1,114,2,0.9827586206896551,0.991304347826087,0.987012987012987,0.8,0.6666666666666666,0.7272727272727273,Gradient Boosting,1,0,0.5,0.5,"{'clf__learning_rate': 0.1, 'clf__max_depth': 2, 'clf__n_estimators': 100}"
0.9752066115702479,0.9079710144927536,0.7142857142857143,0.8333333333333334,0.9826086956521739,0.7692307692307693,0.7587215225433354,0.7562122229684352,0.9811594202898551,0.7930555555555555,0.01996691715635424,5,2,113,1,0.9912280701754386,0.9826086956521739,0.9868995633187773,0.7142857142857143,0.8333333333333334,0.7692307692307693,Gradient Boosting,1,0,tuned,0.20052614589874132,"{'clf__learning_rate': 0.1, 'clf__max_depth': 2, 'clf__n_estimators': 100}"
0.9586776859504132,0.5833333333333334,1.0,0.16666666666666666,1.0,0.2857142857142857,0.39965262694272663,0.27544910179640714,0.9130434782608695,0.526480463980464,0.03621146735309349,1,0,115,5,0.9583333333333334,1.0,0.9787234042553191,1.0,0.16666666666666666,0.2857142857142857,Gradient Boosting,1,1,0.5,0.5,"{'clf__learning_rate': 0.05, 'clf__max_depth': 2, 'clf__n_estimators': 100}"
0.9504132231404959,0.6579710144927536,0.5,0.3333333333333333,0.9826086956521739,0.4,0.38362687289130337,0.3752151462994836,0.9130434782608695,0.526480463980464,0.03621146735309349,2,2,113,4,0.9658119658119658,0.9826086956521739,0.9741379310344828,0.5,0.3333333333333333,0.4,Gradient Boosting,1,1,tuned,0.24050696165782465,"{'clf__learning_rate': 0.05, 'clf__max_depth': 2, 'clf__n_estimators': 100}"
0.9586776859504132,0.7098997493734336,0.75,0.42857142857142855,0.9912280701754386,0.5454545454545454,0.5481765267182397,0.5254901960784313,0.9736842105263158,0.7185701203558347,0.028024239398084776,3,1,113,4,0.9658119658119658,0.9912280701754386,0.9783549783549783,0.75,0.42857142857142855,0.5454545454545454,Gradient Boosting,1,2,0.5,0.5,"{'clf__learning_rate': 0.05, 'clf__max_depth': 2, 'clf__n_estimators': 200}"
0.9421487603305785,0.8352130325814536,0.5,0.7142857142857143,0.956140350877193,0.5882352941176471,0.5684481362970587,0.5581637976004172,0.9736842105263158,0.7185701203558347,0.028024239398084776,5,5,109,2,0.9819819819819819,0.956140350877193,0.9688888888888889,0.5,0.7142857142857143,0.5882352941176471,Gradient Boosting,1,2,tuned,0.20673419050404368,"{'clf__learning_rate': 0.05, 'clf__max_depth': 2, 'clf__n_estimators': 200}"
0.9421487603305785,0.6340852130325814,0.5,0.2857142857142857,0.9824561403508771,0.36363636363636365,0.3501784379632934,0.33568627450980393,0.9536340852130326,0.5185374149659864,0.039866423533492255,2,2,112,5,0.9572649572649573,0.9824561403508771,0.9696969696969697,0.5,0.2857142857142857,0.36363636363636365,Gradient Boosting,1,3,0.5,0.5,"{'clf__learning_rate': 0.05, 'clf__max_depth': 2, 'clf__n_estimators': 200}"
0.9421487603305785,0.7011278195488722,0.5,0.42857142857142855,0.9736842105263158,0.46153846153846156,0.4325925554820793,0.4311618535930154,0.9536340852130326,0.5185374149659864,0.039866423533492255,3,3,111,4,0.9652173913043478,0.9736842105263158,0.9694323144104804,0.5,0.42857142857142855,0.46153846153846156,Gradient Boosting,1,3,tuned,0.40794967473409943,"{'clf__learning_rate': 0.05, 'clf__max_depth': 2, 'clf__n_estimators': 200}"
0.9586776859504132,0.7098997493734336,0.75,0.42857142857142855,0.9912280701754386,0.5454545454545454,0.5481765267182397,0.5254901960784313,0.9761904761904762,0.747704081632653,0.03159080545275895,3,1,113,4,0.9658119658119658,0.9912280701754386,0.9783549783549783,0.75,0.42857142857142855,0.5454545454545454,Gradient Boosting,1,4,0.5,0.5,"{'clf__learning_rate': 0.1, 'clf__max_depth': 2, 'clf__n_estimators': 100}"
0.9421487603305785,0.7011278195488722,0.5,0.42857142857142855,0.9736842105263158,0.46153846153846156,0.4325925554820793,0.4311618535930154,0.9761904761904762,0.747704081632653,0.03159080545275895,3,3,111,4,0.9652173913043478,0.9736842105263158,0.9694323144104804,0.5,0.42857142857142855,0.46153846153846156,Gradient Boosting,1,4,tuned,0.3438044796875122,"{'clf__learning_rate': 0.1, 'clf__max_depth': 2, 'clf__n_estimators': 100}"
0.9586776859504132,0.7098997493734336,0.75,0.42857142857142855,0.9912280701754386,0.5454545454545454,0.5481765267182397,0.5254901960784313,0.9360902255639098,0.6036713286713287,0.035541042401118994,3,1,113,4,0.9658119658119658,0.9912280701754386,0.9783549783549783,0.75,0.42857142857142855,0.5454545454545454,Gradient Boosting,1,5,0.5,0.5,"{'clf__learning_rate': 0.05, 'clf__max_depth': 2, 'clf__n_estimators': 200}"
0.9504132231404959,0.7725563909774436,0.5714285714285714,0.5714285714285714,0.9736842105263158,0.5714285714285714,0.5451127819548872,0.5451127819548872,0.9360902255639098,0.6036713286713287,0.035541042401118994,4,3,111,3,0.9736842105263158,0.9736842105263158,0.9736842105263158,0.5714285714285714,0.5714285714285714,0.5714285714285714,Gradient Boosting,1,5,tuned,0.3257841256735222,"{'clf__learning_rate': 0.05, 'clf__max_depth': 2, 'clf__n_estimators': 200}"
0.9504132231404959,0.7055137844611529,0.6,0.42857142857142855,0.9824561403508771,0.5,0.4821236116472483,0.47467438494934877,0.9147869674185464,0.5274253040803563,0.03947199569152522,3,2,112,4,0.9655172413793104,0.9824561403508771,0.9739130434782609,0.6,0.42857142857142855,0.5,Gradient Boosting,1,6,0.5,0.5,"{'clf__learning_rate': 0.1, 'clf__max_depth': 2, 'clf__n_estimators': 100}"
0.9421487603305785,0.768170426065163,0.5,0.5714285714285714,0.9649122807017544,0.5333333333333333,0.5039159537045698,0.5026423957721667,0.9147869674185464,0.5274253040803563,0.03947199569152522,4,4,110,3,0.9734513274336283,0.9649122807017544,0.9691629955947136,0.5,0.5714285714285714,0.5333333333333333,Gradient Boosting,1,6,tuned,0.1531931236930415,"{'clf__learning_rate': 0.1, 'clf__max_depth': 2, 'clf__n_estimators': 100}"
0.9669421487603306,0.7142857142857143,1.0,0.42857142857142855,1.0,0.6,0.6434621850078751,0.5856164383561644,0.9786967418546366,0.8452380952380951,0.027985763532586302,3,0,114,4,0.9661016949152542,1.0,0.9827586206896551,1.0,0.42857142857142855,0.6,Gradient Boosting,1,7,0.5,0.5,"{'clf__learning_rate': 0.05, 'clf__max_depth': 2, 'clf__n_estimators': 200}"
0.9504132231404959,0.906641604010025,0.5454545454545454,0.8571428571428571,0.956140350877193,0.6666666666666666,0.6604661526884764,0.6413043478260869,0.9786967418546366,0.8452380952380951,0.027985763532586302,6,5,109,1,0.990909090909091,0.956140350877193,0.9732142857142857,0.5454545454545454,0.8571428571428571,0.6666666666666666,Gradient Boosting,1,7,tuned,0.1927409649942997,"{'clf__learning_rate': 0.05, 'clf__max_depth': 2, 'clf__n_estimators': 200}"
0.95,0.6578947368421052,0.5,0.3333333333333333,0.9824561403508771,0.4,0.3834128905580745,0.375,0.9707602339181287,0.67997557997558,0.028183679287969624,2,2,112,4,0.9655172413793104,0.9824561403508771,0.9739130434782609,0.5,0.3333333333333333,0.4,Gradient Boosting,1,8,0.5,0.5,"{'clf__learning_rate': 0.1, 'clf__max_depth': 2, 'clf__n_estimators': 200}"
0.9583333333333334,0.6622807017543859,0.6666666666666666,0.3333333333333333,0.9912280701754386,0.4444444444444444,0.45307632099523115,0.425287356321839,0.9707602339181287,0.67997557997558,0.028183679287969624,2,1,113,4,0.9658119658119658,0.9912280701754386,0.9783549783549783,0.6666666666666666,0.3333333333333333,0.4444444444444444,Gradient Boosting,1,8,tuned,0.5548979198706951,"{'clf__learning_rate': 0.1, 'clf__max_depth': 2, 'clf__n_estimators': 200}"
0.95,0.5789473684210527,0.5,0.16666666666666666,0.9912280701754386,0.25,0.2688064609902745,0.23076923076923084,0.8391812865497076,0.3783326880887856,0.043271136923167766,1,1,113,5,0.9576271186440678,0.9912280701754386,0.9741379310344828,0.5,0.16666666666666666,0.25,Gradient Boosting,1,9,0.5,0.5,"{'clf__learning_rate': 0.1, 'clf__max_depth': 3, 'clf__n_estimators': 100}"
0.925,0.5657894736842105,0.2,0.16666666666666666,0.9649122807017544,0.18181818181818182,0.14350946197048195,0.1428571428571429,0.8391812865497076,0.3783326880887856,0.043271136923167766,1,4,110,5,0.9565217391304348,0.9649122807017544,0.9606986899563319,0.2,0.16666666666666666,0.18181818181818182,Gradient Boosting,1,9,tuned,0.2527924201315993,"{'clf__learning_rate': 0.1, 'clf__max_depth': 3, 'clf__n_estimators': 100}"
0.9586776859504132,0.6623188405797101,0.6666666666666666,0.3333333333333333,0.991304347826087,0.4444444444444444,0.4532333324183035,0.4254510921177588,0.863768115942029,0.5482357357357357,0.03463945998457882,2,1,114,4,0.9661016949152542,0.991304347826087,0.9785407725321889,0.6666666666666666,0.3333333333333333,0.4444444444444444,Gradient Boosting,2,0,0.5,0.5,"{'clf__learning_rate': 0.1, 'clf__max_depth': 3, 'clf__n_estimators': 100}"
0.9504132231404959,0.6579710144927536,0.5,0.3333333333333333,0.9826086956521739,0.4,0.38362687289130337,0.3752151462994836,0.863768115942029,0.5482357357357357,0.03463945998457882,2,2,113,4,0.9658119658119658,0.9826086956521739,0.9741379310344828,0.5,0.3333333333333333,0.4,Gradient Boosting,2,0,tuned,0.24686231874840459,"{'clf__learning_rate': 0.1, 'clf__max_depth': 3, 'clf__n_estimators': 100}"
0.9752066115702479,0.8289855072463768,0.8,0.6666666666666666,0.991304347826087,0.7272727272727273,0.7176576368702007,0.7143981117230527,0.9478260869565217,0.6764005602240896,0.024711720450281346,4,1,114,2,0.9827586206896551,0.991304347826087,0.987012987012987,0.8,0.6666666666666666,0.7272727272727273,Gradient Boosting,2,1,0.5,0.5,"{'clf__learning_rate': 0.1, 'clf__max_depth': 2, 'clf__n_estimators': 100}"
0.9752066115702479,0.8289855072463768,0.8,0.6666666666666666,0.991304347826087,0.7272727272727273,0.7176576368702007,0.7143981117230527,0.9478260869565217,0.6764005602240896,0.024711720450281346,4,1,114,2,0.9827586206896551,0.991304347826087,0.987012987012987,0.8,0.6666666666666666,0.7272727272727273,Gradient Boosting,2,1,tuned,0.17363758725422432,"{'clf__learning_rate': 0.1, 'clf__max_depth': 2, 'clf__n_estimators': 100}"
0.9090909090909091,0.4824561403508772,0.0,0.0,0.9649122807017544,0.0,-0.04581773954659914,-0.043921568627451,0.8884711779448622,0.24535042087010245,0.06107359037569708,0,4,110,7,0.9401709401709402,0.9649122807017544,0.9523809523809523,0.0,0.0,0.0,Gradient Boosting,2,2,0.5,0.5,"{'clf__learning_rate': 0.1, 'clf__max_depth': 2, 'clf__n_estimators': 100}"
0.8925619834710744,0.47368421052631576,0.0,0.0,0.9473684210526315,0.0,-0.05660089510980477,-0.05641370047011418,0.8884711779448622,0.24535042087010245,0.06107359037569708,0,6,108,7,0.9391304347826087,0.9473684210526315,0.9432314410480349,0.0,0.0,0.0,Gradient Boosting,2,2,tuned,0.33085115515006586,"{'clf__learning_rate': 0.1, 'clf__max_depth': 2, 'clf__n_estimators': 100}"
0.9504132231404959,0.7725563909774436,0.5714285714285714,0.5714285714285714,0.9736842105263158,0.5714285714285714,0.5451127819548872,0.5451127819548872,0.8909774436090225,0.6081323438466295,0.03723250966078558,4,3,111,3,0.9736842105263158,0.9736842105263158,0.9736842105263158,0.5714285714285714,0.5714285714285714,0.5714285714285714,Gradient Boosting,2,3,0.5,0.5,"{'clf__learning_rate': 0.1, 'clf__max_depth': 2, 'clf__n_estimators': 200}"
0.9421487603305785,0.768170426065163,0.5,0.5714285714285714,0.9649122807017544,0.5333333333333333,0.5039159537045698,0.5026423957721667,0.8909774436090225,0.6081323438466295,0.03723250966078558,4,4,110,3,0.9734513274336283,0.9649122807017544,0.9691629955947136,0.5,0.5714285714285714,0.5333333333333333,Gradient Boosting,2,3,tuned,0.23238398534809426,"{'clf__learning_rate': 0.1, 'clf__max_depth': 2, 'clf__n_estimators': 200}"
0.9504132231404959,0.6384711779448622,0.6666666666666666,0.2857142857142857,0.9912280701754386,0.4,0.415804511364738,0.3784246575342466,0.9774436090225563,0.7601190476190476,0.029555174729107063,2,1,113,5,0.9576271186440678,0.9912280701754386,0.9741379310344828,0.6666666666666666,0.2857142857142857,0.4,Gradient Boosting,2,4,0.5,0.5,"{'clf__learning_rate': 0.05, 'clf__max_depth': 2, 'clf__n_estimators': 200}"
0.9752066115702479,0.8527568922305764,0.8333333333333334,0.7142857142857143,0.9912280701754386,0.7692307692307693,0.7587215225433354,0.7562122229684352,0.9774436090225563,0.7601190476190476,0.029555174729107063,5,1,113,2,0.9826086956521739,0.9912280701754386,0.9868995633187773,0.8333333333333334,0.7142857142857143,0.7692307692307693,Gradient Boosting,2,4,tuned,0.21201745210530556,"{'clf__learning_rate': 0.05, 'clf__max_depth': 2, 'clf__n_estimators': 200}"
0.9586776859504132,0.6428571428571428,1.0,0.2857142857142857,1.0,0.4444444444444444,0.5231725181940632,0.4297832233741753,0.9010025062656641,0.478885493591376,0.043426690111458485,2,0,114,5,0.957983193277311,1.0,0.9785407725321889,1.0,0.2857142857142857,0.4444444444444444,Gradient Boosting,2,5,0.5,0.5,"{'clf__learning_rate': 0.05, 'clf__max_depth': 2, 'clf__n_estimators': 200}"
0.9338842975206612,0.6296992481203008,0.4,0.2857142857142857,0.9736842105263158,0.3333333333333333,0.3042670353993305,0.29956584659913166,0.9010025062656641,0.478885493591376,0.043426690111458485,2,3,111,5,0.9568965517241379,0.9736842105263158,0.9652173913043478,0.4,0.2857142857142857,0.3333333333333333,Gradient Boosting,2,5,tuned,0.2209364447363783,"{'clf__learning_rate': 0.05, 'clf__max_depth': 2, 'clf__n_estimators': 200}"
0.9504132231404959,0.7055137844611529,0.6,0.42857142857142855,0.9824561403508771,0.5,0.4821236116472483,0.47467438494934877,0.9724310776942355,0.6286564625850339,0.03222122348738938,3,2,112,4,0.9655172413793104,0.9824561403508771,0.9739130434782609,0.6,0.42857142857142855,0.5,Gradient Boosting,2,6,0.5,0.5,"{'clf__learning_rate': 0.05, 'clf__max_depth': 3, 'clf__n_estimators': 100}"
0.9421487603305785,0.9022556390977443,0.5,0.8571428571428571,0.9473684210526315,0.631578947368421,0.6283906441721637,0.6025340215861098,0.9724310776942355,0.6286564625850339,0.03222122348738938,6,6,108,1,0.9908256880733946,0.9473684210526315,0.968609865470852,0.5,0.8571428571428571,0.631578947368421,Gradient Boosting,2,6,tuned,0.16414081780712106,"{'clf__learning_rate': 0.05, 'clf__max_depth': 3, 'clf__n_estimators': 100}"
0.9421487603305785,0.6340852130325814,0.5,0.2857142857142857,0.9824561403508771,0.36363636363636365,0.3501784379632934,0.33568627450980393,0.9573934837092732,0.6662287903667212,0.030605770552908893,2,2,112,5,0.9572649572649573,0.9824561403508771,0.9696969696969697,0.5,0.2857142857142857,0.36363636363636365,Gradient Boosting,2,7,0.5,0.5,"{'clf__learning_rate': 0.05, 'clf__max_depth': 2, 'clf__n_estimators': 200}"
0.9504132231404959,0.8395989974937343,0.5555555555555556,0.7142857142857143,0.9649122807017544,0.625,0.6043208450919978,0.5988950276243094,0.9573934837092732,0.6662287903667212,0.030605770552908893,5,4,110,2,0.9821428571428571,0.9649122807017544,0.9734513274336283,0.5555555555555556,0.7142857142857143,0.625,Gradient Boosting,2,7,tuned,0.17219181094778063,"{'clf__learning_rate': 0.05, 'clf__max_depth': 2, 'clf__n_estimators': 200}"
0.9583333333333334,0.6622807017543859,0.6666666666666666,0.3333333333333333,0.9912280701754386,0.4444444444444444,0.45307632099523115,0.425287356321839,0.9342105263157894,0.40318627450980393,0.039650481521243945,2,1,113,4,0.9658119658119658,0.9912280701754386,0.9783549783549783,0.6666666666666666,0.3333333333333333,0.4444444444444444,Gradient Boosting,2,8,0.5,0.5,"{'clf__learning_rate': 0.1, 'clf__max_depth': 3, 'clf__n_estimators': 100}"
0.95,0.6578947368421052,0.5,0.3333333333333333,0.9824561403508771,0.4,0.3834128905580745,0.375,0.9342105263157894,0.40318627450980393,0.039650481521243945,2,2,112,4,0.9655172413793104,0.9824561403508771,0.9739130434782609,0.5,0.3333333333333333,0.4,Gradient Boosting,2,8,tuned,0.4472470032420405,"{'clf__learning_rate': 0.1, 'clf__max_depth': 3, 'clf__n_estimators': 100}"
0.975,0.75,1.0,0.5,1.0,0.6666666666666666,0.6979824404521128,0.6551724137931034,0.9912280701754386,0.9166666666666666,0.018144239210690572,3,0,114,3,0.9743589743589743,1.0,0.987012987012987,1.0,0.5,0.6666666666666666,Gradient Boosting,2,9,0.5,0.5,"{'clf__learning_rate': 0.1, 'clf__max_depth': 2, 'clf__n_estimators': 100}"
0.9833333333333333,0.9122807017543859,0.8333333333333334,0.8333333333333334,0.9912280701754386,0.8333333333333334,0.8245614035087719,0.8245614035087719,0.9912280701754386,0.9166666666666666,0.018144239210690572,5,1,113,1,0.9912280701754386,0.9912280701754386,0.9912280701754386,0.8333333333333334,0.8333333333333334,0.8333333333333334,Gradient Boosting,2,9,tuned,0.23952761674879003,"{'clf__learning_rate': 0.1, 'clf__max_depth': 2, 'clf__n_estimators': 100}"
0.9256198347107438,0.48695652173913045,0.0,0.0,0.9739130434782609,0.0,-0.036420535640756535,-0.03418803418803407,0.9152173913043478,0.2869708994708995,0.04786460056263014,0,3,112,6,0.9491525423728814,0.9739130434782609,0.9613733905579399,0.0,0.0,0.0,Gradient Boosting,3,0,0.5,0.5,"{'clf__learning_rate': 0.1, 'clf__max_depth': 2, 'clf__n_estimators': 100}"
0.9256198347107438,0.644927536231884,0.2857142857142857,0.3333333333333333,0.9565217391304348,0.3076923076923077,0.2695280719514513,0.2686366689053056,0.9152173913043478,0.2869708994708995,0.04786460056263014,2,5,110,4,0.9649122807017544,0.9565217391304348,0.9606986899563319,0.2857142857142857,0.3333333333333333,0.3076923076923077,Gradient Boosting,3,0,tuned,0.27867033962390325,"{'clf__learning_rate': 0.1, 'clf__max_depth': 2, 'clf__n_estimators': 100}"
0.9504132231404959,0.7369565217391305,0.5,0.5,0.9739130434782609,0.5,0.47391304347826085,0.4739130434782609,0.9608695652173913,0.5037037037037038,0.03207865112902888,3,3,112,3,0.9739130434782609,0.9739130434782609,0.9739130434782609,0.5,0.5,0.5,Gradient Boosting,3,1,0.5,0.5,"{'clf__learning_rate': 0.1, 'clf__max_depth': 2, 'clf__n_estimators': 100}"
0.9586776859504132,0.8992753623188405,0.5555555555555556,0.8333333333333334,0.9652173913043478,0.6666666666666666,0.660688560731237,0.645577035735208,0.9608695652173913,0.5037037037037038,0.03207865112902888,5,4,111,1,0.9910714285714286,0.9652173913043478,0.9779735682819384,0.5555555555555556,0.8333333333333334,0.6666666666666666,Gradient Boosting,3,1,tuned,0.23977346915542513,"{'clf__learning_rate': 0.1, 'clf__max_depth': 2, 'clf__n_estimators': 100}"
0.9752066115702479,0.7857142857142857,1.0,0.5714285714285714,1.0,0.7272727272727273,0.7461746154731859,0.7152941176470589,0.9636591478696741,0.7399350649350649,0.02870533600877432,4,0,114,3,0.9743589743589743,1.0,0.987012987012987,1.0,0.5714285714285714,0.7272727272727273,Gradient Boosting,3,2,0.5,0.5,"{'clf__learning_rate': 0.1, 'clf__max_depth': 2, 'clf__n_estimators': 100}"
0.9669421487603306,0.781328320802005,0.8,0.5714285714285714,0.9912280701754386,0.6666666666666666,0.6599801878951662,0.6497829232995658,0.9636591478696741,0.7399350649350649,0.02870533600877432,4,1,113,3,0.9741379310344828,0.9912280701754386,0.9826086956521739,0.8,0.5714285714285714,0.6666666666666666,Gradient Boosting,3,2,tuned,0.3207936185773945,"{'clf__learning_rate': 0.1, 'clf__max_depth': 2, 'clf__n_estimators': 100}"
0.9421487603305785,0.5670426065162907,0.5,0.14285714285714285,0.9912280701754386,0.2222222222222222,0.2455239449419507,0.20169651272384537,0.8809523809523809,0.49421768707482994,0.042314499192775516,1,1,113,6,0.9495798319327731,0.9912280701754386,0.9699570815450643,0.5,0.14285714285714285,0.2222222222222222,Gradient Boosting,3,3,0.5,0.5,"{'clf__learning_rate': 0.05, 'clf__max_depth': 2, 'clf__n_estimators': 200}"
0.9421487603305785,0.7011278195488722,0.5,0.42857142857142855,0.9736842105263158,0.46153846153846156,0.4325925554820793,0.4311618535930154,0.8809523809523809,0.49421768707482994,0.042314499192775516,3,3,111,4,0.9652173913043478,0.9736842105263158,0.9694323144104804,0.5,0.42857142857142855,0.46153846153846156,Gradient Boosting,3,3,tuned,0.2302862477641895,"{'clf__learning_rate': 0.05, 'clf__max_depth': 2, 'clf__n_estimators': 200}"
0.9504132231404959,0.7055137844611529,0.6,0.42857142857142855,0.9824561403508771,0.5,0.4821236116472483,0.47467438494934877,0.9755639097744361,0.7537414965986395,0.029136668581544765,3,2,112,4,0.9655172413793104,0.9824561403508771,0.9739130434782609,0.6,0.42857142857142855,0.5,Gradient Boosting,3,4,0.5,0.5,"{'clf__learning_rate': 0.05, 'clf__max_depth': 2, 'clf__n_estimators': 200}"
0.9586776859504132,0.8439849624060151,0.625,0.7142857142857143,0.9736842105263158,0.6666666666666666,0.6463781742612354,0.6447445684086905,0.9755639097744361,0.7537414965986395,0.029136668581544765,5,3,111,2,0.9823008849557522,0.9736842105263158,0.9779735682819384,0.625,0.7142857142857143,0.6666666666666666,Gradient Boosting,3,4,tuned,0.17345489556679186,"{'clf__learning_rate': 0.05, 'clf__max_depth': 2, 'clf__n_estimators': 200}"
0.9421487603305785,0.6340852130325814,0.5,0.2857142857142857,0.9824561403508771,0.36363636363636365,0.3501784379632934,0.33568627450980393,0.9711779448621554,0.6215118215118215,0.04000853022398631,2,2,112,5,0.9572649572649573,0.9824561403508771,0.9696969696969697,0.5,0.2857142857142857,0.36363636363636365,Gradient Boosting,3,5,0.5,0.5,"{'clf__learning_rate': 0.1, 'clf__max_depth': 2, 'clf__n_estimators': 100}"
0.9421487603305785,0.7011278195488722,0.5,0.42857142857142855,0.9736842105263158,0.46153846153846156,0.4325925554820793,0.4311618535930154,0.9711779448621554,0.6215118215118215,0.04000853022398631,3,3,111,4,0.9652173913043478,0.9736842105263158,0.9694323144104804,0.5,0.42857142857142855,0.46153846153846156,Gradient Boosting,3,5,tuned,0.21690363554587916,"{'clf__learning_rate': 0.1, 'clf__max_depth': 2, 'clf__n_estimators': 100}"
0.9504132231404959,0.7055137844611529,0.6,0.42857142857142855,0.9824561403508771,0.5,0.4821236116472483,0.47467438494934877,0.9172932330827068,0.4195178695178695,0.045434975996524414,3,2,112,4,0.9655172413793104,0.9824561403508771,0.9739130434782609,0.6,0.42857142857142855,0.5,Gradient Boosting,3,6,0.5,0.5,"{'clf__learning_rate': 0.1, 'clf__max_depth': 3, 'clf__n_estimators': 100}"
0.9256198347107438,0.7593984962406015,0.4,0.5714285714285714,0.9473684210526315,0.47058823529411764,0.43988323070463986,0.431924882629108,0.9172932330827068,0.4195178695178695,0.045434975996524414,4,6,108,3,0.972972972972973,0.9473684210526315,0.96,0.4,0.5714285714285714,0.47058823529411764,Gradient Boosting,3,6,tuned,0.13045394857085058,"{'clf__learning_rate': 0.1, 'clf__max_depth': 3, 'clf__n_estimators': 100}"
0.9669421487603306,0.7142857142857143,1.0,0.42857142857142855,1.0,0.6,0.6434621850078751,0.5856164383561644,0.9761904761904763,0.7511904761904762,0.029174286282369333,3,0,114,4,0.9661016949152542,1.0,0.9827586206896551,1.0,0.42857142857142855,0.6,Gradient Boosting,3,7,0.5,0.5,"{'clf__learning_rate': 0.1, 'clf__max_depth': 2, 'clf__n_estimators': 100}"
0.9504132231404959,0.8395989974937343,0.5555555555555556,0.7142857142857143,0.9649122807017544,0.625,0.6043208450919978,0.5988950276243094,0.9761904761904763,0.7511904761904762,0.029174286282369333,5,4,110,2,0.9821428571428571,0.9649122807017544,0.9734513274336283,0.5555555555555556,0.7142857142857143,0.625,Gradient Boosting,3,7,tuned,0.17258459822660513,"{'clf__learning_rate': 0.1, 'clf__max_depth': 2, 'clf__n_estimators': 100}"
0.9583333333333334,0.6622807017543859,0.6666666666666666,0.3333333333333333,0.9912280701754386,0.4444444444444444,0.45307632099523115,0.425287356321839,0.9722222222222222,0.7175925925925926,0.027400876945037313,2,1,113,4,0.9658119658119658,0.9912280701754386,0.9783549783549783,0.6666666666666666,0.3333333333333333,0.4444444444444444,Gradient Boosting,3,8,0.5,0.5,"{'clf__learning_rate': 0.05, 'clf__max_depth': 2, 'clf__n_estimators': 200}"
0.9333333333333333,0.8859649122807018,0.4166666666666667,0.8333333333333334,0.9385964912280702,0.5555555555555556,0.5607940161280399,0.5238095238095238,0.9722222222222222,0.7175925925925926,0.027400876945037313,5,7,107,1,0.9907407407407407,0.9385964912280702,0.963963963963964,0.4166666666666667,0.8333333333333334,0.5555555555555556,Gradient Boosting,3,8,tuned,0.1493340751714726,"{'clf__learning_rate': 0.05, 'clf__max_depth': 2, 'clf__n_estimators': 200}"
0.975,0.8289473684210527,0.8,0.6666666666666666,0.9912280701754386,0.7272727272727273,0.7175473098524098,0.7142857142857143,0.9926900584795322,0.9055555555555554,0.01797266707842158,4,1,113,2,0.9826086956521739,0.9912280701754386,0.9868995633187773,0.8,0.6666666666666666,0.7272727272727273,Gradient Boosting,3,9,0.5,0.5,"{'clf__learning_rate': 0.05, 'clf__max_depth': 2, 'clf__n_estimators': 200}"
0.9583333333333334,0.8991228070175439,0.5555555555555556,0.8333333333333334,0.9649122807017544,0.6666666666666666,0.6605137270691691,0.6453900709219859,0.9926900584795322,0.9055555555555554,0.01797266707842158,5,4,110,1,0.990990990990991,0.9649122807017544,0.9777777777777777,0.5555555555555556,0.8333333333333334,0.6666666666666666,Gradient Boosting,3,9,tuned,0.15005874581237802,"{'clf__learning_rate': 0.05, 'clf__max_depth': 2, 'clf__n_estimators': 200}"
0.9669421487603306,0.6666666666666666,1.0,0.3333333333333333,1.0,0.5,0.5675639625104965,0.4872881355932204,0.9652173913043479,0.6749999999999999,0.028517028817886012,2,0,115,4,0.9663865546218487,1.0,0.9829059829059829,1.0,0.3333333333333333,0.5,Gradient Boosting,4,0,0.5,0.5,"{'clf__learning_rate': 0.1, 'clf__max_depth': 2, 'clf__n_estimators': 100}"
0.9504132231404959,0.8159420289855073,0.5,0.6666666666666666,0.9652173913043478,0.5714285714285714,0.5520491285645256,0.5456821026282854,0.9652173913043479,0.6749999999999999,0.028517028817886012,4,4,111,2,0.9823008849557522,0.9652173913043478,0.9736842105263158,0.5,0.6666666666666666,0.5714285714285714,Gradient Boosting,4,0,tuned,0.18402304501540692,"{'clf__learning_rate': 0.1, 'clf__max_depth': 2, 'clf__n_estimators': 100}"
0.9669421487603306,0.7456521739130435,0.75,0.5,0.991304347826087,0.6,0.5965573849089534,0.5834767641996558,0.9739130434782608,0.7999999999999999,0.02127219846094614,3,1,114,3,0.9743589743589743,0.991304347826087,0.9827586206896551,0.75,0.5,0.6,Gradient Boosting,4,1,0.5,0.5,"{'clf__learning_rate': 0.1, 'clf__max_depth': 2, 'clf__n_estimators': 100}"
0.9421487603305785,0.8905797101449275,0.45454545454545453,0.8333333333333334,0.9478260869565217,0.5882352941176471,0.5898906801202691,0.56,0.9739130434782608,0.7999999999999999,0.02127219846094614,5,6,109,1,0.990909090909091,0.9478260869565217,0.9688888888888889,0.45454545454545453,0.8333333333333334,0.5882352941176471,Gradient Boosting,4,1,tuned,0.16355920757700373,"{'clf__learning_rate': 0.1, 'clf__max_depth': 2, 'clf__n_estimators': 100}"
0.9421487603305785,0.6340852130325814,0.5,0.2857142857142857,0.9824561403508771,0.36363636363636365,0.3501784379632934,0.33568627450980393,0.9611528822055139,0.514396628216504,0.043614915969262466,2,2,112,5,0.9572649572649573,0.9824561403508771,0.9696969696969697,0.5,0.2857142857142857,0.36363636363636365,Gradient Boosting,4,2,0.5,0.5,"{'clf__learning_rate': 0.05, 'clf__max_depth': 3, 'clf__n_estimators': 200}"
0.9669421487603306,0.9154135338345865,0.6666666666666666,0.8571428571428571,0.9736842105263158,0.75,0.7392338012841227,0.7325966850828729,0.9611528822055139,0.514396628216504,0.043614915969262466,6,3,111,1,0.9910714285714286,0.9736842105263158,0.9823008849557522,0.6666666666666666,0.8571428571428571,0.75,Gradient Boosting,4,2,tuned,0.10148483064141908,"{'clf__learning_rate': 0.05, 'clf__max_depth': 3, 'clf__n_estimators': 200}"
0.9669421487603306,0.781328320802005,0.8,0.5714285714285714,0.9912280701754386,0.6666666666666666,0.6599801878951662,0.6497829232995658,0.9523809523809524,0.6428833071690214,0.033926259741679766,4,1,113,3,0.9741379310344828,0.9912280701754386,0.9826086956521739,0.8,0.5714285714285714,0.6666666666666666,Gradient Boosting,4,3,0.5,0.5,"{'clf__learning_rate': 0.05, 'clf__max_depth': 2, 'clf__n_estimators': 200}"
0.8677685950413223,0.862781954887218,0.2857142857142857,0.8571428571428571,0.868421052631579,0.42857142857142855,0.4472676325462453,0.3742727860374919,0.9523809523809524,0.6428833071690214,0.033926259741679766,6,15,99,1,0.99,0.868421052631579,0.9252336448598131,0.2857142857142857,0.8571428571428571,0.42857142857142855,Gradient Boosting,4,3,tuned,0.12542579479754046,"{'clf__learning_rate': 0.05, 'clf__max_depth': 2, 'clf__n_estimators': 200}"
0.9586776859504132,0.7098997493734336,0.75,0.42857142857142855,0.9912280701754386,0.5454545454545454,0.5481765267182397,0.5254901960784313,0.9473684210526315,0.68484477124183,0.03530860681019122,3,1,113,4,0.9658119658119658,0.9912280701754386,0.9783549783549783,0.75,0.42857142857142855,0.5454545454545454,Gradient Boosting,4,4,0.5,0.5,"{'clf__learning_rate': 0.05, 'clf__max_depth': 2, 'clf__n_estimators': 200}"
0.9504132231404959,0.7055137844611529,0.6,0.42857142857142855,0.9824561403508771,0.5,0.4821236116472483,0.47467438494934877,0.9473684210526315,0.68484477124183,0.03530860681019122,3,2,112,4,0.9655172413793104,0.9824561403508771,0.9739130434782609,0.6,0.42857142857142855,0.5,Gradient Boosting,4,4,tuned,0.24868207235113735,"{'clf__learning_rate': 0.05, 'clf__max_depth': 2, 'clf__n_estimators': 200}"
0.9421487603305785,0.5,0.0,0.0,1.0,0.0,0.0,0.0,0.8721804511278195,0.336350752422181,0.04741150998105299,0,0,114,7,0.9421487603305785,1.0,0.9702127659574468,0.0,0.0,0.0,Gradient Boosting,4,5,0.5,0.5,"{'clf__learning_rate': 0.05, 'clf__max_depth': 2, 'clf__n_estimators': 200}"
0.9338842975206612,0.6296992481203008,0.4,0.2857142857142857,0.9736842105263158,0.3333333333333333,0.3042670353993305,0.29956584659913166,0.8721804511278195,0.336350752422181,0.04741150998105299,2,3,111,5,0.9568965517241379,0.9736842105263158,0.9652173913043478,0.4,0.2857142857142857,0.3333333333333333,Gradient Boosting,4,5,tuned,0.1836607014288526,"{'clf__learning_rate': 0.05, 'clf__max_depth': 2, 'clf__n_estimators': 200}"
0.9586776859504132,0.6428571428571428,1.0,0.2857142857142857,1.0,0.4444444444444444,0.5231725181940632,0.4297832233741753,0.887218045112782,0.4921947617599791,0.04243117358323506,2,0,114,5,0.957983193277311,1.0,0.9785407725321889,1.0,0.2857142857142857,0.4444444444444444,Gradient Boosting,4,6,0.5,0.5,"{'clf__learning_rate': 0.05, 'clf__max_depth': 2, 'clf__n_estimators': 200}"
0.9504132231404959,0.6384711779448622,0.6666666666666666,0.2857142857142857,0.9912280701754386,0.4,0.415804511364738,0.3784246575342466,0.887218045112782,0.4921947617599791,0.04243117358323506,2,1,113,5,0.9576271186440678,0.9912280701754386,0.9741379310344828,0.6666666666666666,0.2857142857142857,0.4,Gradient Boosting,4,6,tuned,0.39251483010234606,"{'clf__learning_rate': 0.05, 'clf__max_depth': 2, 'clf__n_estimators': 200}"
0.9586776859504132,0.7769423558897243,0.6666666666666666,0.5714285714285714,0.9824561403508771,0.6153846153846154,0.5956570390127073,0.5936870382807253,0.9699248120300752,0.6435064935064936,0.032535953368080274,4,2,112,3,0.9739130434782609,0.9824561403508771,0.9781659388646288,0.6666666666666666,0.5714285714285714,0.6153846153846154,Gradient Boosting,4,7,0.5,0.5,"{'clf__learning_rate': 0.1, 'clf__max_depth': 2, 'clf__n_estimators': 100}"
0.9504132231404959,0.7725563909774436,0.5714285714285714,0.5714285714285714,0.9736842105263158,0.5714285714285714,0.5451127819548872,0.5451127819548872,0.9699248120300752,0.6435064935064936,0.032535953368080274,4,3,111,3,0.9736842105263158,0.9736842105263158,0.9736842105263158,0.5714285714285714,0.5714285714285714,0.5714285714285714,Gradient Boosting,4,7,tuned,0.36515911186787875,"{'clf__learning_rate': 0.1, 'clf__max_depth': 2, 'clf__n_estimators': 100}"
0.9583333333333334,0.7412280701754386,0.6,0.5,0.9824561403508771,0.5454545454545454,0.5262013605584338,0.5238095238095238,0.9751461988304093,0.6168350168350168,0.03238359176257355,3,2,112,3,0.9739130434782609,0.9824561403508771,0.9781659388646288,0.6,0.5,0.5454545454545454,Gradient Boosting,4,8,0.5,0.5,"{'clf__learning_rate': 0.05, 'clf__max_depth': 3, 'clf__n_estimators': 200}"
0.95,0.8157894736842105,0.5,0.6666666666666666,0.9649122807017544,0.5714285714285714,0.5518254055364693,0.5454545454545454,0.9751461988304093,0.6168350168350168,0.03238359176257355,4,4,110,2,0.9821428571428571,0.9649122807017544,0.9734513274336283,0.5,0.6666666666666666,0.5714285714285714,Gradient Boosting,4,8,tuned,0.26694267849766745,"{'clf__learning_rate': 0.05, 'clf__max_depth': 3, 'clf__n_estimators': 200}"
0.95,0.6578947368421052,0.5,0.3333333333333333,0.9824561403508771,0.4,0.3834128905580745,0.375,0.9634502923976608,0.6269360269360269,0.03564945009250946,2,2,112,4,0.9655172413793104,0.9824561403508771,0.9739130434782609,0.5,0.3333333333333333,0.4,Gradient Boosting,4,9,0.5,0.5,"{'clf__learning_rate': 0.1, 'clf__max_depth': 2, 'clf__n_estimators': 100}"
0.9666666666666667,0.8245614035087718,0.6666666666666666,0.6666666666666666,0.9824561403508771,0.6666666666666666,0.6491228070175439,0.6491228070175439,0.9634502923976608,0.6269360269360269,0.03564945009250946,4,2,112,2,0.9824561403508771,0.9824561403508771,0.9824561403508771,0.6666666666666666,0.6666666666666666,0.6666666666666666,Gradient Boosting,4,9,tuned,0.23198881813018082,"{'clf__learning_rate': 0.1, 'clf__max_depth': 2, 'clf__n_estimators': 100}"
0.9504132231404959,0.5789855072463769,0.5,0.16666666666666666,0.991304347826087,0.25,0.2689759648419309,0.23093220338983056,0.9507246376811594,0.44599567099567095,0.037575745419335935,1,1,114,5,0.957983193277311,0.991304347826087,0.9743589743589743,0.5,0.16666666666666666,0.25,Gradient Boosting,5,0,0.5,0.5,"{'clf__learning_rate': 0.1, 'clf__max_depth': 3, 'clf__n_estimators': 100}"
0.9421487603305785,0.6536231884057971,0.4,0.3333333333333333,0.9739130434782609,0.36363636363636365,0.3351176630318999,0.33359559402045635,0.9507246376811594,0.44599567099567095,0.037575745419335935,2,3,112,4,0.9655172413793104,0.9739130434782609,0.9696969696969697,0.4,0.3333333333333333,0.36363636363636365,Gradient Boosting,5,0,tuned,0.31865569940288063,"{'clf__learning_rate': 0.1, 'clf__max_depth': 3, 'clf__n_estimators': 100}"
0.9504132231404959,0.5789855072463769,0.5,0.16666666666666666,0.991304347826087,0.25,0.2689759648419309,0.23093220338983056,0.9246376811594202,0.6176303854875284,0.031230685192240926,1,1,114,5,0.957983193277311,0.991304347826087,0.9743589743589743,0.5,0.16666666666666666,0.25,Gradient Boosting,5,1,0.5,0.5,"{'clf__learning_rate': 0.05, 'clf__max_depth': 2, 'clf__n_estimators': 200}"
0.9669421487603306,0.8246376811594203,0.6666666666666666,0.6666666666666666,0.9826086956521739,0.6666666666666666,0.6492753623188405,0.6492753623188405,0.9246376811594202,0.6176303854875284,0.031230685192240926,4,2,113,2,0.9826086956521739,0.9826086956521739,0.9826086956521739,0.6666666666666666,0.6666666666666666,0.6666666666666666,Gradient Boosting,5,1,tuned,0.19549510582127244,"{'clf__learning_rate': 0.05, 'clf__max_depth': 2, 'clf__n_estimators': 200}"
0.9669421487603306,0.7142857142857143,1.0,0.42857142857142855,1.0,0.6,0.6434621850078751,0.5856164383561644,0.9085213032581454,0.6443749238825964,0.03223332678216191,3,0,114,4,0.9661016949152542,1.0,0.9827586206896551,1.0,0.42857142857142855,0.6,Gradient Boosting,5,2,0.5,0.5,"{'clf__learning_rate': 0.05, 'clf__max_depth': 3, 'clf__n_estimators': 100}"
0.9669421487603306,0.781328320802005,0.8,0.5714285714285714,0.9912280701754386,0.6666666666666666,0.6599801878951662,0.6497829232995658,0.9085213032581454,0.6443749238825964,0.03223332678216191,4,1,113,3,0.9741379310344828,0.9912280701754386,0.9826086956521739,0.8,0.5714285714285714,0.6666666666666666,Gradient Boosting,5,2,tuned,0.17598933967859817,"{'clf__learning_rate': 0.05, 'clf__max_depth': 3, 'clf__n_estimators': 100}"
0.9586776859504132,0.6428571428571428,1.0,0.2857142857142857,1.0,0.4444444444444444,0.5231725181940632,0.4297832233741753,0.8609022556390977,0.5637642557022808,0.03696646137777962,2,0,114,5,0.957983193277311,1.0,0.9785407725321889,1.0,0.2857142857142857,0.4444444444444444,Gradient Boosting,5,3,0.5,0.5,"{'clf__learning_rate': 0.05, 'clf__max_depth': 2, 'clf__n_estimators': 200}"
0.9586776859504132,0.7098997493734336,0.75,0.42857142857142855,0.9912280701754386,0.5454545454545454,0.5481765267182397,0.5254901960784313,0.8609022556390977,0.5637642557022808,0.03696646137777962,3,1,113,4,0.9658119658119658,0.9912280701754386,0.9783549783549783,0.75,0.42857142857142855,0.5454545454545454,Gradient Boosting,5,3,tuned,0.22828847831476637,"{'clf__learning_rate': 0.05, 'clf__max_depth': 2, 'clf__n_estimators': 200}"
0.9586776859504132,0.7098997493734336,0.75,0.42857142857142855,0.9912280701754386,0.5454545454545454,0.5481765267182397,0.5254901960784313,0.9824561403508772,0.788487702773417,0.026210919329105624,3,1,113,4,0.9658119658119658,0.9912280701754386,0.9783549783549783,0.75,0.42857142857142855,0.5454545454545454,Gradient Boosting,5,4,0.5,0.5,"{'clf__learning_rate': 0.1, 'clf__max_depth': 2, 'clf__n_estimators': 200}"
0.9586776859504132,0.8439849624060151,0.625,0.7142857142857143,0.9736842105263158,0.6666666666666666,0.6463781742612354,0.6447445684086905,0.9824561403508772,0.788487702773417,0.026210919329105624,5,3,111,2,0.9823008849557522,0.9736842105263158,0.9779735682819384,0.625,0.7142857142857143,0.6666666666666666,Gradient Boosting,5,4,tuned,0.2122475241359141,"{'clf__learning_rate': 0.1, 'clf__max_depth': 2, 'clf__n_estimators': 200}"
0.9421487603305785,0.7011278195488722,0.5,0.42857142857142855,0.9736842105263158,0.46153846153846156,0.4325925554820793,0.4311618535930154,0.924812030075188,0.48820781901277255,0.04567874538568237,3,3,111,4,0.9652173913043478,0.9736842105263158,0.9694323144104804,0.5,0.42857142857142855,0.46153846153846156,Gradient Boosting,5,5,0.5,0.5,"{'clf__learning_rate': 0.05, 'clf__max_depth': 3, 'clf__n_estimators': 100}"
0.9256198347107438,0.6923558897243107,0.375,0.42857142857142855,0.956140350877193,0.4,0.361453733147904,0.36054022313564293,0.924812030075188,0.48820781901277255,0.04567874538568237,3,5,109,4,0.9646017699115044,0.956140350877193,0.960352422907489,0.375,0.42857142857142855,0.4,Gradient Boosting,5,5,tuned,0.21332961363035913,"{'clf__learning_rate': 0.05, 'clf__max_depth': 3, 'clf__n_estimators': 100}"
0.9338842975206612,0.56265664160401,0.3333333333333333,0.14285714285714285,0.9824561403508771,0.2,0.1881468377216009,0.17123287671232879,0.9786967418546365,0.657065553494125,0.034261607474973775,1,2,112,6,0.9491525423728814,0.9824561403508771,0.9655172413793104,0.3333333333333333,0.14285714285714285,0.2,Gradient Boosting,5,6,0.5,0.5,"{'clf__learning_rate': 0.05, 'clf__max_depth': 2, 'clf__n_estimators': 200}"
0.9421487603305785,0.7011278195488722,0.5,0.42857142857142855,0.9736842105263158,0.46153846153846156,0.4325925554820793,0.4311618535930154,0.9786967418546365,0.657065553494125,0.034261607474973775,3,3,111,4,0.9652173913043478,0.9736842105263158,0.9694323144104804,0.5,0.42857142857142855,0.46153846153846156,Gradient Boosting,5,6,tuned,0.41087739425806263,"{'clf__learning_rate': 0.05, 'clf__max_depth': 2, 'clf__n_estimators': 200}"
0.9586776859504132,0.7098997493734336,0.75,0.42857142857142855,0.9912280701754386,0.5454545454545454,0.5481765267182397,0.5254901960784313,0.9548872180451128,0.6601449275362319,0.0339480432196904,3,1,113,4,0.9658119658119658,0.9912280701754386,0.9783549783549783,0.75,0.42857142857142855,0.5454545454545454,Gradient Boosting,5,7,0.5,0.5,"{'clf__learning_rate': 0.1, 'clf__max_depth': 2, 'clf__n_estimators': 100}"
0.9338842975206612,0.7637844611528821,0.4444444444444444,0.5714285714285714,0.956140350877193,0.5,0.46940788889987284,0.4651933701657458,0.9548872180451128,0.6601449275362319,0.0339480432196904,4,5,109,3,0.9732142857142857,0.956140350877193,0.9646017699115044,0.4444444444444444,0.5714285714285714,0.5,Gradient Boosting,5,7,tuned,0.22052782643916571,"{'clf__learning_rate': 0.1, 'clf__max_depth': 2, 'clf__n_estimators': 100}"
0.9666666666666667,0.6666666666666666,1.0,0.3333333333333333,1.0,0.5,0.567480306535024,0.4871794871794872,0.9546783625730995,0.6336996336996337,0.03010692658298919,2,0,114,4,0.9661016949152542,1.0,0.9827586206896551,1.0,0.3333333333333333,0.5,Gradient Boosting,5,8,0.5,0.5,"{'clf__learning_rate': 0.05, 'clf__max_depth': 3, 'clf__n_estimators': 200}"
0.95,0.6578947368421052,0.5,0.3333333333333333,0.9824561403508771,0.4,0.3834128905580745,0.375,0.9546783625730995,0.6336996336996337,0.03010692658298919,2,2,112,4,0.9655172413793104,0.9824561403508771,0.9739130434782609,0.5,0.3333333333333333,0.4,Gradient Boosting,5,8,tuned,0.21171903451856938,"{'clf__learning_rate': 0.05, 'clf__max_depth': 3, 'clf__n_estimators': 200}"
0.9666666666666667,0.7456140350877193,0.75,0.5,0.9912280701754386,0.6,0.596420051979227,0.5833333333333333,0.9385964912280701,0.6008852258852259,0.03208269340203154,3,1,113,3,0.9741379310344828,0.9912280701754386,0.9826086956521739,0.75,0.5,0.6,Gradient Boosting,5,9,0.5,0.5,"{'clf__learning_rate': 0.05, 'clf__max_depth': 2, 'clf__n_estimators': 200}"
0.9,0.868421052631579,0.3125,0.8333333333333334,0.9035087719298246,0.45454545454545453,0.47241733419913995,0.4117647058823529,0.9385964912280701,0.6008852258852259,0.03208269340203154,5,11,103,1,0.9903846153846154,0.9035087719298246,0.944954128440367,0.3125,0.8333333333333334,0.45454545454545453,Gradient Boosting,5,9,tuned,0.19110409068148634,"{'clf__learning_rate': 0.05, 'clf__max_depth': 2, 'clf__n_estimators': 200}"
0.9504132231404959,0.6579710144927536,0.5,0.3333333333333333,0.9826086956521739,0.4,0.38362687289130337,0.3752151462994836,0.918840579710145,0.40404040404040403,0.041725174208808745,2,2,113,4,0.9658119658119658,0.9826086956521739,0.9741379310344828,0.5,0.3333333333333333,0.4,Gradient Boosting,6,0,0.5,0.5,"{'clf__learning_rate': 0.05, 'clf__max_depth': 2, 'clf__n_estimators': 200}"
0.9338842975206612,0.8072463768115942,0.4,0.6666666666666666,0.9478260869565217,0.5,0.4844844269350164,0.46696035242290757,0.918840579710145,0.40404040404040403,0.041725174208808745,4,6,109,2,0.9819819819819819,0.9478260869565217,0.9646017699115044,0.4,0.6666666666666666,0.5,Gradient Boosting,6,0,tuned,0.23208291577745002,"{'clf__learning_rate': 0.05, 'clf__max_depth': 2, 'clf__n_estimators': 200}"
0.9504132231404959,0.5789855072463769,0.5,0.16666666666666666,0.991304347826087,0.25,0.2689759648419309,0.23093220338983056,0.9608695652173913,0.5249999999999999,0.0347004172686782,1,1,114,5,0.957983193277311,0.991304347826087,0.9743589743589743,0.5,0.16666666666666666,0.25,Gradient Boosting,6,1,0.5,0.5,"{'clf__learning_rate': 0.05, 'clf__max_depth': 2, 'clf__n_estimators': 200}"
0.9504132231404959,0.6579710144927536,0.5,0.3333333333333333,0.9826086956521739,0.4,0.38362687289130337,0.3752151462994836,0.9608695652173913,0.5249999999999999,0.0347004172686782,2,2,113,4,0.9658119658119658,0.9826086956521739,0.9741379310344828,0.5,0.3333333333333333,0.4,Gradient Boosting,6,1,tuned,0.246854578720478,"{'clf__learning_rate': 0.05, 'clf__max_depth': 2, 'clf__n_estimators': 200}"
0.9504132231404959,0.6384711779448622,0.6666666666666666,0.2857142857142857,0.9912280701754386,0.4,0.415804511364738,0.3784246575342466,0.9323308270676691,0.4463976499690785,0.04486213815397019,2,1,113,5,0.9576271186440678,0.9912280701754386,0.9741379310344828,0.6666666666666666,0.2857142857142857,0.4,Gradient Boosting,6,2,0.5,0.5,"{'clf__learning_rate': 0.1, 'clf__max_depth': 2, 'clf__n_estimators': 200}"
0.9338842975206612,0.6967418546365914,0.42857142857142855,0.42857142857142855,0.9649122807017544,0.42857142857142855,0.39348370927318294,0.393483709273183,0.9323308270676691,0.4463976499690785,0.04486213815397019,3,4,110,4,0.9649122807017544,0.9649122807017544,0.9649122807017544,0.42857142857142855,0.42857142857142855,0.42857142857142855,Gradient Boosting,6,2,tuned,0.1764112381429649,"{'clf__learning_rate': 0.1, 'clf__max_depth': 2, 'clf__n_estimators': 200}"
0.9421487603305785,0.6340852130325814,0.5,0.2857142857142857,0.9824561403508771,0.36363636363636365,0.3501784379632934,0.33568627450980393,0.899749373433584,0.5128273063611409,0.04181546371260933,2,2,112,5,0.9572649572649573,0.9824561403508771,0.9696969696969697,0.5,0.2857142857142857,0.36363636363636365,Gradient Boosting,6,3,0.5,0.5,"{'clf__learning_rate': 0.05, 'clf__max_depth': 2, 'clf__n_estimators': 200}"
0.9504132231404959,0.7725563909774436,0.5714285714285714,0.5714285714285714,0.9736842105263158,0.5714285714285714,0.5451127819548872,0.5451127819548872,0.899749373433584,0.5128273063611409,0.04181546371260933,4,3,111,3,0.9736842105263158,0.9736842105263158,0.9736842105263158,0.5714285714285714,0.5714285714285714,0.5714285714285714,Gradient Boosting,6,3,tuned,0.22542781577304424,"{'clf__learning_rate': 0.05, 'clf__max_depth': 2, 'clf__n_estimators': 200}"
0.9504132231404959,0.6384711779448622,0.6666666666666666,0.2857142857142857,0.9912280701754386,0.4,0.415804511364738,0.3784246575342466,0.9586466165413534,0.5363964537877581,0.041393577618356506,2,1,113,5,0.9576271186440678,0.9912280701754386,0.9741379310344828,0.6666666666666666,0.2857142857142857,0.4,Gradient Boosting,6,4,0.5,0.5,"{'clf__learning_rate': 0.1, 'clf__max_depth': 3, 'clf__n_estimators': 100}"
0.9504132231404959,0.7055137844611529,0.6,0.42857142857142855,0.9824561403508771,0.5,0.4821236116472483,0.47467438494934877,0.9586466165413534,0.5363964537877581,0.041393577618356506,3,2,112,4,0.9655172413793104,0.9824561403508771,0.9739130434782609,0.6,0.42857142857142855,0.5,Gradient Boosting,6,4,tuned,0.24609458035888446,"{'clf__learning_rate': 0.1, 'clf__max_depth': 3, 'clf__n_estimators': 100}"
0.9504132231404959,0.6384711779448622,0.6666666666666666,0.2857142857142857,0.9912280701754386,0.4,0.415804511364738,0.3784246575342466,0.9411027568922306,0.603327922077922,0.03728277184101898,2,1,113,5,0.9576271186440678,0.9912280701754386,0.9741379310344828,0.6666666666666666,0.2857142857142857,0.4,Gradient Boosting,6,5,0.5,0.5,"{'clf__learning_rate': 0.1, 'clf__max_depth': 2, 'clf__n_estimators': 100}"
0.9256198347107438,0.6923558897243107,0.375,0.42857142857142855,0.956140350877193,0.4,0.361453733147904,0.36054022313564293,0.9411027568922306,0.603327922077922,0.03728277184101898,3,5,109,4,0.9646017699115044,0.956140350877193,0.960352422907489,0.375,0.42857142857142855,0.4,Gradient Boosting,6,5,tuned,0.26091724176159203,"{'clf__learning_rate': 0.1, 'clf__max_depth': 2, 'clf__n_estimators': 100}"
0.9586776859504132,0.7098997493734336,0.75,0.42857142857142855,0.9912280701754386,0.5454545454545454,0.5481765267182397,0.5254901960784313,0.9260651629072683,0.4675348256013281,0.038920701472029064,3,1,113,4,0.9658119658119658,0.9912280701754386,0.9783549783549783,0.75,0.42857142857142855,0.5454545454545454,Gradient Boosting,6,6,0.5,0.5,"{'clf__learning_rate': 0.1, 'clf__max_depth': 2, 'clf__n_estimators': 100}"
0.9504132231404959,0.7055137844611529,0.6,0.42857142857142855,0.9824561403508771,0.5,0.4821236116472483,0.47467438494934877,0.9260651629072683,0.4675348256013281,0.038920701472029064,3,2,112,4,0.9655172413793104,0.9824561403508771,0.9739130434782609,0.6,0.42857142857142855,0.5,Gradient Boosting,6,6,tuned,0.18104568165285248,"{'clf__learning_rate': 0.1, 'clf__max_depth': 2, 'clf__n_estimators': 100}"
0.9669421487603306,0.7142857142857143,1.0,0.42857142857142855,1.0,0.6,0.6434621850078751,0.5856164383561644,0.9661654135338346,0.7577639751552794,0.02989170029960832,3,0,114,4,0.9661016949152542,1.0,0.9827586206896551,1.0,0.42857142857142855,0.6,Gradient Boosting,6,7,0.5,0.5,"{'clf__learning_rate': 0.05, 'clf__max_depth': 3, 'clf__n_estimators': 200}"
0.9421487603305785,0.768170426065163,0.5,0.5714285714285714,0.9649122807017544,0.5333333333333333,0.5039159537045698,0.5026423957721667,0.9661654135338346,0.7577639751552794,0.02989170029960832,4,4,110,3,0.9734513274336283,0.9649122807017544,0.9691629955947136,0.5,0.5714285714285714,0.5333333333333333,Gradient Boosting,6,7,tuned,0.16302143705821656,"{'clf__learning_rate': 0.05, 'clf__max_depth': 3, 'clf__n_estimators': 200}"
0.9583333333333334,0.6622807017543859,0.6666666666666666,0.3333333333333333,0.9912280701754386,0.4444444444444444,0.45307632099523115,0.425287356321839,0.9546783625730993,0.5721153846153846,0.034025647346344466,2,1,113,4,0.9658119658119658,0.9912280701754386,0.9783549783549783,0.6666666666666666,0.3333333333333333,0.4444444444444444,Gradient Boosting,6,8,0.5,0.5,"{'clf__learning_rate': 0.1, 'clf__max_depth': 2, 'clf__n_estimators': 200}"
0.9333333333333333,0.7280701754385965,0.375,0.5,0.956140350877193,0.42857142857142855,0.3985405706652278,0.3939393939393939,0.9546783625730993,0.5721153846153846,0.034025647346344466,3,5,109,3,0.9732142857142857,0.956140350877193,0.9646017699115044,0.375,0.5,0.42857142857142855,Gradient Boosting,6,8,tuned,0.16059796928014144,"{'clf__learning_rate': 0.1, 'clf__max_depth': 2, 'clf__n_estimators': 200}"
0.9833333333333333,0.9122807017543859,0.8333333333333334,0.8333333333333334,0.9912280701754386,0.8333333333333334,0.8245614035087719,0.8245614035087719,0.9970760233918128,0.9583333333333334,0.012809169996791221,5,1,113,1,0.9912280701754386,0.9912280701754386,0.9912280701754386,0.8333333333333334,0.8333333333333334,0.8333333333333334,Gradient Boosting,6,9,0.5,0.5,"{'clf__learning_rate': 0.1, 'clf__max_depth': 2, 'clf__n_estimators': 200}"
0.975,0.9078947368421053,0.7142857142857143,0.8333333333333334,0.9824561403508771,0.7692307692307693,0.7586088524687684,0.7560975609756098,0.9970760233918128,0.9583333333333334,0.012809169996791221,5,2,112,1,0.9911504424778761,0.9824561403508771,0.986784140969163,0.7142857142857143,0.8333333333333334,0.7692307692307693,Gradient Boosting,6,9,tuned,0.2677776225858521,"{'clf__learning_rate': 0.1, 'clf__max_depth': 2, 'clf__n_estimators': 200}"
0.9586776859504132,0.6623188405797101,0.6666666666666666,0.3333333333333333,0.991304347826087,0.4444444444444444,0.4532333324183035,0.4254510921177588,0.9666666666666667,0.6660714285714285,0.025589318993526247,2,1,114,4,0.9661016949152542,0.991304347826087,0.9785407725321889,0.6666666666666666,0.3333333333333333,0.4444444444444444,Gradient Boosting,7,0,0.5,0.5,"{'clf__learning_rate': 0.1, 'clf__max_depth': 2, 'clf__n_estimators': 100}"
0.9669421487603306,0.9036231884057971,0.625,0.8333333333333334,0.9739130434782609,0.7142857142857143,0.7052554234184422,0.6971214017521903,0.9666666666666667,0.6660714285714285,0.025589318993526247,5,3,112,1,0.9911504424778761,0.9739130434782609,0.9824561403508771,0.625,0.8333333333333334,0.7142857142857143,Gradient Boosting,7,0,tuned,0.1558699007773382,"{'clf__learning_rate': 0.1, 'clf__max_depth': 2, 'clf__n_estimators': 100}"
0.9421487603305785,0.6536231884057971,0.4,0.3333333333333333,0.9739130434782609,0.36363636363636365,0.3351176630318999,0.33359559402045635,0.9420289855072465,0.507749766573296,0.044392362459154684,2,3,112,4,0.9655172413793104,0.9739130434782609,0.9696969696969697,0.4,0.3333333333333333,0.36363636363636365,Gradient Boosting,7,1,0.5,0.5,"{'clf__learning_rate': 0.05, 'clf__max_depth': 3, 'clf__n_estimators': 200}"
0.9504132231404959,0.7369565217391305,0.5,0.5,0.9739130434782609,0.5,0.47391304347826085,0.4739130434782609,0.9420289855072465,0.507749766573296,0.044392362459154684,3,3,112,3,0.9739130434782609,0.9739130434782609,0.9739130434782609,0.5,0.5,0.5,Gradient Boosting,7,1,tuned,0.3652083872379021,"{'clf__learning_rate': 0.05, 'clf__max_depth': 3, 'clf__n_estimators': 200}"
0.9669421487603306,0.781328320802005,0.8,0.5714285714285714,0.9912280701754386,0.6666666666666666,0.6599801878951662,0.6497829232995658,0.9849624060150377,0.8328754578754578,0.02259050621088262,4,1,113,3,0.9741379310344828,0.9912280701754386,0.9826086956521739,0.8,0.5714285714285714,0.6666666666666666,Gradient Boosting,7,2,0.5,0.5,"{'clf__learning_rate': 0.1, 'clf__max_depth': 2, 'clf__n_estimators': 200}"
0.9256198347107438,0.9605263157894737,0.4375,1.0,0.9210526315789473,0.6086956521739131,0.6347917188462602,0.574443141852286,0.9849624060150377,0.8328754578754578,0.02259050621088262,7,9,105,0,1.0,0.9210526315789473,0.958904109589041,0.4375,1.0,0.6086956521739131,Gradient Boosting,7,2,tuned,0.16706400326013576,"{'clf__learning_rate': 0.1, 'clf__max_depth': 2, 'clf__n_estimators': 200}"
0.9834710743801653,0.8571428571428572,1.0,0.7142857142857143,1.0,0.8333333333333334,0.837836764143084,0.8248914616497829,1.0,1.0,0.011430863913233202,5,0,114,2,0.9827586206896551,1.0,0.991304347826087,1.0,0.7142857142857143,0.8333333333333334,Gradient Boosting,7,3,0.5,0.5,"{'clf__learning_rate': 0.1, 'clf__max_depth': 2, 'clf__n_estimators': 100}"
0.9504132231404959,0.9736842105263157,0.5384615384615384,1.0,0.9473684210526315,0.7,0.7142278750440075,0.675603217158177,1.0,1.0,0.011430863913233202,7,6,108,0,1.0,0.9473684210526315,0.972972972972973,0.5384615384615384,1.0,0.7,Gradient Boosting,7,3,tuned,0.12732288529929484,"{'clf__learning_rate': 0.1, 'clf__max_depth': 2, 'clf__n_estimators': 100}"
0.9504132231404959,0.6384711779448622,0.6666666666666666,0.2857142857142857,0.9912280701754386,0.4,0.415804511364738,0.3784246575342466,0.906015037593985,0.5628684807256237,0.03712945423308209,2,1,113,5,0.9576271186440678,0.9912280701754386,0.9741379310344828,0.6666666666666666,0.2857142857142857,0.4,Gradient Boosting,7,4,0.5,0.5,"{'clf__learning_rate': 0.1, 'clf__max_depth': 2, 'clf__n_estimators': 100}"
0.9504132231404959,0.7725563909774436,0.5714285714285714,0.5714285714285714,0.9736842105263158,0.5714285714285714,0.5451127819548872,0.5451127819548872,0.906015037593985,0.5628684807256237,0.03712945423308209,4,3,111,3,0.9736842105263158,0.9736842105263158,0.9736842105263158,0.5714285714285714,0.5714285714285714,0.5714285714285714,Gradient Boosting,7,4,tuned,0.22839586409596857,"{'clf__learning_rate': 0.1, 'clf__max_depth': 2, 'clf__n_estimators': 100}"
0.9504132231404959,0.6384711779448622,0.6666666666666666,0.2857142857142857,0.9912280701754386,0.4,0.415804511364738,0.3784246575342466,0.9492481203007519,0.5695528211284514,0.03792014418391455,2,1,113,5,0.9576271186440678,0.9912280701754386,0.9741379310344828,0.6666666666666666,0.2857142857142857,0.4,Gradient Boosting,7,5,0.5,0.5,"{'clf__learning_rate': 0.05, 'clf__max_depth': 2, 'clf__n_estimators': 200}"
0.9504132231404959,0.7055137844611529,0.6,0.42857142857142855,0.9824561403508771,0.5,0.4821236116472483,0.47467438494934877,0.9492481203007519,0.5695528211284514,0.03792014418391455,3,2,112,4,0.9655172413793104,0.9824561403508771,0.9739130434782609,0.6,0.42857142857142855,0.5,Gradient Boosting,7,5,tuned,0.1564724952724674,"{'clf__learning_rate': 0.05, 'clf__max_depth': 2, 'clf__n_estimators': 200}"
0.9669421487603306,0.7142857142857143,1.0,0.42857142857142855,1.0,0.6,0.6434621850078751,0.5856164383561644,0.963032581453634,0.6945578231292517,0.03122872708092091,3,0,114,4,0.9661016949152542,1.0,0.9827586206896551,1.0,0.42857142857142855,0.6,Gradient Boosting,7,6,0.5,0.5,"{'clf__learning_rate': 0.05, 'clf__max_depth': 2, 'clf__n_estimators': 200}"
0.9504132231404959,0.7725563909774436,0.5714285714285714,0.5714285714285714,0.9736842105263158,0.5714285714285714,0.5451127819548872,0.5451127819548872,0.963032581453634,0.6945578231292517,0.03122872708092091,4,3,111,3,0.9736842105263158,0.9736842105263158,0.9736842105263158,0.5714285714285714,0.5714285714285714,0.5714285714285714,Gradient Boosting,7,6,tuned,0.12454266469490669,"{'clf__learning_rate': 0.05, 'clf__max_depth': 2, 'clf__n_estimators': 200}"
0.9421487603305785,0.5670426065162907,0.5,0.14285714285714285,0.9912280701754386,0.2222222222222222,0.2455239449419507,0.20169651272384537,0.8671679197994987,0.44931849551414765,0.04142796321821798,1,1,113,6,0.9495798319327731,0.9912280701754386,0.9699570815450643,0.5,0.14285714285714285,0.2222222222222222,Gradient Boosting,7,7,0.5,0.5,"{'clf__learning_rate': 0.05, 'clf__max_depth': 2, 'clf__n_estimators': 100}"
0.9421487603305785,0.7011278195488722,0.5,0.42857142857142855,0.9736842105263158,0.46153846153846156,0.4325925554820793,0.4311618535930154,0.8671679197994987,0.44931849551414765,0.04142796321821798,3,3,111,4,0.9652173913043478,0.9736842105263158,0.9694323144104804,0.5,0.42857142857142855,0.46153846153846156,Gradient Boosting,7,7,tuned,0.1950888585773416,"{'clf__learning_rate': 0.05, 'clf__max_depth': 2, 'clf__n_estimators': 100}"
0.95,0.6578947368421052,0.5,0.3333333333333333,0.9824561403508771,0.4,0.3834128905580745,0.375,0.9502923976608187,0.42203548085901027,0.037639722507217796,2,2,112,4,0.9655172413793104,0.9824561403508771,0.9739130434782609,0.5,0.3333333333333333,0.4,Gradient Boosting,7,8,0.5,0.5,"{'clf__learning_rate': 0.05, 'clf__max_depth': 2, 'clf__n_estimators': 200}"
0.95,0.736842105263158,0.5,0.5,0.9736842105263158,0.5,0.47368421052631576,0.4736842105263158,0.9502923976608187,0.42203548085901027,0.037639722507217796,3,3,111,3,0.9736842105263158,0.9736842105263158,0.9736842105263158,0.5,0.5,0.5,Gradient Boosting,7,8,tuned,0.3249003711686451,"{'clf__learning_rate': 0.05, 'clf__max_depth': 2, 'clf__n_estimators': 200}"
0.9333333333333333,0.5701754385964912,0.25,0.16666666666666666,0.9736842105263158,0.2,0.170405729136922,0.16666666666666663,0.956140350877193,0.42159090909090907,0.041993131013941865,1,3,111,5,0.9568965517241379,0.9736842105263158,0.9652173913043478,0.25,0.16666666666666666,0.2,Gradient Boosting,7,9,0.5,0.5,"{'clf__learning_rate': 0.05, 'clf__max_depth': 2, 'clf__n_estimators': 200}"
0.9333333333333333,0.7280701754385965,0.375,0.5,0.956140350877193,0.42857142857142855,0.3985405706652278,0.3939393939393939,0.956140350877193,0.42159090909090907,0.041993131013941865,3,5,109,3,0.9732142857142857,0.956140350877193,0.9646017699115044,0.375,0.5,0.42857142857142855,Gradient Boosting,7,9,tuned,0.2128205698625276,"{'clf__learning_rate': 0.05, 'clf__max_depth': 2, 'clf__n_estimators': 200}"
0.9586776859504132,0.741304347826087,0.6,0.5,0.9826086956521739,0.5454545454545454,0.5263876499510503,0.5239968528717546,0.9681159420289855,0.660515873015873,0.030223652508810695,3,2,113,3,0.9741379310344828,0.9826086956521739,0.9783549783549783,0.6,0.5,0.5454545454545454,Gradient Boosting,8,0,0.5,0.5,"{'clf__learning_rate': 0.1, 'clf__max_depth': 2, 'clf__n_estimators': 100}"
0.9256198347107438,0.8028985507246377,0.36363636363636365,0.6666666666666666,0.9391304347826087,0.47058823529411764,0.457466241725923,0.4342857142857143,0.9681159420289855,0.660515873015873,0.030223652508810695,4,7,108,2,0.9818181818181818,0.9391304347826087,0.96,0.36363636363636365,0.6666666666666666,0.47058823529411764,Gradient Boosting,8,0,tuned,0.20317827248354803,"{'clf__learning_rate': 0.1, 'clf__max_depth': 2, 'clf__n_estimators': 100}"
0.9504132231404959,0.7369565217391305,0.5,0.5,0.9739130434782609,0.5,0.47391304347826085,0.4739130434782609,0.972463768115942,0.6396825396825396,0.03036231704203576,3,3,112,3,0.9739130434782609,0.9739130434782609,0.9739130434782609,0.5,0.5,0.5,Gradient Boosting,8,1,0.5,0.5,"{'clf__learning_rate': 0.1, 'clf__max_depth': 2, 'clf__n_estimators': 100}"
0.9504132231404959,0.7369565217391305,0.5,0.5,0.9739130434782609,0.5,0.47391304347826085,0.4739130434782609,0.972463768115942,0.6396825396825396,0.03036231704203576,3,3,112,3,0.9739130434782609,0.9739130434782609,0.9739130434782609,0.5,0.5,0.5,Gradient Boosting,8,1,tuned,0.25885659857025156,"{'clf__learning_rate': 0.1, 'clf__max_depth': 2, 'clf__n_estimators': 100}"
0.9504132231404959,0.6384711779448622,0.6666666666666666,0.2857142857142857,0.9912280701754386,0.4,0.415804511364738,0.3784246575342466,0.968671679197995,0.712049062049062,0.031060459478846208,2,1,113,5,0.9576271186440678,0.9912280701754386,0.9741379310344828,0.6666666666666666,0.2857142857142857,0.4,Gradient Boosting,8,2,0.5,0.5,"{'clf__learning_rate': 0.05, 'clf__max_depth': 2, 'clf__n_estimators': 100}"
0.9421487603305785,0.8352130325814536,0.5,0.7142857142857143,0.956140350877193,0.5882352941176471,0.5684481362970587,0.5581637976004172,0.968671679197995,0.712049062049062,0.031060459478846208,5,5,109,2,0.9819819819819819,0.956140350877193,0.9688888888888889,0.5,0.7142857142857143,0.5882352941176471,Gradient Boosting,8,2,tuned,0.2010804585674558,"{'clf__learning_rate': 0.05, 'clf__max_depth': 2, 'clf__n_estimators': 100}"
0.9586776859504132,0.7098997493734336,0.75,0.42857142857142855,0.9912280701754386,0.5454545454545454,0.5481765267182397,0.5254901960784313,0.924812030075188,0.5145308123249299,0.04202051641958716,3,1,113,4,0.9658119658119658,0.9912280701754386,0.9783549783549783,0.75,0.42857142857142855,0.5454545454545454,Gradient Boosting,8,3,0.5,0.5,"{'clf__learning_rate': 0.1, 'clf__max_depth': 2, 'clf__n_estimators': 200}"
0.9421487603305785,0.7011278195488722,0.5,0.42857142857142855,0.9736842105263158,0.46153846153846156,0.4325925554820793,0.4311618535930154,0.924812030075188,0.5145308123249299,0.04202051641958716,3,3,111,4,0.9652173913043478,0.9736842105263158,0.9694323144104804,0.5,0.42857142857142855,0.46153846153846156,Gradient Boosting,8,3,tuned,0.2604756157070347,"{'clf__learning_rate': 0.1, 'clf__max_depth': 2, 'clf__n_estimators': 200}"
0.9586776859504132,0.6428571428571428,1.0,0.2857142857142857,1.0,0.4444444444444444,0.5231725181940632,0.4297832233741753,0.931077694235589,0.5063478188478188,0.04066922054235963,2,0,114,5,0.957983193277311,1.0,0.9785407725321889,1.0,0.2857142857142857,0.4444444444444444,Gradient Boosting,8,4,0.5,0.5,"{'clf__learning_rate': 0.05, 'clf__max_depth': 2, 'clf__n_estimators': 200}"
0.9504132231404959,0.6384711779448622,0.6666666666666666,0.2857142857142857,0.9912280701754386,0.4,0.415804511364738,0.3784246575342466,0.931077694235589,0.5063478188478188,0.04066922054235963,2,1,113,5,0.9576271186440678,0.9912280701754386,0.9741379310344828,0.6666666666666666,0.2857142857142857,0.4,Gradient Boosting,8,4,tuned,0.222254818682023,"{'clf__learning_rate': 0.05, 'clf__max_depth': 2, 'clf__n_estimators': 200}"
0.9256198347107438,0.49122807017543857,0.0,0.0,0.9824561403508771,0.0,-0.032124628310161774,-0.02639019792648445,0.8395989974937343,0.27364579864579863,0.050104087870307144,0,2,112,7,0.9411764705882353,0.9824561403508771,0.9613733905579399,0.0,0.0,0.0,Gradient Boosting,8,5,0.5,0.5,"{'clf__learning_rate': 0.05, 'clf__max_depth': 2, 'clf__n_estimators': 200}"
0.9338842975206612,0.56265664160401,0.3333333333333333,0.14285714285714285,0.9824561403508771,0.2,0.1881468377216009,0.17123287671232879,0.8395989974937343,0.27364579864579863,0.050104087870307144,1,2,112,6,0.9491525423728814,0.9824561403508771,0.9655172413793104,0.3333333333333333,0.14285714285714285,0.2,Gradient Boosting,8,5,tuned,0.38047783442466154,"{'clf__learning_rate': 0.05, 'clf__max_depth': 2, 'clf__n_estimators': 200}"
0.9504132231404959,0.5714285714285714,1.0,0.14285714285714285,1.0,0.25,0.3683941988065036,0.23899371069182385,0.924812030075188,0.569734613212874,0.04053796810151569,1,0,114,6,0.95,1.0,0.9743589743589743,1.0,0.14285714285714285,0.25,Gradient Boosting,8,6,0.5,0.5,"{'clf__learning_rate': 0.05, 'clf__max_depth': 2, 'clf__n_estimators': 100}"
0.9504132231404959,0.6384711779448622,0.6666666666666666,0.2857142857142857,0.9912280701754386,0.4,0.415804511364738,0.3784246575342466,0.924812030075188,0.569734613212874,0.04053796810151569,2,1,113,5,0.9576271186440678,0.9912280701754386,0.9741379310344828,0.6666666666666666,0.2857142857142857,0.4,Gradient Boosting,8,6,tuned,0.2566545197966597,"{'clf__learning_rate': 0.05, 'clf__max_depth': 2, 'clf__n_estimators': 100}"
0.9586776859504132,0.6428571428571428,1.0,0.2857142857142857,1.0,0.4444444444444444,0.5231725181940632,0.4297832233741753,0.9786967418546366,0.8060701203558347,0.029720720174875724,2,0,114,5,0.957983193277311,1.0,0.9785407725321889,1.0,0.2857142857142857,0.4444444444444444,Gradient Boosting,8,7,0.5,0.5,"{'clf__learning_rate': 0.05, 'clf__max_depth': 3, 'clf__n_estimators': 200}"
0.9421487603305785,0.8352130325814536,0.5,0.7142857142857143,0.956140350877193,0.5882352941176471,0.5684481362970587,0.5581637976004172,0.9786967418546366,0.8060701203558347,0.029720720174875724,5,5,109,2,0.9819819819819819,0.956140350877193,0.9688888888888889,0.5,0.7142857142857143,0.5882352941176471,Gradient Boosting,8,7,tuned,0.07228009598285183,"{'clf__learning_rate': 0.05, 'clf__max_depth': 3, 'clf__n_estimators': 200}"
0.9583333333333334,0.8201754385964912,0.5714285714285714,0.6666666666666666,0.9736842105263158,0.6153846153846154,0.5954671637658074,0.5934959349593496,0.9692982456140351,0.7265512265512265,0.02844344045778413,4,3,111,2,0.9823008849557522,0.9736842105263158,0.9779735682819384,0.5714285714285714,0.6666666666666666,0.6153846153846154,Gradient Boosting,8,8,0.5,0.5,"{'clf__learning_rate': 0.05, 'clf__max_depth': 3, 'clf__n_estimators': 200}"
0.9,0.868421052631579,0.3125,0.8333333333333334,0.9035087719298246,0.45454545454545453,0.47241733419913995,0.4117647058823529,0.9692982456140351,0.7265512265512265,0.02844344045778413,5,11,103,1,0.9903846153846154,0.9035087719298246,0.944954128440367,0.3125,0.8333333333333334,0.45454545454545453,Gradient Boosting,8,8,tuned,0.12684366016805856,"{'clf__learning_rate': 0.05, 'clf__max_depth': 3, 'clf__n_estimators': 200}"
0.9416666666666667,0.5745614035087719,0.3333333333333333,0.16666666666666666,0.9824561403508771,0.2222222222222222,0.20817020153834945,0.1954022988505747,0.9078947368421053,0.510942760942761,0.03877983375484934,1,2,112,5,0.9572649572649573,0.9824561403508771,0.9696969696969697,0.3333333333333333,0.16666666666666666,0.2222222222222222,Gradient Boosting,8,9,0.5,0.5,"{'clf__learning_rate': 0.1, 'clf__max_depth': 2, 'clf__n_estimators': 100}"
0.9416666666666667,0.6535087719298246,0.4,0.3333333333333333,0.9736842105263158,0.36363636363636365,0.3348554112644579,0.33333333333333337,0.9078947368421053,0.510942760942761,0.03877983375484934,2,3,111,4,0.9652173913043478,0.9736842105263158,0.9694323144104804,0.4,0.3333333333333333,0.36363636363636365,Gradient Boosting,8,9,tuned,0.3017785984358636,"{'clf__learning_rate': 0.1, 'clf__max_depth': 2, 'clf__n_estimators': 100}"
0.9504132231404959,0.6579710144927536,0.5,0.3333333333333333,0.9826086956521739,0.4,0.38362687289130337,0.3752151462994836,0.9202898550724637,0.417816091954023,0.03590930082941071,2,2,113,4,0.9658119658119658,0.9826086956521739,0.9741379310344828,0.5,0.3333333333333333,0.4,Gradient Boosting,9,0,0.5,0.5,"{'clf__learning_rate': 0.05, 'clf__max_depth': 2, 'clf__n_estimators': 200}"
0.9504132231404959,0.7369565217391305,0.5,0.5,0.9739130434782609,0.5,0.47391304347826085,0.4739130434782609,0.9202898550724637,0.417816091954023,0.03590930082941071,3,3,112,3,0.9739130434782609,0.9739130434782609,0.9739130434782609,0.5,0.5,0.5,Gradient Boosting,9,0,tuned,0.3147257213599161,"{'clf__learning_rate': 0.05, 'clf__max_depth': 2, 'clf__n_estimators': 200}"
0.9586776859504132,0.741304347826087,0.6,0.5,0.9826086956521739,0.5454545454545454,0.5263876499510503,0.5239968528717546,0.9608695652173913,0.7004985754985754,0.027570491292360416,3,2,113,3,0.9741379310344828,0.9826086956521739,0.9783549783549783,0.6,0.5,0.5454545454545454,Gradient Boosting,9,1,0.5,0.5,"{'clf__learning_rate': 0.05, 'clf__max_depth': 2, 'clf__n_estimators': 200}"
0.9586776859504132,0.8992753623188405,0.5555555555555556,0.8333333333333334,0.9652173913043478,0.6666666666666666,0.660688560731237,0.645577035735208,0.9608695652173913,0.7004985754985754,0.027570491292360416,5,4,111,1,0.9910714285714286,0.9652173913043478,0.9779735682819384,0.5555555555555556,0.8333333333333334,0.6666666666666666,Gradient Boosting,9,1,tuned,0.1695334862109045,"{'clf__learning_rate': 0.05, 'clf__max_depth': 2, 'clf__n_estimators': 200}"
0.9586776859504132,0.7098997493734336,0.75,0.42857142857142855,0.9912280701754386,0.5454545454545454,0.5481765267182397,0.5254901960784313,0.9824561403508771,0.7958333333333334,0.028071910282611138,3,1,113,4,0.9658119658119658,0.9912280701754386,0.9783549783549783,0.75,0.42857142857142855,0.5454545454545454,Gradient Boosting,9,2,0.5,0.5,"{'clf__learning_rate': 0.1, 'clf__max_depth': 2, 'clf__n_estimators': 100}"
0.9669421487603306,0.781328320802005,0.8,0.5714285714285714,0.9912280701754386,0.6666666666666666,0.6599801878951662,0.6497829232995658,0.9824561403508771,0.7958333333333334,0.028071910282611138,4,1,113,3,0.9741379310344828,0.9912280701754386,0.9826086956521739,0.8,0.5714285714285714,0.6666666666666666,Gradient Boosting,9,2,tuned,0.30088367836603247,"{'clf__learning_rate': 0.1, 'clf__max_depth': 2, 'clf__n_estimators': 100}"
0.9504132231404959,0.5714285714285714,1.0,0.14285714285714285,1.0,0.25,0.3683941988065036,0.23899371069182385,0.9323308270676691,0.5558817993600602,0.0410156539598788,1,0,114,6,0.95,1.0,0.9743589743589743,1.0,0.14285714285714285,0.25,Gradient Boosting,9,3,0.5,0.5,"{'clf__learning_rate': 0.05, 'clf__max_depth': 2, 'clf__n_estimators': 200}"
0.9421487603305785,0.6340852130325814,0.5,0.2857142857142857,0.9824561403508771,0.36363636363636365,0.3501784379632934,0.33568627450980393,0.9323308270676691,0.5558817993600602,0.0410156539598788,2,2,112,5,0.9572649572649573,0.9824561403508771,0.9696969696969697,0.5,0.2857142857142857,0.36363636363636365,Gradient Boosting,9,3,tuned,0.2242759957977369,"{'clf__learning_rate': 0.05, 'clf__max_depth': 2, 'clf__n_estimators': 200}"
0.9421487603305785,0.5670426065162907,0.5,0.14285714285714285,0.9912280701754386,0.2222222222222222,0.2455239449419507,0.20169651272384537,0.868421052631579,0.3888888888888889,0.04420891266673481,1,1,113,6,0.9495798319327731,0.9912280701754386,0.9699570815450643,0.5,0.14285714285714285,0.2222222222222222,Gradient Boosting,9,4,0.5,0.5,"{'clf__learning_rate': 0.05, 'clf__max_depth': 3, 'clf__n_estimators': 200}"
0.9173553719008265,0.7550125313283208,0.36363636363636365,0.5714285714285714,0.9385964912280702,0.4444444444444444,0.4141906381266716,0.40217391304347827,0.868421052631579,0.3888888888888889,0.04420891266673481,4,7,107,3,0.9727272727272728,0.9385964912280702,0.9553571428571429,0.36363636363636365,0.5714285714285714,0.4444444444444444,Gradient Boosting,9,4,tuned,0.17080533613322113,"{'clf__learning_rate': 0.05, 'clf__max_depth': 3, 'clf__n_estimators': 200}"
0.9586776859504132,0.7098997493734336,0.75,0.42857142857142855,0.9912280701754386,0.5454545454545454,0.5481765267182397,0.5254901960784313,0.9223057644110275,0.6410645867542419,0.033150728470396615,3,1,113,4,0.9658119658119658,0.9912280701754386,0.9783549783549783,0.75,0.42857142857142855,0.5454545454545454,Gradient Boosting,9,5,0.5,0.5,"{'clf__learning_rate': 0.1, 'clf__max_depth': 2, 'clf__n_estimators': 200}"
0.9586776859504132,0.7769423558897243,0.6666666666666666,0.5714285714285714,0.9824561403508771,0.6153846153846154,0.5956570390127073,0.5936870382807253,0.9223057644110275,0.6410645867542419,0.033150728470396615,4,2,112,3,0.9739130434782609,0.9824561403508771,0.9781659388646288,0.6666666666666666,0.5714285714285714,0.6153846153846154,Gradient Boosting,9,5,tuned,0.2796060365847939,"{'clf__learning_rate': 0.1, 'clf__max_depth': 2, 'clf__n_estimators': 200}"
0.9669421487603306,0.781328320802005,0.8,0.5714285714285714,0.9912280701754386,0.6666666666666666,0.6599801878951662,0.6497829232995658,0.8897243107769423,0.6650278293135437,0.03129246676967477,4,1,113,3,0.9741379310344828,0.9912280701754386,0.9826086956521739,0.8,0.5714285714285714,0.6666666666666666,Gradient Boosting,9,6,0.5,0.5,"{'clf__learning_rate': 0.05, 'clf__max_depth': 2, 'clf__n_estimators': 200}"
0.9586776859504132,0.7769423558897243,0.6666666666666666,0.5714285714285714,0.9824561403508771,0.6153846153846154,0.5956570390127073,0.5936870382807253,0.8897243107769423,0.6650278293135437,0.03129246676967477,4,2,112,3,0.9739130434782609,0.9824561403508771,0.9781659388646288,0.6666666666666666,0.5714285714285714,0.6153846153846154,Gradient Boosting,9,6,tuned,0.23602278446434533,"{'clf__learning_rate': 0.05, 'clf__max_depth': 2, 'clf__n_estimators': 200}"
0.9256198347107438,0.62531328320802,0.3333333333333333,0.2857142857142857,0.9649122807017544,0.3076923076923077,0.2695280719514513,0.2686366689053056,0.8909774436090225,0.4316137566137566,0.05185285102351136,2,4,110,5,0.9565217391304348,0.9649122807017544,0.9606986899563319,0.3333333333333333,0.2857142857142857,0.3076923076923077,Gradient Boosting,9,7,0.5,0.5,"{'clf__learning_rate': 0.05, 'clf__max_depth': 3, 'clf__n_estimators': 200}"
0.859504132231405,0.7243107769423558,0.2222222222222222,0.5714285714285714,0.8771929824561403,0.32,0.2943247040948508,0.25820411107104213,0.8909774436090225,0.4316137566137566,0.05185285102351136,4,14,100,3,0.970873786407767,0.8771929824561403,0.9216589861751152,0.2222222222222222,0.5714285714285714,0.32,Gradient Boosting,9,7,tuned,0.16793121389052884,"{'clf__learning_rate': 0.05, 'clf__max_depth': 3, 'clf__n_estimators': 200}"
0.9583333333333334,0.6622807017543859,0.6666666666666666,0.3333333333333333,0.9912280701754386,0.4444444444444444,0.45307632099523115,0.425287356321839,0.9619883040935673,0.6309523809523809,0.027819872099092837,2,1,113,4,0.9658119658119658,0.9912280701754386,0.9783549783549783,0.6666666666666666,0.3333333333333333,0.4444444444444444,Gradient Boosting,9,8,0.5,0.5,"{'clf__learning_rate': 0.1, 'clf__max_depth': 2, 'clf__n_estimators': 100}"
0.9666666666666667,0.8245614035087718,0.6666666666666666,0.6666666666666666,0.9824561403508771,0.6666666666666666,0.6491228070175439,0.6491228070175439,0.9619883040935673,0.6309523809523809,0.027819872099092837,4,2,112,2,0.9824561403508771,0.9824561403508771,0.9824561403508771,0.6666666666666666,0.6666666666666666,0.6666666666666666,Gradient Boosting,9,8,tuned,0.22709410899599713,"{'clf__learning_rate': 0.1, 'clf__max_depth': 2, 'clf__n_estimators': 100}"
0.9583333333333334,0.6622807017543859,0.6666666666666666,0.3333333333333333,0.9912280701754386,0.4444444444444444,0.45307632099523115,0.425287356321839,0.9502923976608187,0.4494949494949495,0.03816899518034614,2,1,113,4,0.9658119658119658,0.9912280701754386,0.9783549783549783,0.6666666666666666,0.3333333333333333,0.4444444444444444,Gradient Boosting,9,9,0.5,0.5,"{'clf__learning_rate': 0.05, 'clf__max_depth': 2, 'clf__n_estimators': 200}"
0.9416666666666667,0.6535087719298246,0.4,0.3333333333333333,0.9736842105263158,0.36363636363636365,0.3348554112644579,0.33333333333333337,0.9502923976608187,0.4494949494949495,0.03816899518034614,2,3,111,4,0.9652173913043478,0.9736842105263158,0.9694323144104804,0.4,0.3333333333333333,0.36363636363636365,Gradient Boosting,9,9,tuned,0.25220197155082347,"{'clf__learning_rate': 0.05, 'clf__max_depth': 2, 'clf__n_estimators': 200}"
0.9669421487603306,0.6666666666666666,1.0,0.3333333333333333,1.0,0.5,0.5675639625104965,0.4872881355932204,0.9710144927536232,0.7298192004074356,0.025652552023530006,2,0,115,4,0.9663865546218487,1.0,0.9829059829059829,1.0,0.3333333333333333,0.5,XGBoost,0,0,0.5,0.5,"{'clf__learning_rate': 0.1, 'clf__max_depth': 5}"
0.9669421487603306,0.7456521739130435,0.75,0.5,0.991304347826087,0.6,0.5965573849089534,0.5834767641996558,0.9710144927536232,0.7298192004074356,0.025652552023530006,3,1,114,3,0.9743589743589743,0.991304347826087,0.9827586206896551,0.75,0.5,0.6,XGBoost,0,0,tuned,0.2838575541973114,"{'clf__learning_rate': 0.1, 'clf__max_depth': 5}"
0.9586776859504132,0.741304347826087,0.6,0.5,0.9826086956521739,0.5454545454545454,0.5263876499510503,0.5239968528717546,0.972463768115942,0.5537037037037037,0.0308795515447855,3,2,113,3,0.9741379310344828,0.9826086956521739,0.9783549783549783,0.6,0.5,0.5454545454545454,XGBoost,0,1,0.5,0.5,"{'clf__learning_rate': 0.05, 'clf__max_depth': 3}"
0.9173553719008265,0.9565217391304348,0.375,1.0,0.9130434782608695,0.5454545454545454,0.5851421232041204,0.5101214574898786,0.972463768115942,0.5537037037037037,0.0308795515447855,6,10,105,0,1.0,0.9130434782608695,0.9545454545454546,0.375,1.0,0.5454545454545454,XGBoost,0,1,tuned,0.14439691603183746,"{'clf__learning_rate': 0.05, 'clf__max_depth': 3}"
0.9752066115702479,0.7857142857142857,1.0,0.5714285714285714,1.0,0.7272727272727273,0.7461746154731859,0.7152941176470589,0.9774436090225564,0.8430735930735931,0.02577335014939308,4,0,114,3,0.9743589743589743,1.0,0.987012987012987,1.0,0.5714285714285714,0.7272727272727273,XGBoost,0,2,0.5,0.5,"{'clf__learning_rate': 0.05, 'clf__max_depth': 5}"
0.9669421487603306,0.781328320802005,0.8,0.5714285714285714,0.9912280701754386,0.6666666666666666,0.6599801878951662,0.6497829232995658,0.9774436090225564,0.8430735930735931,0.02577335014939308,4,1,113,3,0.9741379310344828,0.9912280701754386,0.9826086956521739,0.8,0.5714285714285714,0.6666666666666666,XGBoost,0,2,tuned,0.14149290323257446,"{'clf__learning_rate': 0.05, 'clf__max_depth': 5}"
0.9586776859504132,0.7098997493734336,0.75,0.42857142857142855,0.9912280701754386,0.5454545454545454,0.5481765267182397,0.5254901960784313,0.9523809523809523,0.5644688644688645,0.039370082318782806,3,1,113,4,0.9658119658119658,0.9912280701754386,0.9783549783549783,0.75,0.42857142857142855,0.5454545454545454,XGBoost,0,3,0.5,0.5,"{'clf__learning_rate': 0.1, 'clf__max_depth': 3}"
0.9256198347107438,0.6923558897243107,0.375,0.42857142857142855,0.956140350877193,0.4,0.361453733147904,0.36054022313564293,0.9523809523809523,0.5644688644688645,0.039370082318782806,3,5,109,4,0.9646017699115044,0.956140350877193,0.960352422907489,0.375,0.42857142857142855,0.4,XGBoost,0,3,tuned,0.24600814282894135,"{'clf__learning_rate': 0.1, 'clf__max_depth': 3}"
0.9834710743801653,0.8571428571428572,1.0,0.7142857142857143,1.0,0.8333333333333334,0.837836764143084,0.8248914616497829,0.9197994987468672,0.8149253731343282,0.02346823737025261,5,0,114,2,0.9827586206896551,1.0,0.991304347826087,1.0,0.7142857142857143,0.8333333333333334,XGBoost,0,4,0.5,0.5,"{'clf__learning_rate': 0.05, 'clf__max_depth': 3}"
0.9586776859504132,0.8439849624060151,0.625,0.7142857142857143,0.9736842105263158,0.6666666666666666,0.6463781742612354,0.6447445684086905,0.9197994987468672,0.8149253731343282,0.02346823737025261,5,3,111,2,0.9823008849557522,0.9736842105263158,0.9779735682819384,0.625,0.7142857142857143,0.6666666666666666,XGBoost,0,4,tuned,0.2634297311306,"{'clf__learning_rate': 0.05, 'clf__max_depth': 3}"
0.9669421487603306,0.7142857142857143,1.0,0.42857142857142855,1.0,0.6,0.6434621850078751,0.5856164383561644,0.9799498746867168,0.8216791979949876,0.022808633744716644,3,0,114,4,0.9661016949152542,1.0,0.9827586206896551,1.0,0.42857142857142855,0.6,XGBoost,0,5,0.5,0.5,"{'clf__learning_rate': 0.05, 'clf__max_depth': 3}"
0.9752066115702479,0.8527568922305764,0.8333333333333334,0.7142857142857143,0.9912280701754386,0.7692307692307693,0.7587215225433354,0.7562122229684352,0.9799498746867168,0.8216791979949876,0.022808633744716644,5,1,113,2,0.9826086956521739,0.9912280701754386,0.9868995633187773,0.8333333333333334,0.7142857142857143,0.7692307692307693,XGBoost,0,5,tuned,0.37101033329963684,"{'clf__learning_rate': 0.05, 'clf__max_depth': 3}"
0.9586776859504132,0.7769423558897243,0.6666666666666666,0.5714285714285714,0.9824561403508771,0.6153846153846154,0.5956570390127073,0.5936870382807253,0.899749373433584,0.6189706651891524,0.038005631417036057,4,2,112,3,0.9739130434782609,0.9824561403508771,0.9781659388646288,0.6666666666666666,0.5714285714285714,0.6153846153846154,XGBoost,0,6,0.5,0.5,"{'clf__learning_rate': 0.1, 'clf__max_depth': 5}"
0.9338842975206612,0.7637844611528821,0.4444444444444444,0.5714285714285714,0.956140350877193,0.5,0.46940788889987284,0.4651933701657458,0.899749373433584,0.6189706651891524,0.038005631417036057,4,5,109,3,0.9732142857142857,0.956140350877193,0.9646017699115044,0.4444444444444444,0.5714285714285714,0.5,XGBoost,0,6,tuned,0.35998544096946716,"{'clf__learning_rate': 0.1, 'clf__max_depth': 5}"
0.9338842975206612,0.6296992481203008,0.4,0.2857142857142857,0.9736842105263158,0.3333333333333333,0.3042670353993305,0.29956584659913166,0.9385964912280702,0.5553652230122819,0.04393540322780609,2,3,111,5,0.9568965517241379,0.9736842105263158,0.9652173913043478,0.4,0.2857142857142857,0.3333333333333333,XGBoost,0,7,0.5,0.5,"{'clf__learning_rate': 0.05, 'clf__max_depth': 3}"
0.9421487603305785,0.7011278195488722,0.5,0.42857142857142855,0.9736842105263158,0.46153846153846156,0.4325925554820793,0.4311618535930154,0.9385964912280702,0.5553652230122819,0.04393540322780609,3,3,111,4,0.9652173913043478,0.9736842105263158,0.9694323144104804,0.5,0.42857142857142855,0.46153846153846156,XGBoost,0,7,tuned,0.3013935387134552,"{'clf__learning_rate': 0.05, 'clf__max_depth': 3}"
0.9583333333333334,0.5833333333333334,1.0,0.16666666666666666,1.0,0.2857142857142857,0.3995796110241594,0.2753623188405797,0.922514619883041,0.4531201369436664,0.03690710291266441,1,0,114,5,0.957983193277311,1.0,0.9785407725321889,1.0,0.16666666666666666,0.2857142857142857,XGBoost,0,8,0.5,0.5,"{'clf__learning_rate': 0.1, 'clf__max_depth': 5}"
0.9,0.7105263157894737,0.25,0.5,0.9210526315789473,0.3333333333333333,0.305887645160749,0.2857142857142857,0.922514619883041,0.4531201369436664,0.03690710291266441,3,9,105,3,0.9722222222222222,0.9210526315789473,0.9459459459459459,0.25,0.5,0.3333333333333333,XGBoost,0,8,tuned,0.1086927056312561,"{'clf__learning_rate': 0.1, 'clf__max_depth': 5}"
0.9666666666666667,0.7456140350877193,0.75,0.5,0.9912280701754386,0.6,0.596420051979227,0.5833333333333333,0.9488304093567251,0.7385026737967915,0.02514285035431385,3,1,113,3,0.9741379310344828,0.9912280701754386,0.9826086956521739,0.75,0.5,0.6,XGBoost,0,9,0.5,0.5,"{'clf__learning_rate': 0.05, 'clf__max_depth': 5}"
0.9666666666666667,0.8245614035087718,0.6666666666666666,0.6666666666666666,0.9824561403508771,0.6666666666666666,0.6491228070175439,0.6491228070175439,0.9488304093567251,0.7385026737967915,0.02514285035431385,4,2,112,2,0.9824561403508771,0.9824561403508771,0.9824561403508771,0.6666666666666666,0.6666666666666666,0.6666666666666666,XGBoost,0,9,tuned,0.22753237187862396,"{'clf__learning_rate': 0.05, 'clf__max_depth': 5}"
0.9834710743801653,0.9123188405797102,0.8333333333333334,0.8333333333333334,0.991304347826087,0.8333333333333334,0.8246376811594203,0.8246376811594203,0.989855072463768,0.8888888888888888,0.017131585627794266,5,1,114,1,0.991304347826087,0.991304347826087,0.991304347826087,0.8333333333333334,0.8333333333333334,0.8333333333333334,XGBoost,1,0,0.5,0.5,"{'clf__learning_rate': 0.1, 'clf__max_depth': 3}"
0.9586776859504132,0.8992753623188405,0.5555555555555556,0.8333333333333334,0.9652173913043478,0.6666666666666666,0.660688560731237,0.645577035735208,0.989855072463768,0.8888888888888888,0.017131585627794266,5,4,111,1,0.9910714285714286,0.9652173913043478,0.9779735682819384,0.5555555555555556,0.8333333333333334,0.6666666666666666,XGBoost,1,0,tuned,0.19688323140144348,"{'clf__learning_rate': 0.1, 'clf__max_depth': 3}"
0.9586776859504132,0.5833333333333334,1.0,0.16666666666666666,1.0,0.2857142857142857,0.39965262694272663,0.27544910179640714,0.9449275362318841,0.5075808249721293,0.035697050392627716,1,0,115,5,0.9583333333333334,1.0,0.9787234042553191,1.0,0.16666666666666666,0.2857142857142857,XGBoost,1,1,0.5,0.5,"{'clf__learning_rate': 0.1, 'clf__max_depth': 3}"
0.9256198347107438,0.644927536231884,0.2857142857142857,0.3333333333333333,0.9565217391304348,0.3076923076923077,0.2695280719514513,0.2686366689053056,0.9449275362318841,0.5075808249721293,0.035697050392627716,2,5,110,4,0.9649122807017544,0.9565217391304348,0.9606986899563319,0.2857142857142857,0.3333333333333333,0.3076923076923077,XGBoost,1,1,tuned,0.1661073863506317,"{'clf__learning_rate': 0.1, 'clf__max_depth': 3}"
0.9504132231404959,0.7725563909774436,0.5714285714285714,0.5714285714285714,0.9736842105263158,0.5714285714285714,0.5451127819548872,0.5451127819548872,0.9661654135338346,0.5647759103641457,0.03474672883749008,4,3,111,3,0.9736842105263158,0.9736842105263158,0.9736842105263158,0.5714285714285714,0.5714285714285714,0.5714285714285714,XGBoost,1,2,0.5,0.5,"{'clf__learning_rate': 0.1, 'clf__max_depth': 3}"
0.9421487603305785,0.8352130325814536,0.5,0.7142857142857143,0.956140350877193,0.5882352941176471,0.5684481362970587,0.5581637976004172,0.9661654135338346,0.5647759103641457,0.03474672883749008,5,5,109,2,0.9819819819819819,0.956140350877193,0.9688888888888889,0.5,0.7142857142857143,0.5882352941176471,XGBoost,1,2,tuned,0.15916378796100616,"{'clf__learning_rate': 0.1, 'clf__max_depth': 3}"
0.9338842975206612,0.6967418546365914,0.42857142857142855,0.42857142857142855,0.9649122807017544,0.42857142857142855,0.39348370927318294,0.393483709273183,0.9473684210526315,0.463515406162465,0.042088139802217484,3,4,110,4,0.9649122807017544,0.9649122807017544,0.9649122807017544,0.42857142857142855,0.42857142857142855,0.42857142857142855,XGBoost,1,3,0.5,0.5,"{'clf__learning_rate': 0.05, 'clf__max_depth': 3}"
0.9338842975206612,0.7637844611528821,0.4444444444444444,0.5714285714285714,0.956140350877193,0.5,0.46940788889987284,0.4651933701657458,0.9473684210526315,0.463515406162465,0.042088139802217484,4,5,109,3,0.9732142857142857,0.956140350877193,0.9646017699115044,0.4444444444444444,0.5714285714285714,0.5,XGBoost,1,3,tuned,0.3353015184402466,"{'clf__learning_rate': 0.05, 'clf__max_depth': 3}"
0.9586776859504132,0.7098997493734336,0.75,0.42857142857142855,0.9912280701754386,0.5454545454545454,0.5481765267182397,0.5254901960784313,0.9849624060150376,0.7806122448979591,0.025678573176264763,3,1,113,4,0.9658119658119658,0.9912280701754386,0.9783549783549783,0.75,0.42857142857142855,0.5454545454545454,XGBoost,1,4,0.5,0.5,"{'clf__learning_rate': 0.05, 'clf__max_depth': 3}"
0.9669421487603306,0.9154135338345865,0.6666666666666666,0.8571428571428571,0.9736842105263158,0.75,0.7392338012841227,0.7325966850828729,0.9849624060150376,0.7806122448979591,0.025678573176264763,6,3,111,1,0.9910714285714286,0.9736842105263158,0.9823008849557522,0.6666666666666666,0.8571428571428571,0.75,XGBoost,1,4,tuned,0.2194652110338211,"{'clf__learning_rate': 0.05, 'clf__max_depth': 3}"
0.9669421487603306,0.7142857142857143,1.0,0.42857142857142855,1.0,0.6,0.6434621850078751,0.5856164383561644,0.9486215538847118,0.6849149916376807,0.032680317759513855,3,0,114,4,0.9661016949152542,1.0,0.9827586206896551,1.0,0.42857142857142855,0.6,XGBoost,1,5,0.5,0.5,"{'clf__learning_rate': 0.05, 'clf__max_depth': 3}"
0.9504132231404959,0.7725563909774436,0.5714285714285714,0.5714285714285714,0.9736842105263158,0.5714285714285714,0.5451127819548872,0.5451127819548872,0.9486215538847118,0.6849149916376807,0.032680317759513855,4,3,111,3,0.9736842105263158,0.9736842105263158,0.9736842105263158,0.5714285714285714,0.5714285714285714,0.5714285714285714,XGBoost,1,5,tuned,0.24752077460289001,"{'clf__learning_rate': 0.05, 'clf__max_depth': 3}"
0.9586776859504132,0.7098997493734336,0.75,0.42857142857142855,0.9912280701754386,0.5454545454545454,0.5481765267182397,0.5254901960784313,0.9235588972431077,0.6101190476190477,0.034808382391929626,3,1,113,4,0.9658119658119658,0.9912280701754386,0.9783549783549783,0.75,0.42857142857142855,0.5454545454545454,XGBoost,1,6,0.5,0.5,"{'clf__learning_rate': 0.05, 'clf__max_depth': 3}"
0.9338842975206612,0.7637844611528821,0.4444444444444444,0.5714285714285714,0.956140350877193,0.5,0.46940788889987284,0.4651933701657458,0.9235588972431077,0.6101190476190477,0.034808382391929626,4,5,109,3,0.9732142857142857,0.956140350877193,0.9646017699115044,0.4444444444444444,0.5714285714285714,0.5,XGBoost,1,6,tuned,0.21768884360790253,"{'clf__learning_rate': 0.05, 'clf__max_depth': 3}"
0.9586776859504132,0.6428571428571428,1.0,0.2857142857142857,1.0,0.4444444444444444,0.5231725181940632,0.4297832233741753,0.9736842105263158,0.8031746031746032,0.029124891385436058,2,0,114,5,0.957983193277311,1.0,0.9785407725321889,1.0,0.2857142857142857,0.4444444444444444,XGBoost,1,7,0.5,0.5,"{'clf__learning_rate': 0.1, 'clf__max_depth': 5}"
0.9752066115702479,0.8527568922305764,0.8333333333333334,0.7142857142857143,0.9912280701754386,0.7692307692307693,0.7587215225433354,0.7562122229684352,0.9736842105263158,0.8031746031746032,0.029124891385436058,5,1,113,2,0.9826086956521739,0.9912280701754386,0.9868995633187773,0.8333333333333334,0.7142857142857143,0.7692307692307693,XGBoost,1,7,tuned,0.14321325719356537,"{'clf__learning_rate': 0.1, 'clf__max_depth': 5}"
0.9583333333333334,0.5833333333333334,1.0,0.16666666666666666,1.0,0.2857142857142857,0.3995796110241594,0.2753623188405797,0.9429824561403509,0.5973912553527158,0.03011898882687092,1,0,114,5,0.957983193277311,1.0,0.9785407725321889,1.0,0.16666666666666666,0.2857142857142857,XGBoost,1,8,0.5,0.5,"{'clf__learning_rate': 0.1, 'clf__max_depth': 5}"
0.9666666666666667,0.7456140350877193,0.75,0.5,0.9912280701754386,0.6,0.596420051979227,0.5833333333333333,0.9429824561403509,0.5973912553527158,0.03011898882687092,3,1,113,3,0.9741379310344828,0.9912280701754386,0.9826086956521739,0.75,0.5,0.6,XGBoost,1,8,tuned,0.3742734491825104,"{'clf__learning_rate': 0.1, 'clf__max_depth': 5}"
0.95,0.5789473684210527,0.5,0.16666666666666666,0.9912280701754386,0.25,0.2688064609902745,0.23076923076923084,0.8961988304093567,0.43734172803940247,0.04058556258678436,1,1,113,5,0.9576271186440678,0.9912280701754386,0.9741379310344828,0.5,0.16666666666666666,0.25,XGBoost,1,9,0.5,0.5,"{'clf__learning_rate': 0.05, 'clf__max_depth': 3}"
0.9333333333333333,0.6491228070175439,0.3333333333333333,0.3333333333333333,0.9649122807017544,0.3333333333333333,0.2982456140350877,0.29824561403508776,0.8961988304093567,0.43734172803940247,0.04058556258678436,2,4,110,4,0.9649122807017544,0.9649122807017544,0.9649122807017544,0.3333333333333333,0.3333333333333333,0.3333333333333333,XGBoost,1,9,tuned,0.12536944448947906,"{'clf__learning_rate': 0.05, 'clf__max_depth': 3}"
0.9586776859504132,0.6623188405797101,0.6666666666666666,0.3333333333333333,0.991304347826087,0.4444444444444444,0.4532333324183035,0.4254510921177588,0.9434782608695651,0.6253411306042884,0.031170554459095,2,1,114,4,0.9661016949152542,0.991304347826087,0.9785407725321889,0.6666666666666666,0.3333333333333333,0.4444444444444444,XGBoost,2,0,0.5,0.5,"{'clf__learning_rate': 0.05, 'clf__max_depth': 3}"
0.9504132231404959,0.6579710144927536,0.5,0.3333333333333333,0.9826086956521739,0.4,0.38362687289130337,0.3752151462994836,0.9434782608695651,0.6253411306042884,0.031170554459095,2,2,113,4,0.9658119658119658,0.9826086956521739,0.9741379310344828,0.5,0.3333333333333333,0.4,XGBoost,2,0,tuned,0.2641774117946625,"{'clf__learning_rate': 0.05, 'clf__max_depth': 3}"
0.9752066115702479,0.8289855072463768,0.8,0.6666666666666666,0.991304347826087,0.7272727272727273,0.7176576368702007,0.7143981117230527,0.9869565217391304,0.8541666666666666,0.019496193155646324,4,1,114,2,0.9827586206896551,0.991304347826087,0.987012987012987,0.8,0.6666666666666666,0.7272727272727273,XGBoost,2,1,0.5,0.5,"{'clf__learning_rate': 0.1, 'clf__max_depth': 3}"
0.9586776859504132,0.8202898550724638,0.5714285714285714,0.6666666666666666,0.9739130434782609,0.6153846153846154,0.5956570390127073,0.5936870382807253,0.9869565217391304,0.8541666666666666,0.019496193155646324,4,3,112,2,0.9824561403508771,0.9739130434782609,0.9781659388646288,0.5714285714285714,0.6666666666666666,0.6153846153846154,XGBoost,2,1,tuned,0.22262628376483917,"{'clf__learning_rate': 0.1, 'clf__max_depth': 3}"
0.9256198347107438,0.5582706766917294,0.25,0.14285714285714285,0.9736842105263158,0.18181818181818182,0.1521803492083471,0.14588235294117646,0.9122807017543859,0.31731205302633875,0.059681206941604614,1,3,111,6,0.9487179487179487,0.9736842105263158,0.961038961038961,0.25,0.14285714285714285,0.18181818181818182,XGBoost,2,2,0.5,0.5,"{'clf__learning_rate': 0.1, 'clf__max_depth': 3}"
0.9090909090909091,0.6165413533834586,0.25,0.2857142857142857,0.9473684210526315,0.26666666666666666,0.21899151259123825,0.21843805049911913,0.9122807017543859,0.31731205302633875,0.059681206941604614,2,6,108,5,0.9557522123893806,0.9473684210526315,0.9515418502202643,0.25,0.2857142857142857,0.26666666666666666,XGBoost,2,2,tuned,0.25786831974983215,"{'clf__learning_rate': 0.1, 'clf__max_depth': 3}"
0.9504132231404959,0.7725563909774436,0.5714285714285714,0.5714285714285714,0.9736842105263158,0.5714285714285714,0.5451127819548872,0.5451127819548872,0.9147869674185464,0.5935504971219256,0.03872987627983093,4,3,111,3,0.9736842105263158,0.9736842105263158,0.9736842105263158,0.5714285714285714,0.5714285714285714,0.5714285714285714,XGBoost,2,3,0.5,0.5,"{'clf__learning_rate': 0.1, 'clf__max_depth': 3}"
0.9421487603305785,0.768170426065163,0.5,0.5714285714285714,0.9649122807017544,0.5333333333333333,0.5039159537045698,0.5026423957721667,0.9147869674185464,0.5935504971219256,0.03872987627983093,4,4,110,3,0.9734513274336283,0.9649122807017544,0.9691629955947136,0.5,0.5714285714285714,0.5333333333333333,XGBoost,2,3,tuned,0.36859217286109924,"{'clf__learning_rate': 0.1, 'clf__max_depth': 3}"
0.9586776859504132,0.7098997493734336,0.75,0.42857142857142855,0.9912280701754386,0.5454545454545454,0.5481765267182397,0.5254901960784313,0.9862155388471179,0.8102564102564103,0.029621152207255363,3,1,113,4,0.9658119658119658,0.9912280701754386,0.9783549783549783,0.75,0.42857142857142855,0.5454545454545454,XGBoost,2,4,0.5,0.5,"{'clf__learning_rate': 0.05, 'clf__max_depth': 3}"
0.9669421487603306,0.781328320802005,0.8,0.5714285714285714,0.9912280701754386,0.6666666666666666,0.6599801878951662,0.6497829232995658,0.9862155388471179,0.8102564102564103,0.029621152207255363,4,1,113,3,0.9741379310344828,0.9912280701754386,0.9826086956521739,0.8,0.5714285714285714,0.6666666666666666,XGBoost,2,4,tuned,0.2546674609184265,"{'clf__learning_rate': 0.05, 'clf__max_depth': 3}"
0.9504132231404959,0.6384711779448622,0.6666666666666666,0.2857142857142857,0.9912280701754386,0.4,0.415804511364738,0.3784246575342466,0.8759398496240602,0.4404161664665866,0.04673342406749725,2,1,113,5,0.9576271186440678,0.9912280701754386,0.9741379310344828,0.6666666666666666,0.2857142857142857,0.4,XGBoost,2,5,0.5,0.5,"{'clf__learning_rate': 0.1, 'clf__max_depth': 3}"
0.9338842975206612,0.6296992481203008,0.4,0.2857142857142857,0.9736842105263158,0.3333333333333333,0.3042670353993305,0.29956584659913166,0.8759398496240602,0.4404161664665866,0.04673342406749725,2,3,111,5,0.9568965517241379,0.9736842105263158,0.9652173913043478,0.4,0.2857142857142857,0.3333333333333333,XGBoost,2,5,tuned,0.29861074686050415,"{'clf__learning_rate': 0.1, 'clf__max_depth': 3}"
0.9586776859504132,0.6428571428571428,1.0,0.2857142857142857,1.0,0.4444444444444444,0.5231725181940632,0.4297832233741753,0.9661654135338346,0.6278911564625851,0.03406064212322235,2,0,114,5,0.957983193277311,1.0,0.9785407725321889,1.0,0.2857142857142857,0.4444444444444444,XGBoost,2,6,0.5,0.5,"{'clf__learning_rate': 0.05, 'clf__max_depth': 5}"
0.9338842975206612,0.8978696741854637,0.46153846153846156,0.8571428571428571,0.9385964912280702,0.6,0.599913625202308,0.5674709562109026,0.9661654135338346,0.6278911564625851,0.03406064212322235,6,7,107,1,0.9907407407407407,0.9385964912280702,0.963963963963964,0.46153846153846156,0.8571428571428571,0.6,XGBoost,2,6,tuned,0.12899047136306763,"{'clf__learning_rate': 0.05, 'clf__max_depth': 5}"
0.9504132231404959,0.7055137844611529,0.6,0.42857142857142855,0.9824561403508771,0.5,0.4821236116472483,0.47467438494934877,0.9799498746867168,0.7752009894867038,0.028790056705474854,3,2,112,4,0.9655172413793104,0.9824561403508771,0.9739130434782609,0.6,0.42857142857142855,0.5,XGBoost,2,7,0.5,0.5,"{'clf__learning_rate': 0.05, 'clf__max_depth': 3}"
0.9504132231404959,0.8395989974937343,0.5555555555555556,0.7142857142857143,0.9649122807017544,0.625,0.6043208450919978,0.5988950276243094,0.9799498746867168,0.7752009894867038,0.028790056705474854,5,4,110,2,0.9821428571428571,0.9649122807017544,0.9734513274336283,0.5555555555555556,0.7142857142857143,0.625,XGBoost,2,7,tuned,0.21701623499393463,"{'clf__learning_rate': 0.05, 'clf__max_depth': 3}"
0.9666666666666667,0.6666666666666666,1.0,0.3333333333333333,1.0,0.5,0.567480306535024,0.4871794871794872,0.9576023391812865,0.6574074074074073,0.029278701171278954,2,0,114,4,0.9661016949152542,1.0,0.9827586206896551,1.0,0.3333333333333333,0.5,XGBoost,2,8,0.5,0.5,"{'clf__learning_rate': 0.05, 'clf__max_depth': 3}"
0.9416666666666667,0.8114035087719298,0.4444444444444444,0.6666666666666666,0.956140350877193,0.5333333333333333,0.515345874966055,0.5035460992907802,0.9576023391812865,0.6574074074074073,0.029278701171278954,4,5,109,2,0.9819819819819819,0.956140350877193,0.9688888888888889,0.4444444444444444,0.6666666666666666,0.5333333333333333,XGBoost,2,8,tuned,0.14645300805568695,"{'clf__learning_rate': 0.05, 'clf__max_depth': 3}"
0.9916666666666667,0.9166666666666667,1.0,0.8333333333333334,1.0,0.9090909090909091,0.9088932591463857,0.9047619047619048,0.9970760233918128,0.9583333333333334,0.011638063006103039,5,0,114,1,0.991304347826087,1.0,0.9956331877729258,1.0,0.8333333333333334,0.9090909090909091,XGBoost,2,9,0.5,0.5,"{'clf__learning_rate': 0.1, 'clf__max_depth': 3}"
0.975,0.9078947368421053,0.7142857142857143,0.8333333333333334,0.9824561403508771,0.7692307692307693,0.7586088524687684,0.7560975609756098,0.9970760233918128,0.9583333333333334,0.011638063006103039,5,2,112,1,0.9911504424778761,0.9824561403508771,0.986784140969163,0.7142857142857143,0.8333333333333334,0.7692307692307693,XGBoost,2,9,tuned,0.2956658601760864,"{'clf__learning_rate': 0.1, 'clf__max_depth': 3}"
0.9256198347107438,0.5659420289855073,0.2,0.16666666666666666,0.9652173913043478,0.18181818181818182,0.14384767611274948,0.14319433516915825,0.9260869565217391,0.2840458152958153,0.0482582151889801,1,4,111,5,0.9568965517241379,0.9652173913043478,0.961038961038961,0.2,0.16666666666666666,0.18181818181818182,XGBoost,3,0,0.5,0.5,"{'clf__learning_rate': 0.05, 'clf__max_depth': 3}"
0.9173553719008265,0.6405797101449275,0.25,0.3333333333333333,0.9478260869565217,0.2857142857142857,0.2456365388566926,0.2428035043804756,0.9260869565217391,0.2840458152958153,0.0482582151889801,2,6,109,4,0.9646017699115044,0.9478260869565217,0.956140350877193,0.25,0.3333333333333333,0.2857142857142857,XGBoost,3,0,tuned,0.24604159593582153,"{'clf__learning_rate': 0.05, 'clf__max_depth': 3}"
0.9586776859504132,0.741304347826087,0.6,0.5,0.9826086956521739,0.5454545454545454,0.5263876499510503,0.5239968528717546,0.9681159420289855,0.5169973544973545,0.03448086231946945,3,2,113,3,0.9741379310344828,0.9826086956521739,0.9783549783549783,0.6,0.5,0.5454545454545454,XGBoost,3,1,0.5,0.5,"{'clf__learning_rate': 0.1, 'clf__max_depth': 3}"
0.9504132231404959,0.8159420289855073,0.5,0.6666666666666666,0.9652173913043478,0.5714285714285714,0.5520491285645256,0.5456821026282854,0.9681159420289855,0.5169973544973545,0.03448086231946945,4,4,111,2,0.9823008849557522,0.9652173913043478,0.9736842105263158,0.5,0.6666666666666666,0.5714285714285714,XGBoost,3,1,tuned,0.30760663747787476,"{'clf__learning_rate': 0.1, 'clf__max_depth': 3}"
0.9752066115702479,0.7857142857142857,1.0,0.5714285714285714,1.0,0.7272727272727273,0.7461746154731859,0.7152941176470589,0.9862155388471178,0.8392857142857142,0.026400189846754074,4,0,114,3,0.9743589743589743,1.0,0.987012987012987,1.0,0.5714285714285714,0.7272727272727273,XGBoost,3,2,0.5,0.5,"{'clf__learning_rate': 0.05, 'clf__max_depth': 3}"
0.9669421487603306,0.781328320802005,0.8,0.5714285714285714,0.9912280701754386,0.6666666666666666,0.6599801878951662,0.6497829232995658,0.9862155388471178,0.8392857142857142,0.026400189846754074,4,1,113,3,0.9741379310344828,0.9912280701754386,0.9826086956521739,0.8,0.5714285714285714,0.6666666666666666,XGBoost,3,2,tuned,0.3033047318458557,"{'clf__learning_rate': 0.05, 'clf__max_depth': 3}"
0.9586776859504132,0.6428571428571428,1.0,0.2857142857142857,1.0,0.4444444444444444,0.5231725181940632,0.4297832233741753,0.8458646616541353,0.4268573531731426,0.04342478886246681,2,0,114,5,0.957983193277311,1.0,0.9785407725321889,1.0,0.2857142857142857,0.4444444444444444,XGBoost,3,3,0.5,0.5,"{'clf__learning_rate': 0.1, 'clf__max_depth': 3}"
0.9008264462809917,0.6121553884711779,0.2222222222222222,0.2857142857142857,0.9385964912280702,0.25,0.19958197651562287,0.1977900552486187,0.8458646616541353,0.4268573531731426,0.04342478886246681,2,7,107,5,0.9553571428571429,0.9385964912280702,0.9469026548672567,0.2222222222222222,0.2857142857142857,0.25,XGBoost,3,3,tuned,0.12377893179655075,"{'clf__learning_rate': 0.1, 'clf__max_depth': 3}"
0.9586776859504132,0.7769423558897243,0.6666666666666666,0.5714285714285714,0.9824561403508771,0.6153846153846154,0.5956570390127073,0.5936870382807253,0.9774436090225563,0.7097789115646258,0.030140196904540062,4,2,112,3,0.9739130434782609,0.9824561403508771,0.9781659388646288,0.6666666666666666,0.5714285714285714,0.6153846153846154,XGBoost,3,4,0.5,0.5,"{'clf__learning_rate': 0.1, 'clf__max_depth': 3}"
0.9586776859504132,0.7769423558897243,0.6666666666666666,0.5714285714285714,0.9824561403508771,0.6153846153846154,0.5956570390127073,0.5936870382807253,0.9774436090225563,0.7097789115646258,0.030140196904540062,4,2,112,3,0.9739130434782609,0.9824561403508771,0.9781659388646288,0.6666666666666666,0.5714285714285714,0.6153846153846154,XGBoost,3,4,tuned,0.39736688137054443,"{'clf__learning_rate': 0.1, 'clf__max_depth': 3}"
0.9504132231404959,0.6384711779448622,0.6666666666666666,0.2857142857142857,0.9912280701754386,0.4,0.415804511364738,0.3784246575342466,0.9711779448621555,0.6562881562881563,0.038178734481334686,2,1,113,5,0.9576271186440678,0.9912280701754386,0.9741379310344828,0.6666666666666666,0.2857142857142857,0.4,XGBoost,3,5,0.5,0.5,"{'clf__learning_rate': 0.05, 'clf__max_depth': 3}"
0.9421487603305785,0.7011278195488722,0.5,0.42857142857142855,0.9736842105263158,0.46153846153846156,0.4325925554820793,0.4311618535930154,0.9711779448621555,0.6562881562881563,0.038178734481334686,3,3,111,4,0.9652173913043478,0.9736842105263158,0.9694323144104804,0.5,0.42857142857142855,0.46153846153846156,XGBoost,3,5,tuned,0.22029726207256317,"{'clf__learning_rate': 0.05, 'clf__max_depth': 3}"
0.9504132231404959,0.7055137844611529,0.6,0.42857142857142855,0.9824561403508771,0.5,0.4821236116472483,0.47467438494934877,0.9197994987468672,0.5923693817703035,0.042292520403862,3,2,112,4,0.9655172413793104,0.9824561403508771,0.9739130434782609,0.6,0.42857142857142855,0.5,XGBoost,3,6,0.5,0.5,"{'clf__learning_rate': 0.1, 'clf__max_depth': 3}"
0.9256198347107438,0.6923558897243107,0.375,0.42857142857142855,0.956140350877193,0.4,0.361453733147904,0.36054022313564293,0.9197994987468672,0.5923693817703035,0.042292520403862,3,5,109,4,0.9646017699115044,0.956140350877193,0.960352422907489,0.375,0.42857142857142855,0.4,XGBoost,3,6,tuned,0.2541038691997528,"{'clf__learning_rate': 0.1, 'clf__max_depth': 3}"
0.9752066115702479,0.7857142857142857,1.0,0.5714285714285714,1.0,0.7272727272727273,0.7461746154731859,0.7152941176470589,0.9661654135338347,0.803190241613887,0.025388555601239204,4,0,114,3,0.9743589743589743,1.0,0.987012987012987,1.0,0.5714285714285714,0.7272727272727273,XGBoost,3,7,0.5,0.5,"{'clf__learning_rate': 0.1, 'clf__max_depth': 5}"
0.9586776859504132,0.7769423558897243,0.6666666666666666,0.5714285714285714,0.9824561403508771,0.6153846153846154,0.5956570390127073,0.5936870382807253,0.9661654135338347,0.803190241613887,0.025388555601239204,4,2,112,3,0.9739130434782609,0.9824561403508771,0.9781659388646288,0.6666666666666666,0.5714285714285714,0.6153846153846154,XGBoost,3,7,tuned,0.25071513652801514,"{'clf__learning_rate': 0.1, 'clf__max_depth': 5}"
0.9833333333333333,0.8333333333333333,1.0,0.6666666666666666,1.0,0.8,0.8094272134003795,0.7916666666666666,0.9839181286549707,0.892156862745098,0.0181801225990057,4,0,114,2,0.9827586206896551,1.0,0.991304347826087,1.0,0.6666666666666666,0.8,XGBoost,3,8,0.5,0.5,"{'clf__learning_rate': 0.05, 'clf__max_depth': 5}"
0.9833333333333333,0.9122807017543859,0.8333333333333334,0.8333333333333334,0.9912280701754386,0.8333333333333334,0.8245614035087719,0.8245614035087719,0.9839181286549707,0.892156862745098,0.0181801225990057,5,1,113,1,0.9912280701754386,0.9912280701754386,0.9912280701754386,0.8333333333333334,0.8333333333333334,0.8333333333333334,XGBoost,3,8,tuned,0.2961573600769043,"{'clf__learning_rate': 0.05, 'clf__max_depth': 5}"
0.9833333333333333,0.9122807017543859,0.8333333333333334,0.8333333333333334,0.9912280701754386,0.8333333333333334,0.8245614035087719,0.8245614035087719,0.9970760233918128,0.9583333333333334,0.012559587135910988,5,1,113,1,0.9912280701754386,0.9912280701754386,0.9912280701754386,0.8333333333333334,0.8333333333333334,0.8333333333333334,XGBoost,3,9,0.5,0.5,"{'clf__learning_rate': 0.1, 'clf__max_depth': 3}"
0.9833333333333333,0.9122807017543859,0.8333333333333334,0.8333333333333334,0.9912280701754386,0.8333333333333334,0.8245614035087719,0.8245614035087719,0.9970760233918128,0.9583333333333334,0.012559587135910988,5,1,113,1,0.9912280701754386,0.9912280701754386,0.9912280701754386,0.8333333333333334,0.8333333333333334,0.8333333333333334,XGBoost,3,9,tuned,0.39216700196266174,"{'clf__learning_rate': 0.1, 'clf__max_depth': 3}"
0.9504132231404959,0.6579710144927536,0.5,0.3333333333333333,0.9826086956521739,0.4,0.38362687289130337,0.3752151462994836,0.9434782608695652,0.5523809523809523,0.03498318791389465,2,2,113,4,0.9658119658119658,0.9826086956521739,0.9741379310344828,0.5,0.3333333333333333,0.4,XGBoost,4,0,0.5,0.5,"{'clf__learning_rate': 0.1, 'clf__max_depth': 5}"
0.9504132231404959,0.6579710144927536,0.5,0.3333333333333333,0.9826086956521739,0.4,0.38362687289130337,0.3752151462994836,0.9434782608695652,0.5523809523809523,0.03498318791389465,2,2,113,4,0.9658119658119658,0.9826086956521739,0.9741379310344828,0.5,0.3333333333333333,0.4,XGBoost,4,0,tuned,0.41419899463653564,"{'clf__learning_rate': 0.1, 'clf__max_depth': 5}"
0.9834710743801653,0.9123188405797102,0.8333333333333334,0.8333333333333334,0.991304347826087,0.8333333333333334,0.8246376811594203,0.8246376811594203,0.9753623188405798,0.7805555555555556,0.02133231610059738,5,1,114,1,0.991304347826087,0.991304347826087,0.991304347826087,0.8333333333333334,0.8333333333333334,0.8333333333333334,XGBoost,4,1,0.5,0.5,"{'clf__learning_rate': 0.05, 'clf__max_depth': 3}"
0.9586776859504132,0.8992753623188405,0.5555555555555556,0.8333333333333334,0.9652173913043478,0.6666666666666666,0.660688560731237,0.645577035735208,0.9753623188405798,0.7805555555555556,0.02133231610059738,5,4,111,1,0.9910714285714286,0.9652173913043478,0.9779735682819384,0.5555555555555556,0.8333333333333334,0.6666666666666666,XGBoost,4,1,tuned,0.245351180434227,"{'clf__learning_rate': 0.05, 'clf__max_depth': 3}"
0.9504132231404959,0.7055137844611529,0.6,0.42857142857142855,0.9824561403508771,0.5,0.4821236116472483,0.47467438494934877,0.981203007518797,0.6321428571428571,0.0366254560649395,3,2,112,4,0.9655172413793104,0.9824561403508771,0.9739130434782609,0.6,0.42857142857142855,0.5,XGBoost,4,2,0.5,0.5,"{'clf__learning_rate': 0.05, 'clf__max_depth': 3}"
0.9504132231404959,0.7055137844611529,0.6,0.42857142857142855,0.9824561403508771,0.5,0.4821236116472483,0.47467438494934877,0.981203007518797,0.6321428571428571,0.0366254560649395,3,2,112,4,0.9655172413793104,0.9824561403508771,0.9739130434782609,0.6,0.42857142857142855,0.5,XGBoost,4,2,tuned,0.31139954924583435,"{'clf__learning_rate': 0.05, 'clf__max_depth': 3}"
0.9669421487603306,0.781328320802005,0.8,0.5714285714285714,0.9912280701754386,0.6666666666666666,0.6599801878951662,0.6497829232995658,0.9611528822055138,0.778095238095238,0.029495447874069214,4,1,113,3,0.9741379310344828,0.9912280701754386,0.9826086956521739,0.8,0.5714285714285714,0.6666666666666666,XGBoost,4,3,0.5,0.5,"{'clf__learning_rate': 0.05, 'clf__max_depth': 3}"
0.9504132231404959,0.8395989974937343,0.5555555555555556,0.7142857142857143,0.9649122807017544,0.625,0.6043208450919978,0.5988950276243094,0.9611528822055138,0.778095238095238,0.029495447874069214,5,4,110,2,0.9821428571428571,0.9649122807017544,0.9734513274336283,0.5555555555555556,0.7142857142857143,0.625,XGBoost,4,3,tuned,0.3304387032985687,"{'clf__learning_rate': 0.05, 'clf__max_depth': 3}"
0.9586776859504132,0.7098997493734336,0.75,0.42857142857142855,0.9912280701754386,0.5454545454545454,0.5481765267182397,0.5254901960784313,0.9022556390977443,0.6035982814178302,0.035460032522678375,3,1,113,4,0.9658119658119658,0.9912280701754386,0.9783549783549783,0.75,0.42857142857142855,0.5454545454545454,XGBoost,4,4,0.5,0.5,"{'clf__learning_rate': 0.05, 'clf__max_depth': 3}"
0.9338842975206612,0.6967418546365914,0.42857142857142855,0.42857142857142855,0.9649122807017544,0.42857142857142855,0.39348370927318294,0.393483709273183,0.9022556390977443,0.6035982814178302,0.035460032522678375,3,4,110,4,0.9649122807017544,0.9649122807017544,0.9649122807017544,0.42857142857142855,0.42857142857142855,0.42857142857142855,XGBoost,4,4,tuned,0.15542544424533844,"{'clf__learning_rate': 0.05, 'clf__max_depth': 3}"
0.9504132231404959,0.5714285714285714,1.0,0.14285714285714285,1.0,0.25,0.3683941988065036,0.23899371069182385,0.8947368421052632,0.4916454081632653,0.042950309813022614,1,0,114,6,0.95,1.0,0.9743589743589743,1.0,0.14285714285714285,0.25,XGBoost,4,5,0.5,0.5,"{'clf__learning_rate': 0.05, 'clf__max_depth': 5}"
0.9504132231404959,0.7055137844611529,0.6,0.42857142857142855,0.9824561403508771,0.5,0.4821236116472483,0.47467438494934877,0.8947368421052632,0.4916454081632653,0.042950309813022614,3,2,112,4,0.9655172413793104,0.9824561403508771,0.9739130434782609,0.6,0.42857142857142855,0.5,XGBoost,4,5,tuned,0.12439435720443726,"{'clf__learning_rate': 0.05, 'clf__max_depth': 5}"
0.9504132231404959,0.7055137844611529,0.6,0.42857142857142855,0.9824561403508771,0.5,0.4821236116472483,0.47467438494934877,0.9285714285714286,0.6119169406893192,0.03743663802742958,3,2,112,4,0.9655172413793104,0.9824561403508771,0.9739130434782609,0.6,0.42857142857142855,0.5,XGBoost,4,6,0.5,0.5,"{'clf__learning_rate': 0.1, 'clf__max_depth': 3}"
0.9504132231404959,0.7055137844611529,0.6,0.42857142857142855,0.9824561403508771,0.5,0.4821236116472483,0.47467438494934877,0.9285714285714286,0.6119169406893192,0.03743663802742958,3,2,112,4,0.9655172413793104,0.9824561403508771,0.9739130434782609,0.6,0.42857142857142855,0.5,XGBoost,4,6,tuned,0.23935511708259583,"{'clf__learning_rate': 0.1, 'clf__max_depth': 3}"
0.9504132231404959,0.7055137844611529,0.6,0.42857142857142855,0.9824561403508771,0.5,0.4821236116472483,0.47467438494934877,0.9824561403508771,0.754004329004329,0.033295776695013046,3,2,112,4,0.9655172413793104,0.9824561403508771,0.9739130434782609,0.6,0.42857142857142855,0.5,XGBoost,4,7,0.5,0.5,"{'clf__learning_rate': 0.1, 'clf__max_depth': 5}"
0.9586776859504132,0.7769423558897243,0.6666666666666666,0.5714285714285714,0.9824561403508771,0.6153846153846154,0.5956570390127073,0.5936870382807253,0.9824561403508771,0.754004329004329,0.033295776695013046,4,2,112,3,0.9739130434782609,0.9824561403508771,0.9781659388646288,0.6666666666666666,0.5714285714285714,0.6153846153846154,XGBoost,4,7,tuned,0.325778067111969,"{'clf__learning_rate': 0.1, 'clf__max_depth': 5}"
0.95,0.5789473684210527,0.5,0.16666666666666666,0.9912280701754386,0.25,0.2688064609902745,0.23076923076923084,0.9502923976608187,0.5465277777777777,0.03627260774374008,1,1,113,5,0.9576271186440678,0.9912280701754386,0.9741379310344828,0.5,0.16666666666666666,0.25,XGBoost,4,8,0.5,0.5,"{'clf__learning_rate': 0.1, 'clf__max_depth': 5}"
0.95,0.736842105263158,0.5,0.5,0.9736842105263158,0.5,0.47368421052631576,0.4736842105263158,0.9502923976608187,0.5465277777777777,0.03627260774374008,3,3,111,3,0.9736842105263158,0.9736842105263158,0.9736842105263158,0.5,0.5,0.5,XGBoost,4,8,tuned,0.22088393568992615,"{'clf__learning_rate': 0.1, 'clf__max_depth': 5}"
0.95,0.6578947368421052,0.5,0.3333333333333333,0.9824561403508771,0.4,0.3834128905580745,0.375,0.956140350877193,0.5904401154401154,0.03316167742013931,2,2,112,4,0.9655172413793104,0.9824561403508771,0.9739130434782609,0.5,0.3333333333333333,0.4,XGBoost,4,9,0.5,0.5,"{'clf__learning_rate': 0.05, 'clf__max_depth': 3}"
0.9583333333333334,0.7412280701754386,0.6,0.5,0.9824561403508771,0.5454545454545454,0.5262013605584338,0.5238095238095238,0.956140350877193,0.5904401154401154,0.03316167742013931,3,2,112,3,0.9739130434782609,0.9824561403508771,0.9781659388646288,0.6,0.5,0.5454545454545454,XGBoost,4,9,tuned,0.3277279734611511,"{'clf__learning_rate': 0.05, 'clf__max_depth': 3}"
0.9586776859504132,0.5833333333333334,1.0,0.16666666666666666,1.0,0.2857142857142857,0.39965262694272663,0.27544910179640714,0.981159420289855,0.7777777777777777,0.02610231190919876,1,0,115,5,0.9583333333333334,1.0,0.9787234042553191,1.0,0.16666666666666666,0.2857142857142857,XGBoost,5,0,0.5,0.5,"{'clf__learning_rate': 0.1, 'clf__max_depth': 5}"
0.9752066115702479,0.75,1.0,0.5,1.0,0.6666666666666666,0.6980602664478336,0.6552706552706553,0.981159420289855,0.7777777777777777,0.02610231190919876,3,0,115,3,0.9745762711864406,1.0,0.9871244635193133,1.0,0.5,0.6666666666666666,XGBoost,5,0,tuned,0.2913781404495239,"{'clf__learning_rate': 0.1, 'clf__max_depth': 5}"
0.9752066115702479,0.8289855072463768,0.8,0.6666666666666666,0.991304347826087,0.7272727272727273,0.7176576368702007,0.7143981117230527,0.9405797101449275,0.621078431372549,0.02555513009428978,4,1,114,2,0.9827586206896551,0.991304347826087,0.987012987012987,0.8,0.6666666666666666,0.7272727272727273,XGBoost,5,1,0.5,0.5,"{'clf__learning_rate': 0.05, 'clf__max_depth': 3}"
0.9669421487603306,0.8246376811594203,0.6666666666666666,0.6666666666666666,0.9826086956521739,0.6666666666666666,0.6492753623188405,0.6492753623188405,0.9405797101449275,0.621078431372549,0.02555513009428978,4,2,113,2,0.9826086956521739,0.9826086956521739,0.9826086956521739,0.6666666666666666,0.6666666666666666,0.6666666666666666,XGBoost,5,1,tuned,0.2739872336387634,"{'clf__learning_rate': 0.05, 'clf__max_depth': 3}"
0.9669421487603306,0.7142857142857143,1.0,0.42857142857142855,1.0,0.6,0.6434621850078751,0.5856164383561644,0.9624060150375939,0.7209631220909416,0.02845374494791031,3,0,114,4,0.9661016949152542,1.0,0.9827586206896551,1.0,0.42857142857142855,0.6,XGBoost,5,2,0.5,0.5,"{'clf__learning_rate': 0.05, 'clf__max_depth': 5}"
0.9586776859504132,0.7769423558897243,0.6666666666666666,0.5714285714285714,0.9824561403508771,0.6153846153846154,0.5956570390127073,0.5936870382807253,0.9624060150375939,0.7209631220909416,0.02845374494791031,4,2,112,3,0.9739130434782609,0.9824561403508771,0.9781659388646288,0.6666666666666666,0.5714285714285714,0.6153846153846154,XGBoost,5,2,tuned,0.22479642927646637,"{'clf__learning_rate': 0.05, 'clf__max_depth': 5}"
0.9586776859504132,0.6428571428571428,1.0,0.2857142857142857,1.0,0.4444444444444444,0.5231725181940632,0.4297832233741753,0.8508771929824561,0.5307977736549165,0.03983921557664871,2,0,114,5,0.957983193277311,1.0,0.9785407725321889,1.0,0.2857142857142857,0.4444444444444444,XGBoost,5,3,0.5,0.5,"{'clf__learning_rate': 0.05, 'clf__max_depth': 5}"
0.9421487603305785,0.6340852130325814,0.5,0.2857142857142857,0.9824561403508771,0.36363636363636365,0.3501784379632934,0.33568627450980393,0.8508771929824561,0.5307977736549165,0.03983921557664871,2,2,112,5,0.9572649572649573,0.9824561403508771,0.9696969696969697,0.5,0.2857142857142857,0.36363636363636365,XGBoost,5,3,tuned,0.2583269476890564,"{'clf__learning_rate': 0.05, 'clf__max_depth': 5}"
0.9669421487603306,0.781328320802005,0.8,0.5714285714285714,0.9912280701754386,0.6666666666666666,0.6599801878951662,0.6497829232995658,0.9837092731829574,0.8075353218210362,0.02488490380346775,4,1,113,3,0.9741379310344828,0.9912280701754386,0.9826086956521739,0.8,0.5714285714285714,0.6666666666666666,XGBoost,5,4,0.5,0.5,"{'clf__learning_rate': 0.05, 'clf__max_depth': 3}"
0.9586776859504132,0.8439849624060151,0.625,0.7142857142857143,0.9736842105263158,0.6666666666666666,0.6463781742612354,0.6447445684086905,0.9837092731829574,0.8075353218210362,0.02488490380346775,5,3,111,2,0.9823008849557522,0.9736842105263158,0.9779735682819384,0.625,0.7142857142857143,0.6666666666666666,XGBoost,5,4,tuned,0.2548702359199524,"{'clf__learning_rate': 0.05, 'clf__max_depth': 3}"
0.9421487603305785,0.7011278195488722,0.5,0.42857142857142855,0.9736842105263158,0.46153846153846156,0.4325925554820793,0.4311618535930154,0.9536340852130326,0.6024531024531024,0.04251432418823242,3,3,111,4,0.9652173913043478,0.9736842105263158,0.9694323144104804,0.5,0.42857142857142855,0.46153846153846156,XGBoost,5,5,0.5,0.5,"{'clf__learning_rate': 0.05, 'clf__max_depth': 3}"
0.9256198347107438,0.6923558897243107,0.375,0.42857142857142855,0.956140350877193,0.4,0.361453733147904,0.36054022313564293,0.9536340852130326,0.6024531024531024,0.04251432418823242,3,5,109,4,0.9646017699115044,0.956140350877193,0.960352422907489,0.375,0.42857142857142855,0.4,XGBoost,5,5,tuned,0.28138992190361023,"{'clf__learning_rate': 0.05, 'clf__max_depth': 3}"
0.9586776859504132,0.7769423558897243,0.6666666666666666,0.5714285714285714,0.9824561403508771,0.6153846153846154,0.5956570390127073,0.5936870382807253,0.9711779448621554,0.6087301587301587,0.03331651911139488,4,2,112,3,0.9739130434782609,0.9824561403508771,0.9781659388646288,0.6666666666666666,0.5714285714285714,0.6153846153846154,XGBoost,5,6,0.5,0.5,"{'clf__learning_rate': 0.05, 'clf__max_depth': 5}"
0.9173553719008265,0.8890977443609023,0.4,0.8571428571428571,0.9210526315789473,0.5454545454545454,0.5513045697379877,0.5065252854812398,0.9711779448621554,0.6087301587301587,0.03331651911139488,6,9,105,1,0.9905660377358491,0.9210526315789473,0.9545454545454546,0.4,0.8571428571428571,0.5454545454545454,XGBoost,5,6,tuned,0.09166616201400757,"{'clf__learning_rate': 0.05, 'clf__max_depth': 5}"
0.9504132231404959,0.6384711779448622,0.6666666666666666,0.2857142857142857,0.9912280701754386,0.4,0.415804511364738,0.3784246575342466,0.9636591478696741,0.620497557997558,0.03663649410009384,2,1,113,5,0.9576271186440678,0.9912280701754386,0.9741379310344828,0.6666666666666666,0.2857142857142857,0.4,XGBoost,5,7,0.5,0.5,"{'clf__learning_rate': 0.05, 'clf__max_depth': 3}"
0.9421487603305785,0.8352130325814536,0.5,0.7142857142857143,0.956140350877193,0.5882352941176471,0.5684481362970587,0.5581637976004172,0.9636591478696741,0.620497557997558,0.03663649410009384,5,5,109,2,0.9819819819819819,0.956140350877193,0.9688888888888889,0.5,0.7142857142857143,0.5882352941176471,XGBoost,5,7,tuned,0.15583175420761108,"{'clf__learning_rate': 0.05, 'clf__max_depth': 3}"
0.975,0.75,1.0,0.5,1.0,0.6666666666666666,0.6979824404521128,0.6551724137931034,0.9678362573099415,0.7021978021978021,0.027044204995036125,3,0,114,3,0.9743589743589743,1.0,0.987012987012987,1.0,0.5,0.6666666666666666,XGBoost,5,8,0.5,0.5,"{'clf__learning_rate': 0.1, 'clf__max_depth': 3}"
0.925,0.7236842105263157,0.3333333333333333,0.5,0.9473684210526315,0.4,0.3701780228629409,0.36170212765957455,0.9678362573099415,0.7021978021978021,0.027044204995036125,3,6,108,3,0.972972972972973,0.9473684210526315,0.96,0.3333333333333333,0.5,0.4,XGBoost,5,8,tuned,0.13419805467128754,"{'clf__learning_rate': 0.1, 'clf__max_depth': 3}"
0.9416666666666667,0.6535087719298246,0.4,0.3333333333333333,0.9736842105263158,0.36363636363636365,0.3348554112644579,0.33333333333333337,0.9269005847953217,0.5520833333333334,0.036754801869392395,2,3,111,4,0.9652173913043478,0.9736842105263158,0.9694323144104804,0.4,0.3333333333333333,0.36363636363636365,XGBoost,5,9,0.5,0.5,"{'clf__learning_rate': 0.05, 'clf__max_depth': 3}"
0.9166666666666666,0.7982456140350878,0.3333333333333333,0.6666666666666666,0.9298245614035088,0.4444444444444444,0.4333408306443945,0.40476190476190477,0.9269005847953217,0.5520833333333334,0.036754801869392395,4,8,106,2,0.9814814814814815,0.9298245614035088,0.954954954954955,0.3333333333333333,0.6666666666666666,0.4444444444444444,XGBoost,5,9,tuned,0.2070956826210022,"{'clf__learning_rate': 0.05, 'clf__max_depth': 3}"
0.9586776859504132,0.6623188405797101,0.6666666666666666,0.3333333333333333,0.991304347826087,0.4444444444444444,0.4532333324183035,0.4254510921177588,0.9521739130434782,0.5057798481711525,0.03435883671045303,2,1,114,4,0.9661016949152542,0.991304347826087,0.9785407725321889,0.6666666666666666,0.3333333333333333,0.4444444444444444,XGBoost,6,0,0.5,0.5,"{'clf__learning_rate': 0.05, 'clf__max_depth': 5}"
0.9421487603305785,0.8115942028985508,0.4444444444444444,0.6666666666666666,0.9565217391304348,0.5333333333333333,0.5156008731659382,0.5038078500292911,0.9521739130434782,0.5057798481711525,0.03435883671045303,4,5,110,2,0.9821428571428571,0.9565217391304348,0.9691629955947136,0.4444444444444444,0.6666666666666666,0.5333333333333333,XGBoost,6,0,tuned,0.29097768664360046,"{'clf__learning_rate': 0.05, 'clf__max_depth': 5}"
0.9586776859504132,0.6623188405797101,0.6666666666666666,0.3333333333333333,0.991304347826087,0.4444444444444444,0.4532333324183035,0.4254510921177588,0.9463768115942028,0.547008547008547,0.03525065630674362,2,1,114,4,0.9661016949152542,0.991304347826087,0.9785407725321889,0.6666666666666666,0.3333333333333333,0.4444444444444444,XGBoost,6,1,0.5,0.5,"{'clf__learning_rate': 0.1, 'clf__max_depth': 3}"
0.9338842975206612,0.7282608695652174,0.375,0.5,0.9565217391304348,0.42857142857142855,0.3988428337106091,0.39424280350438057,0.9463768115942028,0.547008547008547,0.03525065630674362,3,5,110,3,0.9734513274336283,0.9565217391304348,0.9649122807017544,0.375,0.5,0.42857142857142855,XGBoost,6,1,tuned,0.25361523032188416,"{'clf__learning_rate': 0.1, 'clf__max_depth': 3}"
0.9504132231404959,0.6384711779448622,0.6666666666666666,0.2857142857142857,0.9912280701754386,0.4,0.415804511364738,0.3784246575342466,0.93734335839599,0.4511494252873563,0.046173013746738434,2,1,113,5,0.9576271186440678,0.9912280701754386,0.9741379310344828,0.6666666666666666,0.2857142857142857,0.4,XGBoost,6,2,0.5,0.5,"{'clf__learning_rate': 0.05, 'clf__max_depth': 3}"
0.9421487603305785,0.6340852130325814,0.5,0.2857142857142857,0.9824561403508771,0.36363636363636365,0.3501784379632934,0.33568627450980393,0.93734335839599,0.4511494252873563,0.046173013746738434,2,2,112,5,0.9572649572649573,0.9824561403508771,0.9696969696969697,0.5,0.2857142857142857,0.36363636363636365,XGBoost,6,2,tuned,0.22694222629070282,"{'clf__learning_rate': 0.05, 'clf__max_depth': 3}"
0.9504132231404959,0.7055137844611529,0.6,0.42857142857142855,0.9824561403508771,0.5,0.4821236116472483,0.47467438494934877,0.8809523809523809,0.5699819429396894,0.03932692110538483,3,2,112,4,0.9655172413793104,0.9824561403508771,0.9739130434782609,0.6,0.42857142857142855,0.5,XGBoost,6,3,0.5,0.5,"{'clf__learning_rate': 0.05, 'clf__max_depth': 3}"
0.9421487603305785,0.768170426065163,0.5,0.5714285714285714,0.9649122807017544,0.5333333333333333,0.5039159537045698,0.5026423957721667,0.8809523809523809,0.5699819429396894,0.03932692110538483,4,4,110,3,0.9734513274336283,0.9649122807017544,0.9691629955947136,0.5,0.5714285714285714,0.5333333333333333,XGBoost,6,3,tuned,0.22462408244609833,"{'clf__learning_rate': 0.05, 'clf__max_depth': 3}"
0.9586776859504132,0.7098997493734336,0.75,0.42857142857142855,0.9912280701754386,0.5454545454545454,0.5481765267182397,0.5254901960784313,0.9611528822055139,0.7066457352171638,0.03136910870671272,3,1,113,4,0.9658119658119658,0.9912280701754386,0.9783549783549783,0.75,0.42857142857142855,0.5454545454545454,XGBoost,6,4,0.5,0.5,"{'clf__learning_rate': 0.05, 'clf__max_depth': 5}"
0.9669421487603306,0.781328320802005,0.8,0.5714285714285714,0.9912280701754386,0.6666666666666666,0.6599801878951662,0.6497829232995658,0.9611528822055139,0.7066457352171638,0.03136910870671272,4,1,113,3,0.9741379310344828,0.9912280701754386,0.9826086956521739,0.8,0.5714285714285714,0.6666666666666666,XGBoost,6,4,tuned,0.2854510545730591,"{'clf__learning_rate': 0.05, 'clf__max_depth': 5}"
0.9504132231404959,0.7055137844611529,0.6,0.42857142857142855,0.9824561403508771,0.5,0.4821236116472483,0.47467438494934877,0.9373433583959899,0.6616161616161615,0.032487381249666214,3,2,112,4,0.9655172413793104,0.9824561403508771,0.9739130434782609,0.6,0.42857142857142855,0.5,XGBoost,6,5,0.5,0.5,"{'clf__learning_rate': 0.05, 'clf__max_depth': 5}"
0.9421487603305785,0.9022556390977443,0.5,0.8571428571428571,0.9473684210526315,0.631578947368421,0.6283906441721637,0.6025340215861098,0.9373433583959899,0.6616161616161615,0.032487381249666214,6,6,108,1,0.9908256880733946,0.9473684210526315,0.968609865470852,0.5,0.8571428571428571,0.631578947368421,XGBoost,6,5,tuned,0.2314571738243103,"{'clf__learning_rate': 0.05, 'clf__max_depth': 5}"
0.9586776859504132,0.6428571428571428,1.0,0.2857142857142857,1.0,0.4444444444444444,0.5231725181940632,0.4297832233741753,0.9360902255639098,0.5725762527233116,0.03756215050816536,2,0,114,5,0.957983193277311,1.0,0.9785407725321889,1.0,0.2857142857142857,0.4444444444444444,XGBoost,6,6,0.5,0.5,"{'clf__learning_rate': 0.05, 'clf__max_depth': 3}"
0.9586776859504132,0.6428571428571428,1.0,0.2857142857142857,1.0,0.4444444444444444,0.5231725181940632,0.4297832233741753,0.9360902255639098,0.5725762527233116,0.03756215050816536,2,0,114,5,0.957983193277311,1.0,0.9785407725321889,1.0,0.2857142857142857,0.4444444444444444,XGBoost,6,6,tuned,0.38629987835884094,"{'clf__learning_rate': 0.05, 'clf__max_depth': 3}"
0.9669421487603306,0.7142857142857143,1.0,0.42857142857142855,1.0,0.6,0.6434621850078751,0.5856164383561644,0.9799498746867168,0.7742019884877027,0.027318334206938744,3,0,114,4,0.9661016949152542,1.0,0.9827586206896551,1.0,0.42857142857142855,0.6,XGBoost,6,7,0.5,0.5,"{'clf__learning_rate': 0.05, 'clf__max_depth': 3}"
0.9421487603305785,0.8352130325814536,0.5,0.7142857142857143,0.956140350877193,0.5882352941176471,0.5684481362970587,0.5581637976004172,0.9799498746867168,0.7742019884877027,0.027318334206938744,5,5,109,2,0.9819819819819819,0.956140350877193,0.9688888888888889,0.5,0.7142857142857143,0.5882352941176471,XGBoost,6,7,tuned,0.18130837380886078,"{'clf__learning_rate': 0.05, 'clf__max_depth': 3}"
0.9666666666666667,0.7456140350877193,0.75,0.5,0.9912280701754386,0.6,0.596420051979227,0.5833333333333333,0.9736842105263158,0.7267547267547267,0.0290444977581501,3,1,113,3,0.9741379310344828,0.9912280701754386,0.9826086956521739,0.75,0.5,0.6,XGBoost,6,8,0.5,0.5,"{'clf__learning_rate': 0.1, 'clf__max_depth': 3}"
0.95,0.736842105263158,0.5,0.5,0.9736842105263158,0.5,0.47368421052631576,0.4736842105263158,0.9736842105263158,0.7267547267547267,0.0290444977581501,3,3,111,3,0.9736842105263158,0.9736842105263158,0.9736842105263158,0.5,0.5,0.5,XGBoost,6,8,tuned,0.26560166478157043,"{'clf__learning_rate': 0.1, 'clf__max_depth': 3}"
0.9833333333333333,0.8333333333333333,1.0,0.6666666666666666,1.0,0.8,0.8094272134003795,0.7916666666666666,0.9868421052631579,0.8501683501683501,0.0163473691791296,4,0,114,2,0.9827586206896551,1.0,0.991304347826087,1.0,0.6666666666666666,0.8,XGBoost,6,9,0.5,0.5,"{'clf__learning_rate': 0.05, 'clf__max_depth': 5}"
0.9583333333333334,0.8991228070175439,0.5555555555555556,0.8333333333333334,0.9649122807017544,0.6666666666666666,0.6605137270691691,0.6453900709219859,0.9868421052631579,0.8501683501683501,0.0163473691791296,5,4,110,1,0.990990990990991,0.9649122807017544,0.9777777777777777,0.5555555555555556,0.8333333333333334,0.6666666666666666,XGBoost,6,9,tuned,0.20335893332958221,"{'clf__learning_rate': 0.05, 'clf__max_depth': 5}"
0.9669421487603306,0.7456521739130435,0.75,0.5,0.991304347826087,0.6,0.5965573849089534,0.5834767641996558,0.9797101449275362,0.7708333333333334,0.02691163495182991,3,1,114,3,0.9743589743589743,0.991304347826087,0.9827586206896551,0.75,0.5,0.6,XGBoost,7,0,0.5,0.5,"{'clf__learning_rate': 0.05, 'clf__max_depth': 5}"
0.9504132231404959,0.7369565217391305,0.5,0.5,0.9739130434782609,0.5,0.47391304347826085,0.4739130434782609,0.9797101449275362,0.7708333333333334,0.02691163495182991,3,3,112,3,0.9739130434782609,0.9739130434782609,0.9739130434782609,0.5,0.5,0.5,XGBoost,7,0,tuned,0.2869293689727783,"{'clf__learning_rate': 0.05, 'clf__max_depth': 5}"
0.9504132231404959,0.7369565217391305,0.5,0.5,0.9739130434782609,0.5,0.47391304347826085,0.4739130434782609,0.9478260869565218,0.47225193107546043,0.03711460903286934,3,3,112,3,0.9739130434782609,0.9739130434782609,0.9739130434782609,0.5,0.5,0.5,XGBoost,7,1,0.5,0.5,"{'clf__learning_rate': 0.05, 'clf__max_depth': 5}"
0.9338842975206612,0.8072463768115942,0.4,0.6666666666666666,0.9478260869565217,0.5,0.4844844269350164,0.46696035242290757,0.9478260869565218,0.47225193107546043,0.03711460903286934,4,6,109,2,0.9819819819819819,0.9478260869565217,0.9646017699115044,0.4,0.6666666666666666,0.5,XGBoost,7,1,tuned,0.15381959080696106,"{'clf__learning_rate': 0.05, 'clf__max_depth': 5}"
0.9834710743801653,0.8571428571428572,1.0,0.7142857142857143,1.0,0.8333333333333334,0.837836764143084,0.8248914616497829,0.9962406015037594,0.947845804988662,0.017285175621509552,5,0,114,2,0.9827586206896551,1.0,0.991304347826087,1.0,0.7142857142857143,0.8333333333333334,XGBoost,7,2,0.5,0.5,"{'clf__learning_rate': 0.05, 'clf__max_depth': 5}"
0.9504132231404959,0.9736842105263157,0.5384615384615384,1.0,0.9473684210526315,0.7,0.7142278750440075,0.675603217158177,0.9962406015037594,0.947845804988662,0.017285175621509552,7,6,108,0,1.0,0.9473684210526315,0.972972972972973,0.5384615384615384,1.0,0.7,XGBoost,7,2,tuned,0.15576714277267456,"{'clf__learning_rate': 0.05, 'clf__max_depth': 5}"
0.9834710743801653,0.8571428571428572,1.0,0.7142857142857143,1.0,0.8333333333333334,0.837836764143084,0.8248914616497829,1.0,1.0,0.009526390582323074,5,0,114,2,0.9827586206896551,1.0,0.991304347826087,1.0,0.7142857142857143,0.8333333333333334,XGBoost,7,3,0.5,0.5,"{'clf__learning_rate': 0.05, 'clf__max_depth': 3}"
0.9256198347107438,0.9605263157894737,0.4375,1.0,0.9210526315789473,0.6086956521739131,0.6347917188462602,0.574443141852286,1.0,1.0,0.009526390582323074,7,9,105,0,1.0,0.9210526315789473,0.958904109589041,0.4375,1.0,0.6086956521739131,XGBoost,7,3,tuned,0.0900426059961319,"{'clf__learning_rate': 0.05, 'clf__max_depth': 3}"
0.9586776859504132,0.7098997493734336,0.75,0.42857142857142855,0.9912280701754386,0.5454545454545454,0.5481765267182397,0.5254901960784313,0.9072681704260652,0.615658814797453,0.03682558611035347,3,1,113,4,0.9658119658119658,0.9912280701754386,0.9783549783549783,0.75,0.42857142857142855,0.5454545454545454,XGBoost,7,4,0.5,0.5,"{'clf__learning_rate': 0.05, 'clf__max_depth': 3}"
0.9173553719008265,0.7550125313283208,0.36363636363636365,0.5714285714285714,0.9385964912280702,0.4444444444444444,0.4141906381266716,0.40217391304347827,0.9072681704260652,0.615658814797453,0.03682558611035347,4,7,107,3,0.9727272727272728,0.9385964912280702,0.9553571428571429,0.36363636363636365,0.5714285714285714,0.4444444444444444,XGBoost,7,4,tuned,0.12614084780216217,"{'clf__learning_rate': 0.05, 'clf__max_depth': 3}"
0.9421487603305785,0.5670426065162907,0.5,0.14285714285714285,0.9912280701754386,0.2222222222222222,0.2455239449419507,0.20169651272384537,0.9674185463659147,0.6267333856619571,0.03886154666543007,1,1,113,6,0.9495798319327731,0.9912280701754386,0.9699570815450643,0.5,0.14285714285714285,0.2222222222222222,XGBoost,7,5,0.5,0.5,"{'clf__learning_rate': 0.05, 'clf__max_depth': 3}"
0.9586776859504132,0.7098997493734336,0.75,0.42857142857142855,0.9912280701754386,0.5454545454545454,0.5481765267182397,0.5254901960784313,0.9674185463659147,0.6267333856619571,0.03886154666543007,3,1,113,4,0.9658119658119658,0.9912280701754386,0.9783549783549783,0.75,0.42857142857142855,0.5454545454545454,XGBoost,7,5,tuned,0.2620442807674408,"{'clf__learning_rate': 0.05, 'clf__max_depth': 3}"
0.9504132231404959,0.6384711779448622,0.6666666666666666,0.2857142857142857,0.9912280701754386,0.4,0.415804511364738,0.3784246575342466,0.9649122807017544,0.6598878147750329,0.03754555806517601,2,1,113,5,0.9576271186440678,0.9912280701754386,0.9741379310344828,0.6666666666666666,0.2857142857142857,0.4,XGBoost,7,6,0.5,0.5,"{'clf__learning_rate': 0.05, 'clf__max_depth': 5}"
0.9504132231404959,0.7055137844611529,0.6,0.42857142857142855,0.9824561403508771,0.5,0.4821236116472483,0.47467438494934877,0.9649122807017544,0.6598878147750329,0.03754555806517601,3,2,112,4,0.9655172413793104,0.9824561403508771,0.9739130434782609,0.6,0.42857142857142855,0.5,XGBoost,7,6,tuned,0.1463678777217865,"{'clf__learning_rate': 0.05, 'clf__max_depth': 5}"
0.9586776859504132,0.7098997493734336,0.75,0.42857142857142855,0.9912280701754386,0.5454545454545454,0.5481765267182397,0.5254901960784313,0.9035087719298246,0.5310064935064935,0.03784341365098953,3,1,113,4,0.9658119658119658,0.9912280701754386,0.9783549783549783,0.75,0.42857142857142855,0.5454545454545454,XGBoost,7,7,0.5,0.5,"{'clf__learning_rate': 0.05, 'clf__max_depth': 3}"
0.9504132231404959,0.7055137844611529,0.6,0.42857142857142855,0.9824561403508771,0.5,0.4821236116472483,0.47467438494934877,0.9035087719298246,0.5310064935064935,0.03784341365098953,3,2,112,4,0.9655172413793104,0.9824561403508771,0.9739130434782609,0.6,0.42857142857142855,0.5,XGBoost,7,7,tuned,0.2957194149494171,"{'clf__learning_rate': 0.05, 'clf__max_depth': 3}"
0.95,0.736842105263158,0.5,0.5,0.9736842105263158,0.5,0.47368421052631576,0.4736842105263158,0.9488304093567251,0.4302226153619343,0.0389254130423069,3,3,111,3,0.9736842105263158,0.9736842105263158,0.9736842105263158,0.5,0.5,0.5,XGBoost,7,8,0.5,0.5,"{'clf__learning_rate': 0.05, 'clf__max_depth': 3}"
0.95,0.736842105263158,0.5,0.5,0.9736842105263158,0.5,0.47368421052631576,0.4736842105263158,0.9488304093567251,0.4302226153619343,0.0389254130423069,3,3,111,3,0.9736842105263158,0.9736842105263158,0.9736842105263158,0.5,0.5,0.5,XGBoost,7,8,tuned,0.46533599495887756,"{'clf__learning_rate': 0.05, 'clf__max_depth': 3}"
0.95,0.5,0.0,0.0,1.0,0.0,0.0,0.0,0.956140350877193,0.46494708994708994,0.03840111568570137,0,0,114,6,0.95,1.0,0.9743589743589743,0.0,0.0,0.0,XGBoost,7,9,0.5,0.5,"{'clf__learning_rate': 0.1, 'clf__max_depth': 3}"
0.95,0.5789473684210527,0.5,0.16666666666666666,0.9912280701754386,0.25,0.2688064609902745,0.23076923076923084,0.956140350877193,0.46494708994708994,0.03840111568570137,1,1,113,5,0.9576271186440678,0.9912280701754386,0.9741379310344828,0.5,0.16666666666666666,0.25,XGBoost,7,9,tuned,0.3359778821468353,"{'clf__learning_rate': 0.1, 'clf__max_depth': 3}"
0.9752066115702479,0.8289855072463768,0.8,0.6666666666666666,0.991304347826087,0.7272727272727273,0.7176576368702007,0.7143981117230527,0.9840579710144928,0.7876373626373626,0.02291509509086609,4,1,114,2,0.9827586206896551,0.991304347826087,0.987012987012987,0.8,0.6666666666666666,0.7272727272727273,XGBoost,8,0,0.5,0.5,"{'clf__learning_rate': 0.05, 'clf__max_depth': 3}"
0.9421487603305785,0.8905797101449275,0.45454545454545453,0.8333333333333334,0.9478260869565217,0.5882352941176471,0.5898906801202691,0.56,0.9840579710144928,0.7876373626373626,0.02291509509086609,5,6,109,1,0.990909090909091,0.9478260869565217,0.9688888888888889,0.45454545454545453,0.8333333333333334,0.5882352941176471,XGBoost,8,0,tuned,0.31124070286750793,"{'clf__learning_rate': 0.05, 'clf__max_depth': 3}"
0.9586776859504132,0.741304347826087,0.6,0.5,0.9826086956521739,0.5454545454545454,0.5263876499510503,0.5239968528717546,0.9739130434782608,0.6319444444444444,0.02678762748837471,3,2,113,3,0.9741379310344828,0.9826086956521739,0.9783549783549783,0.6,0.5,0.5454545454545454,XGBoost,8,1,0.5,0.5,"{'clf__learning_rate': 0.05, 'clf__max_depth': 5}"
0.9586776859504132,0.8202898550724638,0.5714285714285714,0.6666666666666666,0.9739130434782609,0.6153846153846154,0.5956570390127073,0.5936870382807253,0.9739130434782608,0.6319444444444444,0.02678762748837471,4,3,112,2,0.9824561403508771,0.9739130434782609,0.9781659388646288,0.5714285714285714,0.6666666666666666,0.6153846153846154,XGBoost,8,1,tuned,0.17595450580120087,"{'clf__learning_rate': 0.05, 'clf__max_depth': 5}"
0.9752066115702479,0.9197994987468672,0.75,0.8571428571428571,0.9824561403508771,0.8,0.7888403948179012,0.7868467410452143,0.9837092731829574,0.876984126984127,0.019982557743787766,6,2,112,1,0.9911504424778761,0.9824561403508771,0.986784140969163,0.75,0.8571428571428571,0.8,XGBoost,8,2,0.5,0.5,"{'clf__learning_rate': 0.1, 'clf__max_depth': 5}"
0.9586776859504132,0.9110275689223057,0.6,0.8571428571428571,0.9649122807017544,0.7058823529411765,0.6970130418894777,0.6844027125717267,0.9837092731829574,0.876984126984127,0.019982557743787766,6,4,110,1,0.990990990990991,0.9649122807017544,0.9777777777777777,0.6,0.8571428571428571,0.7058823529411765,XGBoost,8,2,tuned,0.17956441640853882,"{'clf__learning_rate': 0.1, 'clf__max_depth': 5}"
0.9504132231404959,0.6384711779448622,0.6666666666666666,0.2857142857142857,0.9912280701754386,0.4,0.415804511364738,0.3784246575342466,0.8934837092731829,0.4255600516068496,0.04499732702970505,2,1,113,5,0.9576271186440678,0.9912280701754386,0.9741379310344828,0.6666666666666666,0.2857142857142857,0.4,XGBoost,8,3,0.5,0.5,"{'clf__learning_rate': 0.1, 'clf__max_depth': 5}"
0.9173553719008265,0.68796992481203,0.3333333333333333,0.42857142857142855,0.9473684210526315,0.375,0.3344949327077478,0.33149171270718225,0.8934837092731829,0.4255600516068496,0.04499732702970505,3,6,108,4,0.9642857142857143,0.9473684210526315,0.9557522123893806,0.3333333333333333,0.42857142857142855,0.375,XGBoost,8,3,tuned,0.1278916448354721,"{'clf__learning_rate': 0.1, 'clf__max_depth': 5}"
0.9586776859504132,0.6428571428571428,1.0,0.2857142857142857,1.0,0.4444444444444444,0.5231725181940632,0.4297832233741753,0.9260651629072683,0.521078431372549,0.04000839218497276,2,0,114,5,0.957983193277311,1.0,0.9785407725321889,1.0,0.2857142857142857,0.4444444444444444,XGBoost,8,4,0.5,0.5,"{'clf__learning_rate': 0.1, 'clf__max_depth': 5}"
0.9338842975206612,0.6296992481203008,0.4,0.2857142857142857,0.9736842105263158,0.3333333333333333,0.3042670353993305,0.29956584659913166,0.9260651629072683,0.521078431372549,0.04000839218497276,2,3,111,5,0.9568965517241379,0.9736842105263158,0.9652173913043478,0.4,0.2857142857142857,0.3333333333333333,XGBoost,8,4,tuned,0.09385655075311661,"{'clf__learning_rate': 0.1, 'clf__max_depth': 5}"
0.9504132231404959,0.6384711779448622,0.6666666666666666,0.2857142857142857,0.9912280701754386,0.4,0.415804511364738,0.3784246575342466,0.8859649122807017,0.4494117835877188,0.0454757995903492,2,1,113,5,0.9576271186440678,0.9912280701754386,0.9741379310344828,0.6666666666666666,0.2857142857142857,0.4,XGBoost,8,5,0.5,0.5,"{'clf__learning_rate': 0.1, 'clf__max_depth': 5}"
0.9504132231404959,0.6384711779448622,0.6666666666666666,0.2857142857142857,0.9912280701754386,0.4,0.415804511364738,0.3784246575342466,0.8859649122807017,0.4494117835877188,0.0454757995903492,2,1,113,5,0.9576271186440678,0.9912280701754386,0.9741379310344828,0.6666666666666666,0.2857142857142857,0.4,XGBoost,8,5,tuned,0.2610297203063965,"{'clf__learning_rate': 0.1, 'clf__max_depth': 5}"
0.9421487603305785,0.5670426065162907,0.5,0.14285714285714285,0.9912280701754386,0.2222222222222222,0.2455239449419507,0.20169651272384537,0.9235588972431077,0.5051278086992372,0.04235327988862991,1,1,113,6,0.9495798319327731,0.9912280701754386,0.9699570815450643,0.5,0.14285714285714285,0.2222222222222222,XGBoost,8,6,0.5,0.5,"{'clf__learning_rate': 0.1, 'clf__max_depth': 3}"
0.9256198347107438,0.62531328320802,0.3333333333333333,0.2857142857142857,0.9649122807017544,0.3076923076923077,0.2695280719514513,0.2686366689053056,0.9235588972431077,0.5051278086992372,0.04235327988862991,2,4,110,5,0.9565217391304348,0.9649122807017544,0.9606986899563319,0.3333333333333333,0.2857142857142857,0.3076923076923077,XGBoost,8,6,tuned,0.22713017463684082,"{'clf__learning_rate': 0.1, 'clf__max_depth': 3}"
0.9752066115702479,0.7857142857142857,1.0,0.5714285714285714,1.0,0.7272727272727273,0.7461746154731859,0.7152941176470589,0.981203007518797,0.8130952380952381,0.028313545510172844,4,0,114,3,0.9743589743589743,1.0,0.987012987012987,1.0,0.5714285714285714,0.7272727272727273,XGBoost,8,7,0.5,0.5,"{'clf__learning_rate': 0.1, 'clf__max_depth': 5}"
0.9752066115702479,0.7857142857142857,1.0,0.5714285714285714,1.0,0.7272727272727273,0.7461746154731859,0.7152941176470589,0.981203007518797,0.8130952380952381,0.028313545510172844,4,0,114,3,0.9743589743589743,1.0,0.987012987012987,1.0,0.5714285714285714,0.7272727272727273,XGBoost,8,7,tuned,0.4745481312274933,"{'clf__learning_rate': 0.1, 'clf__max_depth': 5}"
0.9833333333333333,0.9122807017543859,0.8333333333333334,0.8333333333333334,0.9912280701754386,0.8333333333333334,0.8245614035087719,0.8245614035087719,0.9751461988304093,0.7276315789473684,0.02218496799468994,5,1,113,1,0.9912280701754386,0.9912280701754386,0.9912280701754386,0.8333333333333334,0.8333333333333334,0.8333333333333334,XGBoost,8,8,0.5,0.5,"{'clf__learning_rate': 0.1, 'clf__max_depth': 3}"
0.9333333333333333,0.8859649122807018,0.4166666666666667,0.8333333333333334,0.9385964912280702,0.5555555555555556,0.5607940161280399,0.5238095238095238,0.9751461988304093,0.7276315789473684,0.02218496799468994,5,7,107,1,0.9907407407407407,0.9385964912280702,0.963963963963964,0.4166666666666667,0.8333333333333334,0.5555555555555556,XGBoost,8,8,tuned,0.22302687168121338,"{'clf__learning_rate': 0.1, 'clf__max_depth': 3}"
0.925,0.4868421052631579,0.0,0.0,0.9736842105263158,0.0,-0.03673591791853226,-0.034482758620689724,0.8976608187134503,0.3375,0.04464390128850937,0,3,111,6,0.9487179487179487,0.9736842105263158,0.961038961038961,0.0,0.0,0.0,XGBoost,8,9,0.5,0.5,"{'clf__learning_rate': 0.05, 'clf__max_depth': 3}"
0.95,0.8157894736842105,0.5,0.6666666666666666,0.9649122807017544,0.5714285714285714,0.5518254055364693,0.5454545454545454,0.8976608187134503,0.3375,0.04464390128850937,4,4,110,2,0.9821428571428571,0.9649122807017544,0.9734513274336283,0.5,0.6666666666666666,0.5714285714285714,XGBoost,8,9,tuned,0.11235388368368149,"{'clf__learning_rate': 0.05, 'clf__max_depth': 3}"
0.9669421487603306,0.6666666666666666,1.0,0.3333333333333333,1.0,0.5,0.5675639625104965,0.4872881355932204,0.946376811594203,0.645756204579734,0.031316909939050674,2,0,115,4,0.9663865546218487,1.0,0.9829059829059829,1.0,0.3333333333333333,0.5,XGBoost,9,0,0.5,0.5,"{'clf__learning_rate': 0.05, 'clf__max_depth': 5}"
0.9421487603305785,0.7326086956521739,0.42857142857142855,0.5,0.9652173913043478,0.46153846153846156,0.4325925554820793,0.4311618535930154,0.946376811594203,0.645756204579734,0.031316909939050674,3,4,111,3,0.9736842105263158,0.9652173913043478,0.9694323144104804,0.42857142857142855,0.5,0.46153846153846156,XGBoost,9,0,tuned,0.32955360412597656,"{'clf__learning_rate': 0.05, 'clf__max_depth': 5}"
0.9752066115702479,0.8289855072463768,0.8,0.6666666666666666,0.991304347826087,0.7272727272727273,0.7176576368702007,0.7143981117230527,0.9739130434782608,0.7271978021978022,0.02598765306174755,4,1,114,2,0.9827586206896551,0.991304347826087,0.987012987012987,0.8,0.6666666666666666,0.7272727272727273,XGBoost,9,1,0.5,0.5,"{'clf__learning_rate': 0.05, 'clf__max_depth': 3}"
0.9256198347107438,0.8818840579710145,0.38461538461538464,0.8333333333333334,0.9304347826086956,0.5263157894736842,0.5354297719314345,0.4918338777414839,0.9739130434782608,0.7271978021978022,0.02598765306174755,5,8,107,1,0.9907407407407407,0.9304347826086956,0.9596412556053812,0.38461538461538464,0.8333333333333334,0.5263157894736842,XGBoost,9,1,tuned,0.13040941953659058,"{'clf__learning_rate': 0.05, 'clf__max_depth': 3}"
0.9586776859504132,0.7098997493734336,0.75,0.42857142857142855,0.9912280701754386,0.5454545454545454,0.5481765267182397,0.5254901960784313,0.9899749373433584,0.8010204081632653,0.025358116254210472,3,1,113,4,0.9658119658119658,0.9912280701754386,0.9783549783549783,0.75,0.42857142857142855,0.5454545454545454,XGBoost,9,2,0.5,0.5,"{'clf__learning_rate': 0.05, 'clf__max_depth': 3}"
0.9586776859504132,0.7098997493734336,0.75,0.42857142857142855,0.9912280701754386,0.5454545454545454,0.5481765267182397,0.5254901960784313,0.9899749373433584,0.8010204081632653,0.025358116254210472,3,1,113,4,0.9658119658119658,0.9912280701754386,0.9783549783549783,0.75,0.42857142857142855,0.5454545454545454,XGBoost,9,2,tuned,0.5187228322029114,"{'clf__learning_rate': 0.05, 'clf__max_depth': 3}"
0.9421487603305785,0.5670426065162907,0.5,0.14285714285714285,0.9912280701754386,0.2222222222222222,0.2455239449419507,0.20169651272384537,0.9573934837092731,0.5797109752992106,0.04081175476312637,1,1,113,6,0.9495798319327731,0.9912280701754386,0.9699570815450643,0.5,0.14285714285714285,0.2222222222222222,XGBoost,9,3,0.5,0.5,"{'clf__learning_rate': 0.05, 'clf__max_depth': 3}"
0.9504132231404959,0.6384711779448622,0.6666666666666666,0.2857142857142857,0.9912280701754386,0.4,0.415804511364738,0.3784246575342466,0.9573934837092731,0.5797109752992106,0.04081175476312637,2,1,113,5,0.9576271186440678,0.9912280701754386,0.9741379310344828,0.6666666666666666,0.2857142857142857,0.4,XGBoost,9,3,tuned,0.3362855911254883,"{'clf__learning_rate': 0.05, 'clf__max_depth': 3}"
0.9586776859504132,0.6428571428571428,1.0,0.2857142857142857,1.0,0.4444444444444444,0.5231725181940632,0.4297832233741753,0.9060150375939849,0.7335075428443176,0.03140471130609512,2,0,114,5,0.957983193277311,1.0,0.9785407725321889,1.0,0.2857142857142857,0.4444444444444444,XGBoost,9,4,0.5,0.5,"{'clf__learning_rate': 0.05, 'clf__max_depth': 3}"
0.9338842975206612,0.8308270676691729,0.45454545454545453,0.7142857142857143,0.9473684210526315,0.5555555555555556,0.537328395407574,0.5217391304347826,0.9060150375939849,0.7335075428443176,0.03140471130609512,5,6,108,2,0.9818181818181818,0.9473684210526315,0.9642857142857143,0.45454545454545453,0.7142857142857143,0.5555555555555556,XGBoost,9,4,tuned,0.13503503799438477,"{'clf__learning_rate': 0.05, 'clf__max_depth': 3}"
0.9586776859504132,0.7769423558897243,0.6666666666666666,0.5714285714285714,0.9824561403508771,0.6153846153846154,0.5956570390127073,0.5936870382807253,0.9135338345864661,0.5006966213862766,0.03655616566538811,4,2,112,3,0.9739130434782609,0.9824561403508771,0.9781659388646288,0.6666666666666666,0.5714285714285714,0.6153846153846154,XGBoost,9,5,0.5,0.5,"{'clf__learning_rate': 0.1, 'clf__max_depth': 3}"
0.9586776859504132,0.7769423558897243,0.6666666666666666,0.5714285714285714,0.9824561403508771,0.6153846153846154,0.5956570390127073,0.5936870382807253,0.9135338345864661,0.5006966213862766,0.03655616566538811,4,2,112,3,0.9739130434782609,0.9824561403508771,0.9781659388646288,0.6666666666666666,0.5714285714285714,0.6153846153846154,XGBoost,9,5,tuned,0.3703335225582123,"{'clf__learning_rate': 0.1, 'clf__max_depth': 3}"
0.9669421487603306,0.781328320802005,0.8,0.5714285714285714,0.9912280701754386,0.6666666666666666,0.6599801878951662,0.6497829232995658,0.9411027568922306,0.6295369760807549,0.029565459117293358,4,1,113,3,0.9741379310344828,0.9912280701754386,0.9826086956521739,0.8,0.5714285714285714,0.6666666666666666,XGBoost,9,6,0.5,0.5,"{'clf__learning_rate': 0.05, 'clf__max_depth': 3}"
0.9669421487603306,0.8483709273182958,0.7142857142857143,0.7142857142857143,0.9824561403508771,0.7142857142857143,0.6967418546365914,0.6967418546365916,0.9411027568922306,0.6295369760807549,0.029565459117293358,5,2,112,2,0.9824561403508771,0.9824561403508771,0.9824561403508771,0.7142857142857143,0.7142857142857143,0.7142857142857143,XGBoost,9,6,tuned,0.3198513686656952,"{'clf__learning_rate': 0.05, 'clf__max_depth': 3}"
0.9504132231404959,0.7055137844611529,0.6,0.42857142857142855,0.9824561403508771,0.5,0.4821236116472483,0.47467438494934877,0.9135338345864662,0.5186062830929472,0.04664498195052147,3,2,112,4,0.9655172413793104,0.9824561403508771,0.9739130434782609,0.6,0.42857142857142855,0.5,XGBoost,9,7,0.5,0.5,"{'clf__learning_rate': 0.05, 'clf__max_depth': 3}"
0.8925619834710744,0.674812030075188,0.25,0.42857142857142855,0.9210526315789473,0.3157894736842105,0.2730856537757534,0.26184889723134674,0.9135338345864662,0.5186062830929472,0.04664498195052147,3,9,105,4,0.963302752293578,0.9210526315789473,0.9417040358744395,0.25,0.42857142857142855,0.3157894736842105,XGBoost,9,7,tuned,0.26713138818740845,"{'clf__learning_rate': 0.05, 'clf__max_depth': 3}"
0.9666666666666667,0.8245614035087718,0.6666666666666666,0.6666666666666666,0.9824561403508771,0.6666666666666666,0.6491228070175439,0.6491228070175439,0.9649122807017544,0.8078703703703705,0.022345038130879402,4,2,112,2,0.9824561403508771,0.9824561403508771,0.9824561403508771,0.6666666666666666,0.6666666666666666,0.6666666666666666,XGBoost,9,8,0.5,0.5,"{'clf__learning_rate': 0.05, 'clf__max_depth': 5}"
0.9666666666666667,0.8245614035087718,0.6666666666666666,0.6666666666666666,0.9824561403508771,0.6666666666666666,0.6491228070175439,0.6491228070175439,0.9649122807017544,0.8078703703703705,0.022345038130879402,4,2,112,2,0.9824561403508771,0.9824561403508771,0.9824561403508771,0.6666666666666666,0.6666666666666666,0.6666666666666666,XGBoost,9,8,tuned,0.258156955242157,"{'clf__learning_rate': 0.05, 'clf__max_depth': 5}"
0.9666666666666667,0.6666666666666666,1.0,0.3333333333333333,1.0,0.5,0.567480306535024,0.4871794871794872,0.9678362573099415,0.6379268879268879,0.03316999226808548,2,0,114,4,0.9661016949152542,1.0,0.9827586206896551,1.0,0.3333333333333333,0.5,XGBoost,9,9,0.5,0.5,"{'clf__learning_rate': 0.1, 'clf__max_depth': 3}"
0.9583333333333334,0.6622807017543859,0.6666666666666666,0.3333333333333333,0.9912280701754386,0.4444444444444444,0.45307632099523115,0.425287356321839,0.9678362573099415,0.6379268879268879,0.03316999226808548,2,1,113,4,0.9658119658119658,0.9912280701754386,0.9783549783549783,0.6666666666666666,0.3333333333333333,0.4444444444444444,XGBoost,9,9,tuned,0.2995918095111847,"{'clf__learning_rate': 0.1, 'clf__max_depth': 3}"
