Age,Gender,ParentEducation,IncomeRange,StudySpace,StudyHoursPerWeek,SleepHoursPerNight,ScreenTimeDaily,Motivation(1-5),Stress(1-5),Extracurricular,HighAttendance,DifficultSubject,AtRisk
18.0,Female,Postgrad,Low,Yes,13.9,7.9,4.0,2.0,5.0,Yes,Yes,Geography,0
16.0,Female,College,High,No,13.1,6.9,4.8,2.0,3.0,No,Yes,Unknown,0
14.0,Male,College,Medium,Yes,6.1,8.3,3.7,4.0,3.0,No,Yes,History,0
16.0,Male,Postgrad,Medium,Yes,12.4,9.4,4.1,5.0,3.0,Yes,Yes,Math,0
15.0,Male,No formal,Medium,No,15.3,6.1,5.0,5.0,2.0,No,Yes,Science,0
17.0,Female,Postgrad,High,No,12.9,8.3,4.1,5.0,4.0,No,Yes,Science,0
16.0,Female,College,High,Yes,15.2,7.7,5.9,2.0,5.0,Yes,Yes,English,0
14.0,Male,No formal,Low,Yes,8.3,8.0,2.1,4.0,3.0,Yes,Yes,Math,0
14.0,Female,Postgrad,Medium,Yes,12.9,8.3,6.7,1.0,1.0,No,Yes,Geography,0
12.0,Female,College,High,Yes,13.9,7.3,2.2,2.0,3.0,No,Yes,English,0
18.0,Female,College,High,No,14.3,7.5,4.5,4.0,1.0,No,Yes,Math,0
15.0,Male,High school,Low,Yes,17.0,7.5,1.8,1.0,5.0,Yes,Yes,Math,0
15.0,Female,High school,Low,Yes,7.2,6.4,6.1,3.0,1.0,No,No,Science,0
13.0,Female,College,Medium,No,11.6,9.0,4.8,4.0,3.0,No,Yes,Math,0
17.0,Female,High school,Medium,Yes,16.9,6.1,3.3,1.0,4.0,Yes,Yes,History,0
17.0,Female,College,High,Yes,12.0,6.8,6.6,5.0,4.0,Yes,Yes,Science,0
13.0,Male,No formal,Medium,No,8.4,5.5,2.9,2.0,2.0,Yes,No,Math,0
16.0,Female,College,Low,No,16.1,8.3,2.6,4.0,2.0,Yes,Yes,Math,0
13.0,Male,College,Low,No,6.3,8.0,2.1,3.0,2.0,Yes,Yes,English,0
17.0,Male,High school,Medium,Yes,20.6,5.8,2.8,3.0,2.0,No,Yes,Science,0
16.0,Prefer not to say,High school,Medium,No,12.2,6.7,5.9,4.0,4.0,Yes,Yes,Math,0
17.0,Female,College,Low,No,11.8,7.0,4.7,1.0,2.0,Yes,No,Math,0
13.0,Female,High school,Low,No,11.4,8.2,5.4,5.0,3.0,Yes,Yes,Unknown,0
17.0,Male,College,Medium,No,12.5,7.3,6.6,5.0,2.0,Yes,Yes,Geography,0
13.0,Male,College,Medium,No,14.3,7.6,3.2,5.0,5.0,Yes,Yes,English,0
17.0,Female,Postgrad,Low,No,16.6,8.0,3.9,3.0,1.0,Yes,Yes,Science,0
15.0,Female,College,Medium,Yes,14.3,7.6,4.0,1.0,5.0,Yes,Yes,Unknown,0
18.0,Female,Postgrad,Medium,Yes,19.5,7.0,3.9,1.0,4.0,No,Yes,Math,0
14.0,Female,College,Medium,No,17.3,8.0,2.3,5.0,2.0,Yes,Yes,Science,0
18.0,Female,High school,Medium,No,20.0,8.2,5.2,3.0,4.0,Yes,Yes,Unknown,0
15.0,Female,College,Low,Yes,12.2,8.0,1.4,2.0,4.0,Yes,No,Math,0
15.0,Male,Postgrad,Low,No,8.7,6.8,5.2,4.0,2.0,Yes,No,Science,0
15.0,Male,College,Medium,Yes,10.0,8.3,2.7,2.0,2.0,Yes,No,English,0
18.0,Male,High school,Medium,Yes,20.1,8.7,1.5,4.0,3.0,Yes,Yes,Math,0
13.0,Male,High school,Medium,Yes,9.9,7.2,1.0,4.0,3.0,No,No,Math,0
12.0,Prefer not to say,College,Medium,No,9.1,8.3,1.0,1.0,2.0,Yes,Yes,Science,0
13.0,Female,College,Low,Yes,11.3,8.0,4.3,5.0,2.0,No,Yes,English,0
17.0,Female,College,High,Yes,14.2,7.0,2.3,4.0,4.0,Yes,Yes,Math,0
14.0,Female,High school,Low,Yes,5.5,7.6,4.9,2.0,3.0,Yes,Yes,Math,0
14.0,Female,Postgrad,High,Yes,12.9,6.6,3.7,3.0,5.0,Yes,Yes,History,0
16.0,Male,College,Medium,Yes,7.7,5.6,2.6,2.0,2.0,Yes,Yes,Math,0
15.0,Female,High school,Medium,No,11.0,8.9,6.6,2.0,4.0,Yes,Yes,Unknown,0
14.0,Female,Postgrad,Medium,Yes,13.0,8.2,6.0,2.0,4.0,Yes,Yes,Math,0
15.0,Male,College,Low,No,14.3,8.6,2.4,3.0,1.0,No,Yes,Math,0
17.0,Male,High school,High,No,16.6,7.8,2.9,1.0,1.0,No,Yes,Science,0
13.0,Female,College,High,Yes,11.1,9.1,3.9,3.0,4.0,Yes,Yes,Math,0
18.0,Female,College,High,Yes,15.8,6.3,3.0,3.0,1.0,No,Yes,Math,0
14.0,Female,High school,Medium,Yes,13.7,8.3,3.0,3.0,1.0,No,Yes,Math,0
13.0,Female,High school,Low,No,10.7,5.9,6.7,5.0,2.0,No,Yes,History,0
15.0,Male,College,Low,Yes,17.1,6.7,3.6,4.0,2.0,No,Yes,Math,0
13.0,Male,High school,Medium,Yes,10.0,6.0,6.8,1.0,5.0,Yes,Yes,English,0
17.0,Male,High school,Low,Yes,14.4,6.8,3.1,4.0,1.0,Yes,No,Unknown,0
17.0,Female,College,Medium,No,12.6,7.3,2.7,5.0,1.0,No,Yes,Math,0
15.0,Male,College,Low,Yes,9.0,8.0,4.8,1.0,4.0,Yes,Yes,Science,0
16.0,Female,College,High,Yes,8.7,6.9,1.6,4.0,3.0,Yes,Yes,Geography,0
16.0,Male,College,Medium,Yes,20.4,7.6,5.9,2.0,5.0,No,Yes,Unknown,0
13.0,Male,High school,Medium,Yes,12.3,10.3,3.3,5.0,2.0,Yes,Yes,English,0
16.0,Male,College,High,Yes,9.8,8.9,5.3,3.0,5.0,Yes,Yes,Science,0
15.0,Male,High school,Medium,Yes,11.5,9.2,4.8,4.0,5.0,No,Yes,English,0
18.0,Male,College,High,Yes,15.9,8.5,1.8,5.0,5.0,Yes,Yes,Unknown,0
15.0,Female,Postgrad,High,Yes,10.3,7.3,3.3,1.0,3.0,Yes,Yes,English,0
18.0,Female,College,Low,Yes,9.1,6.9,4.9,1.0,4.0,Yes,Yes,Geography,0
14.0,Female,High school,High,Yes,4.9,7.6,3.2,2.0,2.0,No,Yes,Science,0
17.0,Male,College,Medium,Yes,13.1,7.1,3.9,5.0,1.0,Yes,No,Science,0
15.0,Female,Postgrad,Medium,Yes,11.5,7.4,2.7,4.0,4.0,Yes,Yes,Science,0
16.0,Female,No formal,Medium,Yes,11.6,9.7,5.3,3.0,2.0,No,Yes,English,0
15.0,Female,High school,Medium,Yes,12.4,7.7,6.8,5.0,2.0,Yes,Yes,Science,0
17.0,Female,High school,Medium,Yes,17.6,8.3,2.6,4.0,4.0,No,Yes,Math,0
13.0,Male,High school,Medium,No,18.0,8.0,4.8,5.0,3.0,No,Yes,English,0
16.0,Female,High school,Low,No,13.0,8.2,2.7,5.0,3.0,Yes,Yes,Unknown,0
14.0,Female,High school,High,Yes,6.6,7.5,2.1,4.0,1.0,Yes,Yes,English,0
17.0,Male,College,Medium,No,13.5,7.4,3.9,3.0,1.0,No,Yes,Geography,0
13.0,Male,High school,Low,Yes,12.9,6.2,5.3,5.0,1.0,No,Yes,Science,0
12.0,Male,No formal,Medium,Yes,12.0,7.9,3.6,5.0,2.0,No,Yes,Science,0
14.0,Female,College,Medium,Yes,9.5,8.1,5.1,2.0,2.0,No,Yes,Science,0
16.0,Female,High school,Low,Yes,17.7,6.5,5.7,4.0,4.0,No,Yes,English,0
16.0,Male,Postgrad,High,No,13.6,8.7,5.3,5.0,1.0,No,Yes,Science,0
16.0,Female,High school,Medium,Yes,12.8,9.1,4.1,4.0,1.0,Yes,Yes,History,0
13.0,Male,College,High,Yes,17.2,8.6,2.4,2.0,3.0,Yes,Yes,Math,0
14.0,Female,Postgrad,High,Yes,9.5,7.1,4.9,2.0,2.0,Yes,Yes,Unknown,0
17.0,Male,High school,Medium,No,11.5,7.1,3.6,1.0,3.0,Yes,Yes,Science,0
18.0,Male,High school,Medium,Yes,14.6,8.0,4.4,2.0,1.0,Yes,Yes,English,0
13.0,Male,College,Medium,Yes,12.8,7.3,3.2,5.0,2.0,Yes,No,Science,0
17.0,Female,College,Low,Yes,11.9,8.1,3.1,5.0,2.0,Yes,Yes,English,0
15.0,Male,Postgrad,High,Yes,11.2,8.0,1.4,3.0,2.0,Yes,Yes,Science,0
14.0,Female,High school,Medium,No,6.9,9.3,4.2,1.0,1.0,Yes,Yes,Science,0
15.0,Female,College,High,No,15.7,8.2,5.0,3.0,4.0,Yes,No,English,0
15.0,Male,College,Medium,Yes,13.0,8.5,2.5,5.0,1.0,Yes,Yes,Math,0
17.0,Male,College,High,No,16.8,7.6,3.0,2.0,1.0,Yes,Yes,Math,0
14.0,Male,No formal,Medium,Yes,11.3,8.3,5.3,1.0,1.0,Yes,Yes,Science,0
17.0,Male,College,Low,Yes,14.7,6.8,3.1,4.0,4.0,Yes,Yes,Math,0
17.0,Male,College,High,Yes,12.6,8.0,3.9,1.0,1.0,Yes,Yes,History,0
16.0,Male,High school,Medium,Yes,1.9,9.1,2.4,2.0,5.0,Yes,Yes,Math,0
12.0,Female,Postgrad,High,Yes,14.2,6.8,5.7,3.0,3.0,No,Yes,Science,0
13.0,Female,High school,High,No,4.5,6.0,4.6,3.0,4.0,No,Yes,English,0
15.0,Female,High school,Medium,Yes,16.3,9.2,4.9,3.0,2.0,No,Yes,Math,0
18.0,Male,College,Low,No,14.9,8.1,3.0,4.0,1.0,Yes,Yes,Unknown,0
18.0,Female,College,Low,Yes,10.9,8.1,5.0,4.0,2.0,No,Yes,Unknown,0
15.0,Male,High school,High,Yes,7.0,7.2,5.8,3.0,1.0,Yes,Yes,Science,0
16.0,Male,High school,Low,Yes,12.6,8.0,4.3,4.0,5.0,Yes,Yes,Science,0
15.0,Male,College,Medium,Yes,14.3,7.4,2.5,4.0,4.0,Yes,Yes,Science,0
15.0,Male,High school,Medium,Yes,13.4,6.8,3.7,5.0,3.0,Yes,Yes,Math,0
13.0,Female,College,Medium,Yes,11.9,5.0,5.8,5.0,2.0,No,Yes,History,0
18.0,Male,High school,Medium,Yes,14.3,7.7,1.7,4.0,2.0,No,Yes,Math,0
16.0,Male,Postgrad,Low,Yes,11.6,8.1,3.2,5.0,5.0,Yes,Yes,Science,0
15.0,Male,High school,Medium,Yes,21.0,6.5,6.7,1.0,1.0,Yes,Yes,Math,0
15.0,Male,High school,Medium,No,14.2,7.5,3.7,5.0,1.0,Yes,No,Math,0
14.0,Female,Postgrad,High,Yes,6.6,5.5,3.0,1.0,3.0,No,Yes,English,0
16.0,Female,College,Medium,No,8.9,6.8,5.6,4.0,2.0,Yes,Yes,Math,0
18.0,Male,College,Low,No,13.0,5.2,4.0,5.0,2.0,Yes,Yes,History,0
13.0,Female,High school,Medium,Yes,5.7,9.2,5.3,3.0,1.0,No,Yes,History,0
13.0,Male,High school,Medium,Yes,9.9,8.0,3.3,1.0,2.0,No,Yes,Geography,0
17.0,Male,High school,Low,No,14.3,8.3,5.0,5.0,2.0,No,Yes,Science,0
15.0,Female,Postgrad,Medium,No,9.2,6.3,1.4,5.0,1.0,No,Yes,Math,0
12.0,Female,High school,Low,Yes,6.4,10.1,2.8,2.0,4.0,Yes,Yes,English,0
12.0,Female,College,Low,Yes,6.3,6.5,2.3,5.0,1.0,No,Yes,English,0
16.0,Male,College,Medium,Yes,12.7,5.2,1.0,4.0,4.0,Yes,Yes,Math,0
17.0,Female,No formal,Medium,No,15.5,7.8,3.4,5.0,4.0,Yes,Yes,Math,0
13.0,Male,Postgrad,High,Yes,12.9,6.5,2.3,5.0,5.0,Yes,Yes,Geography,0
17.0,Female,High school,High,Yes,11.4,7.9,1.9,4.0,3.0,No,Yes,Math,0
13.0,Female,College,Low,Yes,5.9,7.8,3.6,1.0,4.0,Yes,Yes,Math,0
14.0,Female,College,Low,Yes,12.4,7.5,6.6,4.0,5.0,No,No,English,0
15.0,Male,No formal,High,Yes,6.8,5.4,2.1,1.0,5.0,No,No,Geography,0
15.0,Male,College,Medium,Yes,17.4,6.8,3.7,5.0,3.0,No,Yes,English,0
16.0,Male,College,Low,No,15.7,7.8,3.5,4.0,4.0,Yes,Yes,Math,0
15.0,Male,High school,Low,Yes,9.9,6.9,2.9,1.0,2.0,Yes,No,Geography,0
17.0,Female,High school,Medium,Yes,15.0,7.5,4.4,2.0,5.0,No,Yes,Geography,0
16.0,Female,College,Low,No,12.1,5.5,4.7,2.0,3.0,No,Yes,History,0
17.0,Female,High school,Medium,No,13.7,7.1,3.3,5.0,3.0,Yes,Yes,History,0
15.0,Prefer not to say,College,Medium,Yes,11.7,7.7,3.9,5.0,4.0,Yes,Yes,History,0
17.0,Female,College,Medium,Yes,12.8,7.7,4.8,4.0,3.0,Yes,Yes,English,0
13.0,Prefer not to say,College,Medium,Yes,12.8,6.5,4.2,2.0,3.0,No,Yes,Science,0
15.0,Male,College,Medium,No,18.3,7.4,3.0,3.0,3.0,Yes,Yes,English,0
18.0,Female,No formal,Low,Yes,14.6,6.8,4.5,5.0,1.0,Yes,Yes,Science,0
16.0,Female,Postgrad,Medium,No,7.2,8.4,2.7,3.0,1.0,Yes,Yes,Science,0
18.0,Male,Postgrad,High,Yes,15.6,6.6,3.3,4.0,2.0,No,Yes,Unknown,0
13.0,Female,College,High,No,15.6,6.9,5.4,3.0,3.0,Yes,Yes,Geography,0
17.0,Female,College,Medium,Yes,9.4,7.8,4.4,4.0,5.0,Yes,Yes,Unknown,0
13.0,Female,High school,High,Yes,1.0,7.7,7.6,2.0,3.0,Yes,Yes,Unknown,0
17.0,Female,College,Medium,Yes,7.9,7.3,4.5,4.0,4.0,Yes,Yes,Unknown,0
14.0,Male,High school,Medium,No,18.4,7.6,3.6,4.0,4.0,Yes,Yes,Unknown,0
18.0,Female,College,Medium,Yes,15.1,5.9,6.9,2.0,3.0,Yes,Yes,Math,0
17.0,Female,High school,Medium,Yes,8.6,6.8,1.4,4.0,5.0,No,Yes,History,0
17.0,Female,High school,Low,Yes,14.1,7.4,5.2,5.0,1.0,Yes,Yes,English,0
18.0,Male,Postgrad,Low,Yes,11.3,7.8,2.7,3.0,1.0,Yes,Yes,Unknown,0
18.0,Male,High school,Low,Yes,16.0,6.0,5.8,2.0,4.0,Yes,Yes,Geography,0
16.0,Male,High school,High,Yes,13.4,7.2,3.7,2.0,2.0,No,Yes,English,0
14.0,Male,High school,Medium,Yes,14.6,7.6,4.1,2.0,1.0,No,Yes,Math,0
16.0,Prefer not to say,Postgrad,Low,Yes,10.6,8.0,3.3,1.0,3.0,No,Yes,Math,0
14.0,Male,College,High,Yes,9.1,6.1,5.0,3.0,5.0,Yes,No,Science,0
16.0,Female,College,High,Yes,8.0,5.5,6.1,5.0,1.0,No,No,Math,0
14.0,Female,College,Medium,Yes,19.2,8.6,4.3,4.0,2.0,Yes,Yes,History,0
14.0,Male,Postgrad,Medium,No,15.6,6.4,6.4,4.0,4.0,Yes,Yes,Math,0
13.0,Female,College,Medium,Yes,14.5,8.4,3.9,2.0,3.0,Yes,Yes,Science,0
15.0,Male,College,Low,Yes,13.3,9.2,4.1,1.0,2.0,Yes,Yes,Unknown,0
17.0,Male,High school,High,No,8.0,7.8,4.5,2.0,3.0,Yes,Yes,Unknown,0
12.0,Female,College,Medium,No,10.3,6.7,1.7,3.0,4.0,Yes,Yes,Math,0
17.0,Female,Postgrad,Low,No,12.8,7.3,2.1,3.0,2.0,Yes,Yes,Math,0
14.0,Female,College,High,Yes,13.3,6.4,4.4,2.0,3.0,Yes,Yes,Geography,0
17.0,Female,College,Medium,Yes,11.3,5.7,1.9,4.0,3.0,No,Yes,English,0
14.0,Male,No formal,Low,Yes,12.1,7.1,3.9,4.0,1.0,No,Yes,English,0
15.0,Female,No formal,Low,Yes,18.2,4.7,3.2,4.0,2.0,Yes,Yes,Science,0
17.0,Prefer not to say,High school,Medium,Yes,15.5,7.3,5.1,5.0,3.0,Yes,Yes,Science,0
16.0,Female,High school,Low,No,11.0,8.9,2.8,5.0,5.0,Yes,Yes,Unknown,0
17.0,Female,Postgrad,Medium,No,10.4,8.1,5.3,3.0,1.0,Yes,Yes,Science,0
17.0,Female,High school,Low,Yes,18.3,7.5,3.6,2.0,4.0,Yes,No,Science,0
16.0,Male,No formal,Medium,No,13.2,7.0,3.3,2.0,5.0,Yes,Yes,Science,0
17.0,Female,College,Medium,Yes,10.5,9.6,2.9,3.0,4.0,Yes,No,Math,0
16.0,Male,Postgrad,High,Yes,16.7,8.0,4.8,5.0,5.0,Yes,Yes,Math,0
16.0,Male,Postgrad,Low,Yes,12.4,8.0,3.3,5.0,2.0,Yes,Yes,History,0
18.0,Female,Postgrad,Low,No,10.0,10.7,4.7,3.0,3.0,Yes,Yes,Science,0
15.0,Male,High school,High,Yes,2.6,8.9,2.6,4.0,2.0,Yes,Yes,Science,0
13.0,Female,College,Low,Yes,8.9,6.5,3.2,4.0,3.0,Yes,Yes,Math,0
13.0,Male,Postgrad,Medium,Yes,11.7,8.3,3.5,2.0,3.0,Yes,Yes,Science,0
16.0,Female,College,Medium,No,13.4,6.0,3.7,4.0,5.0,Yes,No,Math,0
13.0,Female,No formal,Low,Yes,8.1,7.3,5.8,1.0,5.0,Yes,Yes,History,0
16.0,Female,High school,Medium,Yes,16.9,8.4,1.7,5.0,5.0,Yes,Yes,Science,0
14.0,Female,College,High,Yes,14.3,6.3,4.1,2.0,3.0,No,Yes,English,0
13.0,Prefer not to say,College,Low,Yes,8.5,8.5,4.8,4.0,4.0,Yes,Yes,English,0
16.0,Female,College,High,Yes,12.8,8.6,6.6,5.0,1.0,Yes,Yes,English,0
18.0,Male,High school,Medium,No,13.0,7.1,4.2,3.0,1.0,Yes,Yes,Science,0
16.0,Female,High school,Medium,Yes,15.5,7.5,5.1,1.0,5.0,Yes,Yes,Math,0
14.0,Female,College,Medium,Yes,6.0,7.9,2.1,5.0,4.0,Yes,Yes,Math,0
15.0,Female,High school,Medium,Yes,8.6,7.0,2.2,2.0,4.0,Yes,Yes,Science,0
12.0,Male,High school,Medium,Yes,8.6,6.9,5.6,4.0,3.0,No,Yes,Geography,0
17.0,Male,College,Medium,Yes,5.5,5.8,2.9,5.0,2.0,Yes,Yes,English,0
16.0,Female,High school,Low,No,9.9,8.8,6.2,5.0,3.0,Yes,Yes,Unknown,0
14.0,Male,College,Low,Yes,8.7,7.9,3.6,3.0,1.0,No,No,English,0
17.0,Female,Postgrad,Low,No,10.9,7.1,2.7,3.0,2.0,Yes,Yes,Science,0
17.0,Prefer not to say,High school,Medium,Yes,9.5,7.8,4.0,3.0,4.0,No,Yes,Unknown,0
16.0,Male,College,Medium,Yes,9.3,7.2,4.7,4.0,2.0,Yes,Yes,English,0
13.0,Male,Postgrad,High,Yes,10.5,6.1,3.2,4.0,2.0,No,Yes,Math,0
14.0,Female,Postgrad,Low,Yes,12.5,8.8,3.1,3.0,5.0,Yes,Yes,English,0
17.0,Female,Postgrad,Medium,Yes,17.5,8.4,6.0,4.0,3.0,Yes,Yes,Math,0
17.0,Female,College,Low,Yes,5.8,6.5,4.2,2.0,1.0,No,Yes,Math,0
15.0,Female,College,Medium,No,7.6,6.6,5.7,5.0,2.0,Yes,Yes,Math,0
17.0,Female,College,Medium,No,12.0,7.9,4.9,5.0,3.0,No,Yes,Math,0
15.0,Male,High school,Low,Yes,11.4,9.5,3.6,2.0,4.0,No,Yes,Geography,0
16.0,Male,High school,Medium,Yes,8.9,9.4,2.9,4.0,4.0,Yes,Yes,English,0
18.0,Male,College,High,Yes,19.4,7.9,4.3,4.0,2.0,Yes,Yes,English,0
14.0,Male,No formal,High,No,5.4,7.0,5.4,3.0,2.0,No,Yes,Science,0
17.0,Female,College,High,Yes,7.9,7.4,4.6,3.0,1.0,Yes,Yes,Science,0
15.0,Male,Postgrad,Low,Yes,16.9,7.4,4.3,4.0,3.0,No,Yes,Math,0
18.0,Female,College,Medium,Yes,14.8,6.4,4.1,5.0,2.0,No,Yes,English,0
13.0,Female,Postgrad,Medium,Yes,8.7,6.7,2.3,2.0,3.0,Yes,Yes,Math,0
15.0,Male,No formal,Medium,Yes,11.0,8.0,3.6,2.0,3.0,Yes,Yes,Math,0
16.0,Male,College,High,Yes,17.0,6.9,3.6,4.0,4.0,Yes,Yes,Unknown,0
17.0,Female,College,Medium,Yes,13.0,6.0,3.6,5.0,5.0,Yes,Yes,Math,0
13.0,Female,Postgrad,Medium,Yes,10.7,8.4,6.8,5.0,3.0,Yes,Yes,Math,0
13.0,Male,Postgrad,Medium,No,5.7,7.6,2.2,1.0,5.0,Yes,Yes,Science,0
14.0,Male,High school,Medium,Yes,6.1,5.3,7.1,5.0,2.0,No,Yes,Science,0
17.0,Male,College,Low,No,11.6,7.7,4.8,3.0,5.0,Yes,Yes,Science,0
18.0,Male,High school,Low,Yes,17.6,8.5,4.2,5.0,3.0,Yes,Yes,Science,0
13.0,Male,College,Low,Yes,13.9,6.0,3.3,5.0,1.0,Yes,Yes,Math,0
15.0,Female,College,Low,Yes,9.2,7.8,5.6,5.0,5.0,No,No,History,0
18.0,Male,High school,Medium,No,11.3,8.1,5.2,1.0,3.0,Yes,Yes,Math,0
18.0,Female,No formal,Medium,Yes,12.2,6.7,2.2,5.0,3.0,Yes,Yes,History,0
18.0,Prefer not to say,College,Medium,Yes,17.9,6.3,2.6,3.0,1.0,Yes,Yes,Science,0
17.0,Male,College,Medium,No,18.2,8.7,3.0,5.0,1.0,Yes,Yes,Math,0
18.0,Female,No formal,High,Yes,18.4,7.8,4.3,2.0,2.0,Yes,Yes,Unknown,0
18.0,Male,No formal,Medium,Yes,7.3,7.8,4.9,5.0,1.0,No,Yes,Math,0
14.0,Female,Postgrad,Low,Yes,13.8,7.9,5.3,1.0,3.0,Yes,Yes,Science,0
16.0,Male,High school,Medium,Yes,12.6,7.6,3.4,2.0,4.0,Yes,No,Unknown,0
16.0,Female,College,Low,No,17.1,6.2,1.9,1.0,2.0,No,Yes,Science,0
16.0,Male,College,Medium,Yes,15.3,9.0,4.7,5.0,2.0,No,Yes,Science,0
16.0,Male,College,Medium,Yes,8.9,5.1,4.3,3.0,3.0,Yes,No,English,0
13.0,Female,High school,High,Yes,10.5,7.6,3.9,1.0,3.0,No,Yes,Science,0
14.0,Male,College,Low,No,11.1,8.0,3.2,2.0,3.0,Yes,Yes,Math,0
17.0,Female,College,Medium,Yes,13.6,5.4,1.6,3.0,3.0,Yes,Yes,Math,0
13.0,Male,College,Medium,Yes,7.4,7.8,3.9,4.0,4.0,Yes,Yes,Unknown,0
12.0,Male,College,Low,No,7.7,8.2,1.4,5.0,2.0,No,Yes,English,0
14.0,Male,College,Low,Yes,10.4,9.2,3.4,3.0,1.0,Yes,Yes,History,0
16.0,Female,Postgrad,Medium,Yes,14.0,8.0,4.7,3.0,3.0,Yes,Yes,English,0
15.0,Female,High school,Low,No,8.1,8.2,5.8,3.0,3.0,Yes,Yes,Geography,0
13.0,Female,High school,High,Yes,15.3,8.7,3.4,2.0,5.0,No,Yes,Math,0
13.0,Female,Postgrad,Medium,No,12.0,4.7,4.5,5.0,4.0,Yes,Yes,Unknown,0
15.0,Male,College,Medium,Yes,1.8,7.2,3.0,2.0,5.0,No,Yes,Math,0
16.0,Female,High school,Low,Yes,10.0,7.2,4.3,5.0,4.0,No,Yes,English,0
16.0,Female,High school,High,No,9.5,5.8,3.9,3.0,1.0,Yes,Yes,Math,0
16.0,Female,No formal,Medium,Yes,11.8,7.3,3.7,3.0,1.0,Yes,Yes,Math,0
14.0,Male,High school,High,No,7.1,5.4,2.8,3.0,1.0,Yes,No,Science,0
15.0,Male,Postgrad,High,Yes,9.7,7.5,6.0,2.0,1.0,Yes,Yes,Geography,0
14.0,Prefer not to say,Postgrad,Low,Yes,12.3,6.5,3.7,5.0,4.0,No,No,Science,0
14.0,Female,High school,Low,Yes,16.2,8.4,7.3,2.0,1.0,Yes,Yes,Science,0
14.0,Male,High school,Medium,No,11.4,8.4,3.9,4.0,3.0,Yes,Yes,Math,0
17.0,Female,College,Medium,Yes,11.2,6.9,6.1,1.0,2.0,Yes,Yes,Math,0
17.0,Female,Postgrad,Medium,Yes,16.0,7.7,3.7,5.0,4.0,Yes,Yes,Science,0
14.0,Female,No formal,High,Yes,16.2,7.6,3.4,1.0,1.0,No,Yes,Science,0
17.0,Male,College,Medium,No,9.9,6.8,4.7,3.0,2.0,Yes,Yes,Math,0
15.0,Female,Postgrad,Low,Yes,15.5,5.8,6.5,2.0,3.0,No,Yes,English,0
12.0,Female,College,Low,No,6.1,6.8,3.5,5.0,1.0,Yes,Yes,Math,0
13.0,Male,High school,Medium,No,8.2,7.9,2.9,4.0,2.0,Yes,Yes,Math,0
16.0,Female,High school,Low,Yes,10.4,7.7,7.1,3.0,3.0,Yes,Yes,Math,0
17.0,Female,College,Medium,Yes,14.9,5.1,4.2,1.0,4.0,Yes,Yes,Math,0
13.0,Female,High school,High,No,12.7,5.6,3.9,1.0,2.0,Yes,Yes,Math,0
17.0,Female,College,Medium,Yes,14.6,6.7,5.9,3.0,1.0,Yes,Yes,Math,0
18.0,Male,Postgrad,Low,No,5.3,8.1,1.6,2.0,3.0,Yes,Yes,Math,0
15.0,Male,College,High,No,9.5,7.8,7.3,4.0,1.0,Yes,Yes,Math,0
13.0,Male,High school,Low,Yes,8.5,7.2,4.9,3.0,3.0,Yes,Yes,Science,0
18.0,Female,College,Medium,Yes,11.5,7.8,2.8,4.0,4.0,Yes,Yes,Science,0
18.0,Female,College,Medium,No,12.9,8.5,2.9,3.0,3.0,No,Yes,Math,0
13.0,Female,High school,Low,Yes,9.9,9.3,4.4,3.0,2.0,Yes,Yes,Math,0
13.0,Male,High school,Medium,Yes,7.3,7.6,4.3,3.0,3.0,Yes,Yes,Math,0
13.0,Male,College,High,Yes,11.3,6.7,2.3,5.0,3.0,Yes,Yes,Math,0
14.0,Female,College,Medium,No,11.4,7.9,6.8,1.0,1.0,Yes,Yes,English,0
13.0,Prefer not to say,College,Medium,Yes,8.0,5.9,3.2,2.0,4.0,No,Yes,Math,0
14.0,Female,College,Medium,Yes,8.6,7.4,7.3,3.0,4.0,Yes,Yes,English,0
12.0,Female,College,Medium,Yes,8.8,7.9,4.2,5.0,1.0,Yes,No,Math,0
13.0,Female,College,High,Yes,11.5,8.6,2.2,2.0,4.0,Yes,Yes,Math,0
13.0,Female,College,Medium,Yes,8.6,7.5,4.6,3.0,3.0,Yes,Yes,History,0
18.0,Male,High school,Medium,Yes,14.0,7.5,2.7,4.0,2.0,No,Yes,Math,0
16.0,Male,Postgrad,Medium,Yes,14.7,8.3,5.7,3.0,1.0,Yes,Yes,History,0
18.0,Female,College,Low,Yes,14.0,7.1,2.2,4.0,3.0,Yes,Yes,English,0
14.0,Male,No formal,Medium,Yes,15.7,7.3,2.2,2.0,2.0,Yes,Yes,English,0
15.0,Female,High school,Low,Yes,10.4,6.1,3.3,4.0,1.0,Yes,Yes,Math,0
18.0,Male,Postgrad,Medium,Yes,17.2,8.3,2.8,1.0,5.0,Yes,Yes,English,0
17.0,Female,No formal,Medium,Yes,8.1,7.8,4.6,5.0,2.0,No,Yes,Science,0
16.0,Female,Postgrad,Medium,Yes,12.0,5.6,5.3,2.0,1.0,No,Yes,Science,0
16.0,Female,College,Low,No,8.6,7.2,3.0,2.0,3.0,Yes,Yes,Math,0
13.0,Female,College,Medium,Yes,13.3,8.5,5.0,4.0,5.0,Yes,Yes,Math,0
14.0,Prefer not to say,Postgrad,Medium,Yes,5.4,6.0,4.8,2.0,4.0,No,Yes,Science,0
18.0,Female,College,Medium,Yes,12.7,7.4,2.4,2.0,1.0,Yes,Yes,Math,0
14.0,Male,College,Medium,Yes,9.2,7.7,2.5,4.0,4.0,Yes,Yes,Math,0
14.0,Female,No formal,High,Yes,15.0,8.1,4.1,5.0,5.0,Yes,Yes,History,0
18.0,Male,College,Medium,No,8.8,7.4,1.6,2.0,2.0,No,Yes,English,0
15.0,Female,High school,Medium,Yes,9.5,8.6,5.7,1.0,3.0,No,Yes,Science,0
15.0,Female,College,Medium,No,14.4,7.9,2.8,2.0,5.0,Yes,Yes,Science,0
15.0,Female,College,Medium,No,14.1,7.8,5.7,3.0,4.0,No,Yes,Science,0
18.0,Female,College,Medium,Yes,12.9,7.2,1.5,5.0,5.0,Yes,Yes,History,0
15.0,Male,College,Low,Yes,6.9,7.5,3.1,3.0,4.0,No,Yes,History,0
15.0,Female,High school,Low,Yes,16.1,8.0,5.7,4.0,4.0,Yes,Yes,Math,0
16.0,Male,No formal,Medium,No,11.9,7.8,5.1,4.0,4.0,No,Yes,Math,0
18.0,Male,College,Low,No,17.0,6.7,2.9,3.0,4.0,No,No,Math,0
16.0,Female,College,Medium,Yes,12.4,8.2,5.1,5.0,2.0,No,Yes,Math,0
17.0,Female,College,High,Yes,12.3,6.5,7.3,5.0,1.0,Yes,Yes,Science,0
13.0,Male,College,Low,No,6.8,7.8,3.7,5.0,1.0,Yes,Yes,Math,0
15.0,Male,No formal,Medium,No,2.7,7.9,3.4,3.0,4.0,Yes,Yes,Science,0
12.0,Male,No formal,High,Yes,15.1,9.2,2.8,2.0,2.0,No,Yes,Unknown,0
13.0,Male,College,Medium,Yes,7.9,7.6,4.4,4.0,5.0,Yes,Yes,Science,0
13.0,Female,High school,Medium,Yes,16.6,8.0,5.7,5.0,1.0,No,Yes,Math,0
15.0,Male,Postgrad,Medium,Yes,14.0,8.8,4.4,2.0,5.0,Yes,Yes,History,0
16.0,Female,College,Low,Yes,12.8,7.4,5.0,2.0,3.0,Yes,Yes,Geography,0
14.0,Female,Postgrad,Medium,No,9.4,6.1,5.6,5.0,4.0,Yes,Yes,Math,0
17.0,Female,Postgrad,Low,No,19.8,7.2,3.0,5.0,5.0,Yes,Yes,Unknown,0
18.0,Male,College,Medium,Yes,7.1,6.5,4.9,2.0,2.0,Yes,Yes,Math,0
14.0,Prefer not to say,College,High,No,7.4,9.8,5.7,5.0,3.0,No,Yes,Math,0
18.0,Male,High school,Medium,No,9.1,8.6,2.0,1.0,3.0,No,Yes,Math,0
16.0,Female,College,Medium,Yes,12.6,6.9,5.8,1.0,1.0,No,Yes,Unknown,0
14.0,Male,College,Low,Yes,9.5,7.1,6.8,3.0,4.0,Yes,Yes,Math,0
15.0,Female,No formal,Medium,Yes,11.4,8.3,2.8,2.0,2.0,Yes,Yes,English,0
16.0,Prefer not to say,High school,Medium,No,7.3,8.9,4.5,3.0,2.0,No,Yes,English,0
14.0,Female,College,High,No,6.6,8.5,6.1,4.0,3.0,No,Yes,Math,0
16.0,Male,College,Low,Yes,12.8,8.7,4.9,3.0,1.0,Yes,Yes,English,0
17.0,Male,College,Medium,Yes,8.4,6.7,5.2,1.0,5.0,No,Yes,English,0
18.0,Female,College,Medium,No,19.1,8.1,2.9,3.0,2.0,Yes,Yes,Math,0
15.0,Male,High school,Medium,Yes,10.9,7.4,2.7,5.0,4.0,Yes,Yes,Science,0
14.0,Male,Postgrad,Medium,Yes,4.7,8.2,5.2,1.0,3.0,Yes,Yes,Math,0
18.0,Male,College,Medium,Yes,12.9,8.1,5.0,5.0,2.0,Yes,Yes,English,0
13.0,Female,High school,High,Yes,9.9,6.5,4.8,1.0,4.0,Yes,Yes,Science,0
16.0,Female,High school,Low,No,13.2,8.0,6.3,4.0,3.0,No,Yes,Science,0
18.0,Prefer not to say,College,Medium,No,13.6,5.7,4.7,3.0,2.0,Yes,Yes,English,0
13.0,Female,High school,Medium,Yes,7.3,8.5,3.7,3.0,4.0,Yes,Yes,Science,0
13.0,Male,No formal,Medium,Yes,12.3,6.2,5.0,3.0,3.0,Yes,Yes,Geography,0
14.0,Prefer not to say,High school,Medium,Yes,11.4,7.6,2.8,3.0,2.0,Yes,Yes,Science,0
15.0,Female,College,High,Yes,16.3,7.5,1.0,5.0,3.0,Yes,Yes,Unknown,0
18.0,Female,High school,Medium,Yes,13.3,9.1,3.9,5.0,2.0,Yes,Yes,Math,0
16.0,Female,High school,Medium,No,12.7,7.5,3.5,1.0,2.0,No,Yes,English,0
18.0,Male,College,High,Yes,14.4,7.7,4.1,3.0,5.0,Yes,Yes,History,0
12.0,Female,College,Low,Yes,6.1,6.3,3.0,2.0,3.0,No,Yes,English,0
13.0,Female,High school,Medium,Yes,10.2,6.8,3.5,1.0,2.0,No,Yes,Math,0
18.0,Male,Postgrad,High,No,13.3,6.1,5.4,2.0,2.0,Yes,Yes,Math,0
17.0,Male,College,Medium,Yes,11.7,7.7,4.0,5.0,2.0,No,Yes,History,0
14.0,Female,High school,Low,Yes,12.7,9.0,5.3,5.0,4.0,Yes,Yes,Geography,0
13.0,Female,No formal,High,Yes,5.9,9.1,2.1,5.0,3.0,Yes,Yes,History,0
16.0,Male,College,Medium,No,9.0,9.0,3.6,4.0,1.0,No,Yes,Science,0
16.0,Female,College,Medium,Yes,10.7,6.5,3.3,2.0,5.0,Yes,Yes,History,0
17.0,Male,College,Low,Yes,9.3,10.2,4.9,3.0,1.0,Yes,Yes,Unknown,0
15.0,Female,College,Medium,Yes,6.3,6.6,3.2,3.0,4.0,Yes,Yes,Science,0
16.0,Male,College,Medium,Yes,16.1,7.8,5.6,5.0,4.0,Yes,Yes,Math,0
18.0,Female,College,Medium,Yes,15.6,7.5,4.4,1.0,2.0,No,Yes,Science,0
15.0,Female,College,High,Yes,11.4,9.3,7.2,5.0,2.0,No,Yes,Science,0
18.0,Male,High school,Medium,Yes,12.5,8.0,4.1,4.0,2.0,No,Yes,Unknown,0
17.0,Prefer not to say,High school,Medium,No,14.5,9.8,1.7,1.0,3.0,No,Yes,English,0
16.0,Female,High school,Medium,Yes,6.8,6.5,4.7,5.0,2.0,Yes,Yes,Geography,0
15.0,Prefer not to say,College,Medium,No,11.6,9.2,5.8,3.0,2.0,Yes,Yes,Math,0
16.0,Female,High school,Medium,Yes,8.0,8.1,6.0,3.0,5.0,Yes,Yes,Science,0
15.0,Male,Postgrad,Medium,Yes,9.7,9.0,2.7,3.0,3.0,Yes,Yes,Math,0
18.0,Female,High school,Medium,Yes,11.5,5.4,3.7,5.0,2.0,No,Yes,Math,0
12.0,Male,Postgrad,Low,No,9.5,7.2,2.9,5.0,4.0,No,Yes,History,0
16.0,Female,Postgrad,Medium,Yes,17.5,5.5,5.0,4.0,5.0,No,Yes,Science,0
14.0,Female,College,Low,Yes,15.9,9.4,3.8,4.0,3.0,Yes,Yes,Math,0
18.0,Male,High school,Low,Yes,13.5,7.6,2.9,5.0,1.0,Yes,Yes,Science,0
15.0,Female,Postgrad,Medium,Yes,12.1,7.0,4.8,5.0,2.0,No,Yes,History,0
17.0,Female,College,Low,No,13.8,8.2,1.5,4.0,2.0,Yes,Yes,Math,0
18.0,Male,College,Medium,Yes,18.0,7.6,2.5,1.0,1.0,Yes,Yes,Science,0
15.0,Male,College,Medium,Yes,5.0,5.8,5.5,5.0,4.0,Yes,Yes,Science,0
13.0,Female,College,Medium,Yes,13.4,8.6,5.5,4.0,2.0,Yes,Yes,Geography,0
17.0,Male,College,High,Yes,10.4,6.7,3.6,5.0,4.0,No,Yes,English,0
18.0,Female,College,Low,No,16.8,9.1,4.5,5.0,5.0,Yes,Yes,History,0
13.0,Female,College,Low,Yes,8.1,8.4,3.9,3.0,3.0,Yes,Yes,History,0
18.0,Male,Postgrad,Medium,Yes,13.4,9.2,2.7,2.0,1.0,Yes,Yes,English,0
15.0,Prefer not to say,College,Medium,Yes,12.2,9.0,3.6,3.0,5.0,Yes,Yes,English,0
16.0,Female,College,Medium,No,9.7,8.3,3.6,3.0,3.0,Yes,Yes,Unknown,0
18.0,Male,College,Medium,Yes,14.3,6.8,4.9,5.0,1.0,Yes,Yes,History,0
16.0,Male,High school,Low,No,7.8,8.2,2.8,4.0,4.0,No,Yes,Science,0
15.0,Female,High school,Medium,Yes,7.9,7.1,3.0,5.0,1.0,No,Yes,History,0
12.0,Male,College,Medium,Yes,14.0,8.0,3.1,1.0,3.0,No,Yes,History,0
17.0,Male,College,Medium,Yes,15.1,8.3,5.0,5.0,3.0,Yes,Yes,Geography,0
12.0,Male,High school,Medium,Yes,6.3,7.9,5.0,3.0,5.0,No,Yes,History,0
15.0,Female,College,Medium,Yes,9.4,7.5,8.0,2.0,2.0,Yes,Yes,Math,0
15.0,Male,College,High,Yes,11.3,8.1,7.3,2.0,1.0,Yes,Yes,Science,0
16.0,Female,High school,Low,Yes,10.2,7.0,2.6,4.0,5.0,No,Yes,Science,0
18.0,Male,High school,Low,No,14.2,8.1,2.8,5.0,3.0,Yes,Yes,Math,0
18.0,Female,College,Medium,No,10.8,8.4,5.9,4.0,2.0,Yes,Yes,Science,0
16.0,Female,High school,Low,Yes,7.4,7.2,5.7,5.0,1.0,No,Yes,Science,0
17.0,Male,Postgrad,Medium,Yes,13.9,7.2,2.1,5.0,1.0,Yes,Yes,Math,0
15.0,Female,No formal,High,Yes,12.7,6.9,4.0,2.0,1.0,Yes,Yes,English,0
16.0,Female,College,Low,Yes,11.7,6.8,3.1,2.0,3.0,Yes,No,Science,0
15.0,Female,High school,Low,Yes,8.4,7.1,4.6,5.0,1.0,Yes,Yes,Unknown,0
16.0,Male,College,High,Yes,13.7,6.5,7.7,5.0,2.0,No,Yes,Unknown,0
16.0,Male,College,Low,No,8.3,7.0,6.0,3.0,4.0,Yes,Yes,History,0
12.0,Male,High school,High,Yes,8.5,8.0,3.9,3.0,3.0,Yes,Yes,History,0
18.0,Female,High school,Medium,No,19.1,8.7,5.3,3.0,3.0,No,Yes,English,0
16.0,Male,College,High,Yes,12.3,6.8,3.2,2.0,2.0,Yes,Yes,Unknown,0
18.0,Female,High school,Low,No,15.9,7.8,4.0,2.0,2.0,No,Yes,English,0
15.0,Female,Postgrad,Low,Yes,11.2,6.5,6.1,4.0,4.0,No,Yes,Science,0
17.0,Male,High school,High,No,16.5,7.9,3.2,2.0,5.0,Yes,Yes,Unknown,0
13.0,Male,No formal,Medium,Yes,6.4,6.1,4.7,1.0,5.0,Yes,Yes,English,0
14.0,Male,No formal,Medium,Yes,6.4,7.2,2.9,1.0,2.0,Yes,Yes,English,0
17.0,Female,College,Medium,Yes,18.3,6.9,3.1,2.0,3.0,No,Yes,Math,0
15.0,Female,College,Medium,Yes,7.9,7.9,3.7,3.0,5.0,Yes,Yes,Math,0
16.0,Female,High school,Medium,No,14.8,9.2,2.7,5.0,1.0,Yes,Yes,History,0
17.0,Female,High school,Medium,Yes,10.4,5.3,5.5,3.0,5.0,No,Yes,Science,0
16.0,Female,High school,Medium,Yes,6.9,6.2,2.7,3.0,4.0,Yes,Yes,Geography,0
13.0,Male,High school,High,Yes,3.6,10.2,3.2,4.0,3.0,Yes,Yes,Science,0
12.0,Female,College,Medium,No,9.8,6.3,1.9,3.0,2.0,Yes,No,Science,0
15.0,Male,College,Medium,No,10.7,6.7,2.2,3.0,1.0,Yes,Yes,Math,0
13.0,Female,Postgrad,Medium,Yes,13.3,9.7,4.6,1.0,5.0,No,Yes,Math,0
17.0,Female,High school,Low,Yes,9.8,5.9,4.5,5.0,2.0,Yes,Yes,English,0
13.0,Female,Postgrad,Medium,No,17.2,7.4,4.7,5.0,2.0,Yes,Yes,Math,0
18.0,Female,College,Medium,Yes,19.6,5.4,3.3,2.0,1.0,Yes,Yes,Science,0
18.0,Male,Postgrad,High,Yes,19.1,7.6,3.2,5.0,2.0,Yes,Yes,Unknown,0
17.0,Prefer not to say,College,High,Yes,19.3,6.5,5.2,3.0,1.0,No,Yes,Science,0
15.0,Female,Postgrad,High,Yes,13.4,6.2,7.6,1.0,1.0,Yes,Yes,Math,0
17.0,Female,No formal,Low,No,12.3,5.6,5.1,2.0,2.0,No,Yes,Math,0
13.0,Female,High school,Low,No,10.5,8.9,2.6,4.0,5.0,Yes,Yes,Math,0
14.0,Female,High school,High,Yes,12.6,9.3,5.9,4.0,2.0,Yes,Yes,Science,0
14.0,Female,High school,High,Yes,11.2,8.9,4.1,5.0,5.0,No,Yes,History,0
16.0,Male,College,Medium,Yes,10.4,7.8,4.0,4.0,2.0,Yes,Yes,Science,0
16.0,Female,Postgrad,High,No,5.1,6.9,4.4,4.0,3.0,Yes,No,Science,0
14.0,Female,High school,Low,Yes,5.5,5.9,5.2,3.0,1.0,No,Yes,Unknown,0
16.0,Female,High school,Medium,Yes,6.9,7.8,6.5,2.0,1.0,Yes,Yes,Science,0
18.0,Female,Postgrad,High,Yes,9.4,6.2,4.0,1.0,4.0,No,Yes,Math,0
14.0,Prefer not to say,No formal,Medium,No,12.7,9.4,4.8,2.0,2.0,No,Yes,Geography,0
14.0,Female,Postgrad,High,Yes,10.2,7.0,4.4,2.0,2.0,Yes,Yes,Math,0
14.0,Male,High school,Medium,Yes,9.5,6.8,7.9,4.0,5.0,Yes,Yes,English,0
14.0,Female,High school,Medium,Yes,14.7,8.4,4.9,2.0,3.0,Yes,Yes,Science,0
18.0,Male,Postgrad,Medium,Yes,9.6,8.4,2.3,1.0,5.0,No,No,History,0
16.0,Female,College,Medium,Yes,15.3,7.9,7.6,2.0,2.0,Yes,Yes,Science,0
17.0,Female,College,Low,Yes,17.1,7.4,4.1,2.0,1.0,No,Yes,History,0
17.0,Female,Postgrad,Medium,Yes,13.1,7.7,3.5,3.0,1.0,Yes,Yes,Science,0
16.0,Female,College,Medium,No,12.7,8.5,2.8,4.0,1.0,Yes,Yes,Math,0
13.0,Male,College,High,No,10.2,6.8,3.4,4.0,5.0,Yes,Yes,Unknown,0
18.0,Male,High school,Medium,No,19.3,7.7,3.5,1.0,5.0,No,Yes,Science,0
15.0,Female,College,Medium,Yes,11.5,6.4,1.0,2.0,3.0,Yes,Yes,English,0
17.0,Female,College,Low,Yes,7.1,8.5,5.7,3.0,3.0,Yes,Yes,Science,0
15.0,Female,College,Medium,Yes,10.4,8.5,5.2,5.0,5.0,Yes,Yes,Math,0
17.0,Female,High school,Medium,Yes,10.6,8.1,2.2,2.0,5.0,Yes,No,Math,0
13.0,Male,College,Low,Yes,12.9,7.8,1.7,5.0,5.0,No,Yes,English,0
16.0,Male,High school,Low,Yes,19.8,9.4,2.8,1.0,2.0,No,Yes,Math,0
15.0,Female,College,Medium,Yes,12.3,5.4,5.0,4.0,2.0,Yes,Yes,Math,0
12.0,Male,Postgrad,Low,No,4.4,7.4,4.1,4.0,2.0,Yes,Yes,English,0
16.0,Female,No formal,Low,Yes,11.9,7.7,2.3,4.0,1.0,Yes,Yes,Unknown,0
13.0,Female,Postgrad,High,No,8.4,8.0,1.3,4.0,1.0,No,Yes,Geography,0
13.0,Female,College,Medium,Yes,9.0,8.8,5.4,1.0,2.0,Yes,Yes,Math,0
16.0,Female,College,Medium,Yes,9.1,8.0,5.3,1.0,4.0,Yes,Yes,Science,0
13.0,Male,College,High,Yes,7.0,8.6,5.3,2.0,3.0,Yes,Yes,Math,0
12.0,Female,High school,Medium,Yes,7.3,8.2,3.0,4.0,3.0,Yes,Yes,Science,0
18.0,Prefer not to say,College,High,Yes,12.5,5.4,5.8,3.0,5.0,Yes,Yes,Science,0
17.0,Male,College,Low,Yes,9.0,8.1,4.7,4.0,1.0,Yes,Yes,Unknown,0
14.0,Female,College,Medium,Yes,9.2,6.8,4.6,1.0,4.0,Yes,Yes,Science,0
15.0,Female,High school,Medium,Yes,8.7,6.7,6.1,4.0,2.0,Yes,Yes,Math,0
15.0,Male,College,Medium,Yes,10.1,7.1,4.4,2.0,5.0,No,Yes,English,0
17.0,Male,College,Medium,Yes,14.9,9.8,1.3,5.0,2.0,Yes,Yes,Unknown,0
17.0,Prefer not to say,Postgrad,Medium,Yes,9.6,6.1,5.0,3.0,3.0,No,Yes,English,0
15.0,Male,Postgrad,High,Yes,7.7,7.1,2.6,3.0,1.0,Yes,Yes,History,0
18.0,Male,No formal,Low,No,13.3,7.0,5.6,5.0,1.0,Yes,Yes,English,0
12.0,Female,High school,Medium,Yes,7.9,7.7,3.4,2.0,4.0,Yes,Yes,Geography,0
16.0,Female,High school,Medium,Yes,11.7,7.2,5.1,1.0,5.0,Yes,Yes,Math,0
13.0,Male,High school,Medium,No,10.5,6.7,2.1,2.0,4.0,Yes,Yes,Math,0
18.0,Male,Postgrad,Medium,Yes,11.2,6.5,4.4,1.0,4.0,Yes,Yes,English,0
17.0,Male,Postgrad,Low,Yes,14.5,6.4,4.4,5.0,3.0,Yes,Yes,History,0
17.0,Female,College,Low,Yes,15.8,6.7,3.7,2.0,1.0,No,Yes,Unknown,0
14.0,Male,Postgrad,Medium,No,6.4,6.3,3.0,5.0,5.0,Yes,Yes,Geography,0
17.0,Male,Postgrad,Medium,Yes,18.1,8.2,5.6,5.0,4.0,Yes,Yes,Math,0
16.0,Male,Postgrad,Low,No,10.3,8.1,4.3,3.0,3.0,No,Yes,Math,0
14.0,Female,College,Medium,Yes,10.9,5.6,4.9,3.0,3.0,Yes,Yes,Math,0
14.0,Male,College,High,Yes,12.4,8.0,2.4,1.0,4.0,No,Yes,English,0
14.0,Male,College,Low,No,11.9,7.9,5.4,5.0,1.0,Yes,Yes,Science,0
15.0,Male,College,Medium,No,12.6,5.3,7.3,3.0,3.0,Yes,No,English,0
14.0,Female,High school,High,Yes,13.0,8.8,3.6,4.0,3.0,Yes,Yes,Unknown,0
17.0,Female,Postgrad,Medium,Yes,18.1,8.4,2.6,4.0,3.0,No,Yes,Math,0
14.0,Female,College,Low,Yes,10.6,8.4,5.3,4.0,5.0,Yes,Yes,Science,0
16.0,Male,High school,High,No,11.1,7.9,2.9,1.0,3.0,Yes,No,Geography,0
12.0,Female,High school,High,Yes,6.3,7.7,4.9,4.0,3.0,No,Yes,Unknown,0
15.0,Female,High school,Low,Yes,17.7,7.1,5.7,5.0,5.0,Yes,Yes,English,0
16.0,Male,Postgrad,Low,Yes,10.4,9.7,3.1,5.0,5.0,Yes,Yes,Unknown,0
12.0,Female,College,Medium,Yes,7.5,7.2,2.1,5.0,5.0,Yes,Yes,Science,0
13.0,Female,College,Medium,Yes,13.8,7.5,2.4,5.0,4.0,No,No,Science,0
14.0,Female,Postgrad,Low,Yes,6.7,8.8,5.0,4.0,4.0,No,Yes,History,0
16.0,Male,High school,Low,No,9.4,7.9,3.4,5.0,5.0,Yes,Yes,Science,0
12.0,Male,High school,Low,No,11.9,7.8,3.0,5.0,5.0,Yes,No,Math,0
16.0,Male,High school,Medium,Yes,10.7,5.7,2.0,2.0,4.0,Yes,Yes,History,0
15.0,Female,High school,Low,Yes,8.0,7.8,2.6,4.0,3.0,Yes,Yes,Unknown,0
17.0,Female,College,Low,Yes,10.6,6.8,4.6,5.0,1.0,No,No,Science,0
14.0,Female,College,Low,Yes,12.0,8.0,5.3,3.0,5.0,Yes,No,Science,0
18.0,Male,College,Low,No,13.4,8.9,4.2,4.0,1.0,No,Yes,Math,0
15.0,Male,College,Low,Yes,13.6,6.9,3.4,4.0,1.0,Yes,Yes,Math,0
17.0,Female,High school,Low,Yes,8.2,8.5,2.3,5.0,5.0,Yes,Yes,History,0
13.0,Prefer not to say,College,Low,Yes,12.4,7.6,2.6,4.0,3.0,Yes,Yes,Math,0
16.0,Female,No formal,Medium,Yes,11.0,7.3,3.8,3.0,4.0,No,Yes,Geography,0
17.0,Female,High school,High,Yes,19.4,7.2,3.9,2.0,5.0,Yes,Yes,Science,0
17.0,Male,High school,Low,No,10.3,6.0,6.5,5.0,2.0,No,Yes,Math,0
18.0,Prefer not to say,High school,Low,No,19.4,5.6,3.6,4.0,4.0,Yes,Yes,Unknown,0
18.0,Male,High school,Low,No,13.6,7.1,6.4,5.0,5.0,Yes,Yes,English,0
14.0,Male,College,Low,Yes,4.0,7.6,5.8,2.0,2.0,Yes,Yes,History,0
15.0,Female,Postgrad,Medium,Yes,14.5,8.4,2.9,3.0,4.0,Yes,Yes,English,0
15.0,Female,High school,Medium,No,14.3,7.8,6.9,2.0,2.0,Yes,Yes,Science,0
17.0,Female,College,High,Yes,10.4,8.9,2.5,5.0,4.0,Yes,No,Unknown,0
13.0,Male,College,High,Yes,10.1,8.0,2.5,4.0,5.0,Yes,Yes,Science,0
13.0,Female,College,Low,No,14.1,7.0,7.8,1.0,1.0,Yes,Yes,English,0
14.0,Female,College,Low,Yes,14.3,7.5,6.2,2.0,1.0,No,Yes,Science,0
14.0,Male,No formal,Medium,No,13.8,7.3,1.5,5.0,2.0,Yes,Yes,Math,0
16.0,Female,No formal,Medium,Yes,9.5,8.5,1.4,2.0,3.0,Yes,Yes,Science,0
13.0,Female,College,Medium,No,9.1,8.7,3.8,3.0,2.0,Yes,Yes,Science,0
12.0,Male,Postgrad,Low,Yes,7.8,7.3,2.8,3.0,2.0,Yes,No,Math,0
17.0,Female,No formal,Medium,Yes,14.8,7.1,2.8,4.0,1.0,Yes,Yes,History,0
15.0,Male,High school,High,Yes,10.5,5.8,4.7,5.0,1.0,Yes,Yes,Math,0
18.0,Male,College,High,Yes,11.7,7.4,4.9,4.0,1.0,Yes,Yes,Math,0
16.0,Male,College,Medium,Yes,18.2,8.2,4.0,4.0,5.0,Yes,Yes,Science,0
13.0,Female,College,Low,Yes,15.0,4.7,2.0,3.0,2.0,Yes,Yes,Math,0
17.0,Female,College,Medium,Yes,15.1,8.3,4.3,5.0,3.0,Yes,Yes,Science,0
18.0,Male,Postgrad,Medium,No,13.2,7.9,2.3,5.0,4.0,Yes,Yes,English,0
15.0,Female,College,Medium,Yes,13.2,7.9,3.7,3.0,2.0,Yes,Yes,Science,0
14.0,Male,College,High,Yes,11.3,8.5,4.9,3.0,1.0,Yes,Yes,Math,0
18.0,Male,College,Low,Yes,18.8,9.5,4.4,2.0,3.0,No,Yes,Science,0
13.0,Male,High school,Medium,Yes,11.4,7.2,6.7,1.0,1.0,Yes,Yes,Geography,0
13.0,Female,College,Medium,Yes,11.4,6.6,3.8,5.0,4.0,Yes,Yes,English,0
13.0,Male,College,Low,Yes,9.7,6.6,2.9,5.0,5.0,Yes,Yes,Science,0
15.0,Female,No formal,Low,Yes,13.0,6.7,4.6,3.0,5.0,Yes,No,Math,0
17.0,Female,High school,High,No,8.9,8.6,1.9,4.0,4.0,Yes,Yes,Math,0
13.0,Female,College,High,No,14.4,8.3,6.5,3.0,5.0,Yes,Yes,Geography,0
15.0,Male,High school,Medium,Yes,12.9,6.2,3.8,2.0,5.0,No,Yes,Science,0
16.0,Male,Postgrad,Medium,No,16.9,8.8,4.2,4.0,5.0,Yes,Yes,Science,0
17.0,Female,College,Medium,Yes,13.0,8.4,2.7,1.0,3.0,Yes,Yes,Geography,0
14.0,Male,High school,Medium,Yes,8.4,6.6,5.5,3.0,1.0,Yes,Yes,Science,0
16.0,Female,No formal,High,Yes,10.2,8.0,4.9,5.0,5.0,Yes,Yes,Science,0
16.0,Male,No formal,Medium,Yes,16.0,7.3,3.7,4.0,1.0,No,Yes,Geography,0
18.0,Male,High school,Medium,Yes,16.9,7.4,2.9,3.0,2.0,Yes,No,History,0
13.0,Female,No formal,Low,Yes,14.0,8.6,4.3,1.0,4.0,No,Yes,English,0
13.0,Male,High school,Medium,Yes,11.6,6.4,4.8,5.0,5.0,Yes,Yes,Math,0
14.0,Male,High school,Medium,No,9.2,7.2,6.9,1.0,1.0,Yes,Yes,Science,0
12.0,Female,College,Medium,Yes,9.5,6.7,4.2,4.0,3.0,Yes,Yes,English,0
16.0,Female,College,Medium,Yes,7.3,9.3,1.0,1.0,5.0,No,Yes,History,0
16.0,Male,College,Medium,Yes,11.2,7.3,4.4,5.0,2.0,Yes,Yes,Math,0
16.0,Female,High school,High,Yes,21.2,5.7,8.6,2.0,5.0,Yes,Yes,Science,0
17.0,Female,High school,Medium,Yes,4.4,8.6,2.9,4.0,3.0,Yes,Yes,English,0
14.0,Female,High school,Medium,No,6.2,7.0,4.8,5.0,4.0,No,No,Math,0
18.0,Male,College,Medium,Yes,13.6,6.9,6.2,2.0,5.0,Yes,Yes,Math,0
15.0,Male,College,High,Yes,8.1,6.8,5.1,5.0,4.0,No,Yes,History,0
12.0,Female,College,Medium,No,6.3,7.8,6.2,2.0,2.0,Yes,Yes,Science,0
13.0,Female,College,Low,No,10.2,8.2,1.5,4.0,3.0,Yes,Yes,Science,0
13.0,Female,College,Medium,Yes,14.5,8.7,3.8,2.0,3.0,Yes,Yes,Unknown,0
18.0,Male,High school,Low,Yes,20.6,6.8,3.6,4.0,3.0,Yes,Yes,Math,0
16.0,Male,College,Low,Yes,15.3,8.7,4.7,4.0,2.0,No,Yes,History,0
13.0,Female,High school,High,Yes,10.5,8.1,1.0,2.0,1.0,Yes,No,Geography,0
16.0,Female,College,Low,Yes,16.7,6.6,1.0,4.0,4.0,Yes,Yes,English,0
13.0,Male,College,High,Yes,9.2,6.6,3.3,3.0,3.0,No,Yes,Math,0
14.0,Female,High school,Medium,No,14.9,6.7,5.9,1.0,1.0,Yes,Yes,Math,0
14.0,Female,Postgrad,Medium,No,10.5,8.7,5.4,4.0,2.0,Yes,Yes,Unknown,0
14.0,Female,College,Low,No,5.1,8.7,5.6,4.0,3.0,No,Yes,English,0
14.0,Female,College,Low,No,14.2,6.6,4.8,5.0,3.0,Yes,Yes,History,0
13.0,Female,College,Medium,Yes,15.9,8.1,4.4,4.0,3.0,Yes,Yes,Science,0
17.0,Female,No formal,Low,No,14.8,7.1,5.4,5.0,5.0,Yes,No,History,0
16.0,Prefer not to say,College,Medium,Yes,10.5,8.7,4.3,3.0,4.0,Yes,Yes,Unknown,0
17.0,Female,College,High,Yes,8.2,7.0,3.8,4.0,5.0,No,Yes,Geography,0
17.0,Male,College,High,Yes,11.5,7.9,3.5,5.0,1.0,Yes,Yes,Math,0
17.0,Female,High school,Medium,Yes,10.5,8.8,4.0,4.0,4.0,No,Yes,Science,0
12.0,Male,High school,Low,Yes,8.3,7.4,5.5,5.0,3.0,Yes,Yes,Math,0
15.0,Female,Postgrad,Medium,Yes,13.8,8.0,6.3,4.0,1.0,Yes,Yes,History,0
16.0,Male,High school,High,No,11.0,8.8,6.7,3.0,2.0,No,Yes,Science,0
17.0,Male,College,Medium,Yes,10.1,7.1,6.2,2.0,4.0,Yes,Yes,History,0
16.0,Female,High school,Medium,No,5.0,8.7,4.8,4.0,3.0,No,Yes,Science,0
15.0,Male,College,High,Yes,9.0,8.4,4.2,1.0,2.0,No,Yes,Science,0
13.0,Female,College,Low,Yes,13.1,7.1,1.0,4.0,3.0,No,Yes,English,0
12.0,Female,No formal,High,Yes,6.4,7.6,1.4,2.0,1.0,No,Yes,Math,0
18.0,Female,College,Medium,No,13.6,11.2,3.5,1.0,3.0,Yes,No,Math,0
16.0,Female,College,Medium,Yes,8.2,7.9,1.7,3.0,2.0,Yes,Yes,Science,0
14.0,Female,High school,Medium,No,9.5,8.2,1.9,1.0,4.0,Yes,Yes,Science,0
18.0,Male,No formal,Low,Yes,15.4,8.7,3.9,4.0,4.0,No,Yes,Math,0
15.0,Male,College,Medium,Yes,10.5,8.0,7.1,5.0,1.0,No,Yes,Science,0
16.0,Male,College,Low,Yes,15.7,7.9,3.5,2.0,2.0,Yes,Yes,Science,0
15.0,Female,College,Medium,No,8.1,8.1,3.4,4.0,3.0,No,Yes,Science,0
12.0,Male,Postgrad,Low,No,11.1,9.4,6.1,3.0,1.0,Yes,Yes,Geography,0
13.0,Male,No formal,Medium,Yes,10.4,8.7,4.0,4.0,3.0,No,Yes,Math,0
16.0,Male,College,High,Yes,13.5,7.8,2.9,3.0,5.0,Yes,Yes,Science,0
13.0,Female,College,Medium,Yes,17.3,6.1,7.6,2.0,2.0,Yes,Yes,Unknown,0
15.0,Female,College,High,Yes,14.2,9.8,3.7,3.0,5.0,Yes,Yes,Math,0
13.0,Male,Postgrad,Medium,No,11.6,8.2,4.4,4.0,4.0,Yes,No,Math,0
16.0,Male,College,Low,Yes,17.5,6.5,8.0,4.0,1.0,No,Yes,Science,0
17.0,Female,High school,High,No,8.3,6.5,4.8,4.0,1.0,No,Yes,Geography,0
18.0,Male,High school,High,Yes,11.0,7.7,6.3,3.0,4.0,Yes,Yes,Science,0
13.0,Female,High school,High,Yes,10.0,5.9,4.4,2.0,2.0,Yes,Yes,Math,0
18.0,Female,No formal,Medium,Yes,11.1,6.7,1.9,3.0,2.0,Yes,Yes,Geography,0
16.0,Male,College,Low,No,9.7,6.1,2.9,1.0,5.0,Yes,Yes,Math,0
17.0,Female,College,High,Yes,19.2,6.3,1.4,4.0,3.0,Yes,Yes,Math,0
12.0,Male,Postgrad,Low,No,7.2,7.1,2.8,5.0,2.0,Yes,Yes,Math,0
16.0,Prefer not to say,College,Medium,Yes,15.4,7.7,4.5,5.0,1.0,Yes,Yes,Math,0
14.0,Female,High school,Medium,Yes,12.2,7.6,5.8,2.0,3.0,No,Yes,English,0
12.0,Male,High school,Medium,Yes,11.1,7.5,2.7,4.0,1.0,Yes,Yes,Science,0
18.0,Prefer not to say,Postgrad,Medium,Yes,13.1,8.2,7.8,3.0,1.0,Yes,No,Science,0
17.0,Female,College,High,Yes,12.7,7.7,4.9,5.0,5.0,Yes,Yes,Math,0
12.0,Male,Postgrad,Low,Yes,7.1,9.7,4.3,4.0,2.0,Yes,Yes,Math,0
15.0,Male,Postgrad,Low,No,9.6,8.4,1.0,4.0,2.0,Yes,Yes,Science,0
14.0,Female,High school,Low,No,12.2,6.8,4.2,5.0,3.0,Yes,Yes,Unknown,0
17.0,Female,College,Medium,Yes,8.9,8.2,7.3,5.0,2.0,Yes,Yes,Science,0
13.0,Female,No formal,Medium,Yes,13.3,8.9,7.2,3.0,2.0,No,Yes,English,0
16.0,Female,College,Low,No,8.7,9.2,2.2,4.0,5.0,No,Yes,History,0
14.0,Male,College,Medium,Yes,8.1,6.6,5.7,1.0,5.0,Yes,Yes,Unknown,0
17.0,Male,Postgrad,Medium,No,9.7,8.1,6.3,3.0,2.0,Yes,Yes,Math,0
13.0,Male,High school,Low,No,13.8,8.2,4.1,3.0,5.0,Yes,Yes,Science,0
16.0,Male,College,High,Yes,10.7,7.8,1.9,5.0,2.0,Yes,Yes,Science,0
14.0,Male,Postgrad,Medium,Yes,15.9,7.9,4.6,3.0,3.0,Yes,Yes,Math,0
16.0,Male,High school,Medium,No,8.7,7.9,2.1,2.0,4.0,Yes,Yes,Math,0
17.0,Female,High school,Medium,Yes,10.3,5.8,2.8,4.0,3.0,Yes,Yes,English,0
17.0,Male,College,Low,No,13.8,7.2,3.7,1.0,2.0,No,No,English,0
16.0,Male,College,High,Yes,15.7,7.8,4.8,3.0,2.0,Yes,Yes,Science,0
14.0,Female,High school,Medium,Yes,11.8,7.2,5.3,3.0,4.0,Yes,No,English,0
15.0,Female,No formal,Medium,Yes,13.9,6.5,5.5,4.0,1.0,No,Yes,Science,0
16.0,Female,High school,Medium,Yes,12.9,6.9,3.8,3.0,2.0,No,Yes,Science,0
13.0,Male,College,Low,Yes,14.0,7.3,3.9,4.0,1.0,No,Yes,Science,0
16.0,Female,College,Medium,No,7.2,7.9,4.7,5.0,3.0,Yes,No,Math,0
17.0,Female,College,Low,Yes,15.3,8.7,3.6,3.0,4.0,Yes,Yes,History,0
12.0,Male,Postgrad,Low,Yes,13.4,6.7,4.8,2.0,5.0,Yes,Yes,Science,0
16.0,Male,College,Medium,No,17.8,8.5,5.0,2.0,1.0,Yes,Yes,Math,0
13.0,Female,High school,Medium,Yes,13.3,7.3,4.4,2.0,1.0,No,Yes,Science,0
16.0,Female,No formal,Medium,Yes,11.0,8.2,3.2,2.0,4.0,Yes,Yes,English,0
17.0,Female,College,Medium,Yes,15.1,8.3,3.8,3.0,1.0,Yes,Yes,Science,0
14.0,Male,College,Medium,No,13.5,7.7,5.3,5.0,2.0,Yes,Yes,English,0
16.0,Female,High school,Medium,No,11.4,8.0,4.3,2.0,2.0,No,Yes,English,0
15.0,Male,College,Low,Yes,9.6,6.6,3.2,5.0,2.0,No,Yes,Geography,0
15.0,Female,No formal,High,Yes,21.5,6.9,3.4,3.0,3.0,No,Yes,Science,0
14.0,Female,High school,Low,Yes,13.4,7.2,4.7,2.0,5.0,No,No,Unknown,0
17.0,Male,High school,Medium,Yes,7.8,7.9,2.5,1.0,1.0,Yes,Yes,Science,0
18.0,Female,College,Medium,No,11.3,7.4,3.8,4.0,1.0,No,Yes,Math,0
18.0,Female,College,Low,Yes,8.1,7.9,1.5,5.0,4.0,No,Yes,History,0
14.0,Male,High school,Medium,Yes,13.1,7.0,2.3,5.0,1.0,No,Yes,Math,0
13.0,Male,Postgrad,Medium,Yes,10.3,8.4,4.9,1.0,2.0,Yes,Yes,Geography,0
17.0,Male,College,High,Yes,12.2,7.1,3.8,1.0,4.0,Yes,Yes,History,0
16.0,Male,College,Low,Yes,3.1,8.0,3.4,1.0,4.0,Yes,Yes,Science,0
15.0,Female,Postgrad,Low,No,13.0,7.4,4.5,4.0,5.0,Yes,Yes,History,0
14.0,Male,High school,Low,Yes,15.6,9.1,2.5,2.0,2.0,Yes,Yes,Science,0
13.0,Female,No formal,Low,Yes,10.8,8.8,6.7,2.0,2.0,Yes,Yes,Geography,0
16.0,Male,No formal,Low,No,11.0,5.7,5.3,2.0,1.0,Yes,Yes,Math,0
17.0,Male,No formal,High,Yes,14.4,6.2,4.4,5.0,4.0,No,Yes,Geography,0
18.0,Prefer not to say,College,Low,Yes,12.8,5.6,3.9,5.0,2.0,No,Yes,English,0
17.0,Female,Postgrad,Medium,Yes,9.5,8.4,4.5,3.0,1.0,No,Yes,History,0
18.0,Female,Postgrad,High,Yes,17.9,8.6,4.2,5.0,3.0,Yes,Yes,Math,0
17.0,Male,Postgrad,Medium,Yes,13.0,6.9,3.7,2.0,1.0,Yes,Yes,Math,0
12.0,Male,College,Medium,Yes,5.7,8.1,5.9,1.0,4.0,No,Yes,History,0
17.0,Male,College,Medium,No,19.8,7.8,6.6,3.0,2.0,Yes,Yes,English,0
16.0,Male,College,Medium,No,12.0,8.5,2.1,2.0,3.0,No,Yes,Math,0
13.0,Female,High school,High,Yes,4.7,7.8,4.8,5.0,4.0,Yes,Yes,Math,0
17.0,Male,College,Medium,Yes,15.2,8.7,5.4,5.0,3.0,Yes,Yes,History,0
17.0,Female,High school,Medium,Yes,15.9,8.2,5.9,1.0,1.0,Yes,Yes,History,0
17.0,Female,Postgrad,Low,Yes,17.5,7.9,4.0,4.0,2.0,No,No,English,0
17.0,Female,College,Medium,Yes,16.1,6.5,5.4,3.0,5.0,Yes,Yes,Science,0
16.0,Male,College,Medium,Yes,13.7,6.7,2.9,3.0,3.0,Yes,Yes,English,0
13.0,Male,High school,Medium,No,11.2,6.5,5.0,4.0,2.0,Yes,Yes,Science,0
18.0,Male,Postgrad,Medium,Yes,10.4,7.9,3.0,4.0,3.0,Yes,Yes,Science,0
17.0,Male,Postgrad,High,No,15.1,6.6,2.7,3.0,2.0,No,Yes,Math,0
15.0,Male,College,Medium,Yes,10.6,7.5,3.5,5.0,5.0,Yes,Yes,History,0
15.0,Female,College,Medium,No,12.7,7.9,2.5,4.0,4.0,Yes,Yes,English,0
12.0,Female,Postgrad,Low,No,15.2,6.7,5.7,2.0,5.0,Yes,Yes,Unknown,0
13.0,Female,College,Low,No,10.8,6.6,4.0,5.0,1.0,No,Yes,English,0
13.0,Male,High school,High,Yes,10.0,7.8,1.7,4.0,5.0,Yes,Yes,Unknown,0
16.0,Female,High school,Medium,Yes,17.0,6.5,1.0,4.0,1.0,Yes,Yes,Science,0
17.0,Prefer not to say,Postgrad,Medium,Yes,17.9,8.5,7.8,5.0,2.0,Yes,Yes,Math,0
16.0,Male,Postgrad,Medium,Yes,22.0,7.2,4.4,3.0,5.0,Yes,Yes,History,0
16.0,Male,High school,Medium,Yes,7.8,6.8,5.1,1.0,5.0,No,Yes,Math,0
14.0,Male,Postgrad,Medium,Yes,13.7,7.9,5.0,4.0,2.0,Yes,Yes,Math,0
15.0,Female,High school,Medium,No,6.4,7.1,4.8,4.0,4.0,Yes,Yes,Geography,0
13.0,Female,High school,Medium,Yes,7.8,7.3,7.0,5.0,3.0,Yes,Yes,Math,0
15.0,Male,Postgrad,High,Yes,7.6,7.5,4.5,5.0,5.0,No,Yes,English,0
13.0,Female,No formal,Medium,Yes,4.6,7.5,3.7,5.0,1.0,No,Yes,History,0
15.0,Female,High school,Low,Yes,8.8,8.5,3.9,5.0,2.0,No,Yes,English,0
15.0,Female,College,High,Yes,13.6,8.3,2.3,4.0,4.0,Yes,Yes,Science,0
14.0,Male,High school,Medium,Yes,11.4,7.1,6.5,2.0,1.0,Yes,Yes,Math,0
15.0,Male,Postgrad,High,Yes,12.8,7.3,7.5,1.0,5.0,No,Yes,Science,0
17.0,Female,College,High,Yes,14.0,6.9,3.7,1.0,1.0,Yes,Yes,History,0
15.0,Female,High school,Medium,No,12.8,6.8,4.9,3.0,4.0,Yes,Yes,Math,0
17.0,Male,College,Low,No,14.5,6.9,3.0,1.0,2.0,Yes,No,English,0
13.0,Female,College,Medium,Yes,12.6,6.8,4.4,3.0,3.0,Yes,Yes,Science,0
16.0,Male,No formal,Medium,Yes,9.5,6.8,4.5,3.0,4.0,Yes,Yes,English,0
16.0,Male,No formal,Medium,No,16.6,6.9,5.6,1.0,1.0,Yes,Yes,Math,0
17.0,Male,College,Low,Yes,17.9,7.0,4.7,3.0,2.0,Yes,Yes,Science,0
17.0,Prefer not to say,High school,Medium,No,15.5,7.3,5.1,2.0,1.0,Yes,Yes,Math,0
14.0,Male,High school,Low,Yes,12.1,8.6,3.2,2.0,2.0,Yes,Yes,Math,0
17.0,Male,College,Low,No,14.7,9.1,1.0,2.0,1.0,Yes,Yes,Math,0
14.0,Female,High school,Medium,Yes,8.6,7.1,5.0,2.0,4.0,Yes,Yes,Science,0
15.0,Female,College,Low,No,15.7,8.5,3.1,2.0,3.0,Yes,Yes,History,0
16.0,Male,College,Medium,Yes,10.6,7.4,4.1,4.0,5.0,No,No,Science,0
16.0,Male,College,Medium,Yes,8.9,9.6,4.8,2.0,5.0,Yes,Yes,History,0
12.0,Male,High school,Medium,No,11.1,8.6,2.4,3.0,1.0,Yes,Yes,History,0
15.0,Prefer not to say,High school,Low,Yes,9.8,7.4,3.8,5.0,3.0,No,Yes,Science,0
13.0,Male,High school,High,Yes,10.3,7.6,4.3,5.0,4.0,Yes,Yes,Science,0
14.0,Male,College,Medium,Yes,9.5,8.2,6.4,2.0,1.0,Yes,Yes,Math,0
17.0,Male,College,Medium,Yes,10.9,5.9,3.6,5.0,2.0,Yes,Yes,History,0
14.0,Female,College,Medium,Yes,7.4,6.1,2.5,4.0,2.0,No,Yes,Geography,0
16.0,Female,High school,Medium,No,2.9,7.3,1.9,5.0,3.0,Yes,No,Science,0
13.0,Female,High school,Medium,Yes,7.2,7.4,4.6,1.0,2.0,Yes,Yes,English,0
14.0,Male,High school,Low,Yes,13.7,6.9,1.4,1.0,1.0,No,Yes,English,0
14.0,Female,Postgrad,Medium,Yes,12.4,8.1,4.3,1.0,5.0,Yes,Yes,Math,0
12.0,Male,Postgrad,Medium,Yes,11.9,7.7,4.4,4.0,3.0,Yes,Yes,English,0
18.0,Female,Postgrad,High,Yes,16.4,6.6,3.6,4.0,2.0,No,Yes,Science,0
15.0,Male,College,Medium,Yes,11.3,7.9,3.7,2.0,2.0,Yes,Yes,History,0
15.0,Female,College,Medium,Yes,14.2,9.1,2.1,2.0,4.0,No,No,Geography,0
14.0,Male,No formal,Medium,Yes,7.9,7.8,2.5,2.0,1.0,Yes,Yes,Science,0
17.0,Male,High school,High,Yes,10.1,6.8,5.0,3.0,5.0,Yes,Yes,English,0
18.0,Female,College,Medium,Yes,12.0,8.6,2.3,4.0,1.0,Yes,Yes,Science,0
14.0,Female,Postgrad,Medium,Yes,5.8,7.2,4.4,1.0,5.0,Yes,Yes,Geography,0
14.0,Male,High school,Medium,Yes,13.7,7.7,5.1,3.0,5.0,Yes,Yes,Unknown,0
18.0,Female,College,Low,No,17.9,7.2,4.9,5.0,5.0,Yes,Yes,Science,0
16.0,Male,High school,Medium,Yes,8.4,7.8,3.6,5.0,1.0,Yes,No,Science,0
16.0,Male,College,Medium,Yes,11.7,7.9,5.6,4.0,4.0,No,Yes,Unknown,0
14.0,Female,High school,High,No,7.6,8.9,4.5,5.0,3.0,No,Yes,English,0
14.0,Male,College,Low,Yes,7.8,6.3,6.1,4.0,4.0,Yes,Yes,English,0
18.0,Male,College,Low,Yes,13.1,8.1,1.9,1.0,3.0,No,Yes,Math,0
12.0,Female,High school,Low,Yes,8.5,8.4,5.6,2.0,5.0,Yes,Yes,English,0
18.0,Female,College,Medium,Yes,11.9,8.3,4.0,3.0,2.0,Yes,Yes,Science,0
16.0,Male,High school,High,No,10.8,7.6,2.3,3.0,5.0,Yes,Yes,Geography,0
13.0,Male,High school,Medium,Yes,6.7,7.9,2.6,3.0,4.0,Yes,Yes,Math,0
13.0,Female,No formal,Low,No,8.2,8.1,4.7,2.0,3.0,No,Yes,Science,0
18.0,Female,High school,Medium,No,13.0,8.9,1.6,5.0,1.0,Yes,No,Math,0
12.0,Female,College,Medium,Yes,6.2,8.6,3.8,3.0,3.0,Yes,Yes,Science,0
18.0,Male,College,Medium,No,14.1,8.3,1.4,3.0,5.0,Yes,Yes,Science,0
16.0,Male,College,Medium,No,8.8,7.0,2.1,5.0,2.0,Yes,Yes,Math,0
15.0,Male,High school,Medium,Yes,5.1,6.1,3.8,2.0,3.0,Yes,Yes,Math,0
12.0,Female,High school,Medium,Yes,9.8,7.5,3.9,3.0,4.0,Yes,Yes,English,0
12.0,Male,College,Low,Yes,10.0,9.5,6.0,1.0,2.0,No,Yes,Science,0
17.0,Female,High school,Medium,No,13.2,8.5,1.5,3.0,2.0,Yes,Yes,Math,0
17.0,Male,High school,Medium,No,17.7,8.9,5.9,4.0,1.0,Yes,Yes,History,0
17.0,Male,High school,Medium,Yes,15.2,8.5,2.9,1.0,2.0,Yes,Yes,English,0
15.0,Male,High school,High,Yes,18.1,7.6,5.2,3.0,2.0,No,Yes,English,0
18.0,Female,High school,Medium,No,11.3,7.6,4.6,4.0,1.0,No,Yes,Math,0
14.0,Female,College,Medium,No,8.0,9.4,4.8,3.0,4.0,Yes,Yes,Math,0
18.0,Female,Postgrad,Medium,Yes,13.8,8.4,3.8,5.0,1.0,Yes,Yes,English,0
17.0,Male,Postgrad,Low,No,11.9,7.5,2.1,2.0,2.0,Yes,No,Geography,0
12.0,Female,No formal,Medium,Yes,3.4,6.6,4.5,4.0,4.0,No,Yes,Math,0
18.0,Female,High school,Low,Yes,12.0,6.6,7.5,3.0,1.0,Yes,Yes,Math,0
14.0,Male,Postgrad,Low,Yes,9.6,9.0,1.1,4.0,5.0,Yes,No,Math,0
17.0,Female,No formal,Medium,Yes,15.1,8.1,2.5,2.0,1.0,Yes,Yes,Math,0
14.0,Male,Postgrad,Medium,Yes,11.9,7.2,4.9,5.0,5.0,Yes,Yes,History,0
14.0,Male,High school,Low,Yes,10.2,7.3,2.8,3.0,1.0,No,Yes,English,0
15.0,Female,College,Low,No,17.7,7.6,6.1,1.0,2.0,No,Yes,Math,0
16.0,Female,College,Medium,Yes,16.8,8.0,3.3,5.0,2.0,Yes,Yes,English,0
13.0,Female,No formal,High,Yes,6.9,6.9,5.9,2.0,1.0,No,Yes,English,0
14.0,Male,High school,High,Yes,14.1,7.9,6.0,1.0,2.0,No,Yes,Science,0
13.0,Male,Postgrad,High,Yes,11.2,8.3,5.5,4.0,3.0,Yes,Yes,Geography,0
18.0,Female,No formal,Low,Yes,14.1,8.1,2.4,4.0,5.0,No,Yes,Science,0
17.0,Female,College,Low,No,9.1,6.5,3.2,2.0,1.0,No,Yes,Unknown,0
18.0,Female,Postgrad,Medium,Yes,10.3,7.5,4.3,5.0,5.0,Yes,Yes,History,0
13.0,Female,Postgrad,High,Yes,4.9,7.4,4.7,2.0,2.0,Yes,Yes,History,0
18.0,Female,College,High,Yes,16.0,6.9,1.5,1.0,1.0,No,Yes,Geography,0
12.0,Male,High school,Medium,Yes,4.1,6.7,2.3,2.0,4.0,Yes,Yes,Math,0
17.0,Male,College,Medium,Yes,8.8,5.2,5.3,5.0,1.0,Yes,Yes,Science,0
17.0,Male,College,High,Yes,15.7,6.6,1.7,1.0,2.0,No,Yes,Geography,0
16.0,Female,No formal,Medium,Yes,13.5,8.7,2.8,3.0,1.0,Yes,Yes,History,0
15.0,Male,Postgrad,Medium,Yes,15.7,7.8,6.2,5.0,2.0,Yes,Yes,English,0
17.0,Female,College,Medium,Yes,11.3,8.3,3.2,5.0,4.0,No,Yes,Science,0
12.0,Female,College,Low,No,7.8,9.8,4.5,3.0,2.0,Yes,Yes,Math,0
14.0,Female,College,High,Yes,12.7,8.1,1.0,3.0,5.0,Yes,Yes,Math,0
13.0,Female,Postgrad,Low,No,10.2,6.9,3.7,1.0,2.0,Yes,Yes,Science,0
17.0,Female,Postgrad,Medium,No,15.6,7.0,5.1,3.0,1.0,Yes,No,English,0
13.0,Female,College,Low,Yes,9.0,8.1,3.3,2.0,1.0,Yes,Yes,Science,0
17.0,Male,College,High,Yes,12.0,5.7,7.5,2.0,2.0,No,Yes,Math,0
16.0,Male,Postgrad,Medium,Yes,13.0,7.4,3.8,1.0,2.0,No,No,Unknown,0
16.0,Female,College,High,Yes,9.0,7.8,4.3,4.0,1.0,No,Yes,History,0
16.0,Female,High school,Medium,Yes,7.7,10.4,5.2,5.0,5.0,Yes,No,Math,0
14.0,Male,No formal,Medium,Yes,4.9,9.2,1.4,5.0,3.0,Yes,No,Science,0
17.0,Female,High school,Low,Yes,13.3,8.6,6.2,4.0,1.0,Yes,Yes,Math,0
16.0,Male,College,Low,No,11.0,7.9,2.5,5.0,3.0,Yes,Yes,Science,0
13.0,Female,High school,Low,Yes,8.2,6.5,5.6,2.0,1.0,No,Yes,Geography,0
13.0,Male,Postgrad,Medium,No,4.4,8.1,5.4,3.0,4.0,Yes,Yes,Unknown,0
16.0,Female,Postgrad,High,Yes,14.2,7.1,3.8,2.0,3.0,No,Yes,Geography,0
16.0,Male,High school,Low,Yes,7.1,8.5,4.8,4.0,1.0,Yes,Yes,History,0
16.0,Female,College,Medium,Yes,9.3,6.5,2.0,3.0,4.0,Yes,Yes,Math,0
13.0,Female,College,Medium,Yes,5.7,7.4,1.7,1.0,2.0,No,Yes,English,0
15.0,Prefer not to say,No formal,Medium,Yes,14.1,7.7,4.5,2.0,2.0,Yes,Yes,Math,0
12.0,Female,College,Medium,Yes,15.3,8.1,5.1,5.0,4.0,Yes,Yes,Unknown,0
15.0,Male,High school,Low,Yes,7.7,8.4,3.3,4.0,5.0,Yes,Yes,English,0
14.0,Female,No formal,Medium,Yes,8.6,8.1,4.7,5.0,1.0,Yes,Yes,Science,0
14.0,Female,College,Medium,Yes,15.7,6.0,3.9,4.0,2.0,Yes,Yes,Math,0
12.0,Female,No formal,Medium,Yes,12.2,6.5,1.0,2.0,3.0,Yes,Yes,English,0
14.0,Female,College,Low,Yes,8.6,8.1,3.3,1.0,2.0,Yes,Yes,Math,0
13.0,Male,College,Medium,Yes,5.6,8.2,4.8,2.0,3.0,No,Yes,Math,0
14.0,Female,College,Medium,Yes,11.7,7.3,5.5,4.0,3.0,Yes,Yes,English,0
14.0,Female,College,Medium,No,12.1,6.0,3.0,3.0,5.0,Yes,Yes,English,0
14.0,Female,Postgrad,Medium,No,10.3,7.9,3.5,2.0,5.0,Yes,Yes,Science,0
14.0,Male,High school,Low,Yes,10.1,8.5,1.6,3.0,2.0,Yes,Yes,Math,0
14.0,Female,High school,Low,No,14.6,7.3,5.2,4.0,3.0,Yes,Yes,English,0
13.0,Female,Postgrad,Medium,Yes,14.5,7.6,4.3,4.0,4.0,Yes,Yes,Math,0
17.0,Female,Postgrad,Low,Yes,10.8,8.9,3.9,3.0,3.0,No,Yes,Math,0
14.0,Female,High school,Medium,No,9.8,7.5,2.5,4.0,5.0,Yes,Yes,Unknown,0
14.0,Male,College,Low,Yes,9.5,5.7,3.4,3.0,3.0,Yes,Yes,English,0
17.0,Female,College,Low,No,14.1,7.8,4.8,5.0,1.0,Yes,Yes,Science,0
12.0,Male,College,Medium,No,7.7,7.7,6.0,4.0,3.0,Yes,Yes,Math,0
13.0,Female,College,Medium,No,10.3,8.1,4.6,3.0,5.0,Yes,Yes,English,0
18.0,Male,College,Medium,Yes,10.7,7.4,4.5,5.0,3.0,No,Yes,Math,0
12.0,Female,High school,Low,No,9.7,8.5,4.1,2.0,2.0,Yes,Yes,Math,0
17.0,Male,No formal,High,Yes,14.0,8.9,5.0,3.0,1.0,No,Yes,English,0
18.0,Male,No formal,Medium,No,16.0,9.0,2.7,5.0,1.0,No,Yes,English,0
15.0,Male,College,Medium,No,9.3,8.4,3.9,4.0,4.0,No,Yes,Geography,0
16.0,Female,High school,High,Yes,5.4,9.2,3.1,5.0,5.0,No,Yes,Math,0
16.0,Female,Postgrad,High,Yes,4.6,7.8,5.2,3.0,1.0,Yes,Yes,Math,0
13.0,Male,Postgrad,Medium,No,13.6,8.2,4.4,2.0,3.0,Yes,Yes,Science,0
18.0,Male,No formal,Medium,Yes,15.8,6.0,4.1,1.0,3.0,Yes,No,Science,0
13.0,Male,High school,Medium,Yes,11.0,6.3,2.1,3.0,5.0,No,Yes,Math,0
17.0,Male,Postgrad,High,Yes,11.0,7.1,5.0,3.0,3.0,Yes,Yes,Science,0
17.0,Female,High school,High,Yes,12.4,7.4,6.9,5.0,3.0,Yes,Yes,Math,0
15.0,Male,Postgrad,Medium,Yes,15.3,8.0,5.7,5.0,4.0,No,Yes,Science,0
13.0,Female,College,Low,No,8.6,8.7,6.0,1.0,1.0,Yes,Yes,Geography,0
14.0,Male,High school,Medium,Yes,14.1,7.3,3.0,1.0,4.0,Yes,Yes,Math,0
16.0,Female,College,Low,Yes,8.3,8.8,5.0,4.0,3.0,Yes,Yes,Science,0
17.0,Female,College,High,Yes,18.8,5.9,3.4,5.0,2.0,Yes,Yes,Science,0
16.0,Male,High school,Medium,No,1.5,6.6,2.5,5.0,5.0,Yes,Yes,Unknown,0
16.0,Female,High school,Low,Yes,8.6,8.2,1.0,4.0,2.0,No,Yes,Geography,0
18.0,Female,High school,Medium,No,14.6,8.2,3.9,3.0,1.0,No,No,Unknown,0
14.0,Female,College,Medium,Yes,9.7,7.1,8.1,1.0,2.0,No,Yes,Unknown,0
14.0,Male,High school,Low,Yes,11.9,7.3,3.6,1.0,3.0,Yes,Yes,History,0
14.0,Male,High school,Medium,Yes,12.0,7.2,4.3,1.0,5.0,No,Yes,Science,0
17.0,Female,No formal,Medium,No,17.1,7.1,3.8,5.0,5.0,Yes,Yes,Science,0
17.0,Female,High school,Low,No,12.7,7.8,3.5,4.0,3.0,No,Yes,English,0
15.0,Female,No formal,Medium,No,9.9,7.5,5.9,5.0,5.0,Yes,Yes,Science,0
18.0,Male,College,Low,No,13.8,8.2,1.2,4.0,1.0,Yes,Yes,Unknown,0
16.0,Male,Postgrad,Medium,Yes,15.5,7.0,4.0,5.0,5.0,Yes,Yes,Science,0
16.0,Male,High school,Medium,No,14.2,6.3,6.4,1.0,2.0,No,Yes,Science,0
17.0,Male,Postgrad,Low,No,12.5,7.8,5.4,2.0,2.0,Yes,Yes,History,0
13.0,Prefer not to say,College,High,No,11.3,6.5,6.2,5.0,3.0,Yes,Yes,Science,0
17.0,Female,College,Medium,Yes,17.6,7.0,4.1,3.0,2.0,Yes,Yes,Math,0
13.0,Male,Postgrad,Medium,Yes,15.5,8.3,2.6,4.0,3.0,No,Yes,Geography,0
14.0,Female,High school,Medium,Yes,10.4,8.6,3.3,4.0,3.0,Yes,No,History,0
16.0,Male,College,Low,Yes,12.1,6.0,1.0,4.0,2.0,Yes,Yes,Math,0
13.0,Female,No formal,Low,Yes,14.1,7.9,4.1,4.0,3.0,Yes,Yes,Science,0
15.0,Female,College,Medium,Yes,11.5,5.3,5.0,4.0,5.0,Yes,Yes,Science,0
12.0,Female,High school,Medium,Yes,6.0,7.5,3.7,4.0,3.0,No,Yes,History,0
18.0,Male,High school,Medium,No,17.1,8.0,4.9,1.0,3.0,Yes,Yes,Science,0
17.0,Female,College,Medium,Yes,11.1,7.5,5.5,3.0,4.0,Yes,Yes,English,0
17.0,Female,College,Medium,No,14.0,8.9,3.7,1.0,3.0,Yes,Yes,Math,0
16.0,Female,Postgrad,Medium,No,14.4,7.4,5.7,3.0,1.0,No,Yes,Science,0
12.0,Female,College,Medium,Yes,4.4,8.5,3.6,5.0,3.0,No,Yes,History,0
12.0,Female,High school,Medium,Yes,16.1,7.7,4.1,2.0,2.0,No,Yes,Math,0
13.0,Male,High school,Medium,No,7.9,9.1,4.8,3.0,4.0,No,Yes,Math,0
17.0,Female,Postgrad,Medium,No,15.9,8.5,1.5,2.0,3.0,Yes,No,Math,0
18.0,Female,High school,Medium,Yes,19.7,8.2,6.2,2.0,4.0,Yes,Yes,History,0
18.0,Prefer not to say,College,High,Yes,12.9,8.5,5.0,1.0,4.0,Yes,Yes,Math,0
15.0,Female,College,Medium,Yes,14.7,7.1,3.3,4.0,5.0,Yes,Yes,History,0
18.0,Male,High school,Low,No,13.3,8.3,2.0,3.0,5.0,Yes,Yes,Math,0
12.0,Female,High school,Medium,Yes,7.8,6.1,1.6,4.0,2.0,No,No,Unknown,0
18.0,Male,High school,Low,Yes,20.3,7.0,5.3,2.0,3.0,Yes,Yes,English,0
18.0,Male,High school,Low,Yes,12.5,7.9,1.0,3.0,4.0,Yes,Yes,Math,0
18.0,Female,College,Medium,No,13.5,9.1,2.7,2.0,2.0,Yes,Yes,Math,0
13.0,Female,College,Medium,Yes,14.2,8.0,5.3,3.0,1.0,Yes,Yes,Science,0
17.0,Female,Postgrad,Medium,Yes,5.4,6.5,4.4,3.0,4.0,No,Yes,Math,0
14.0,Female,High school,Medium,Yes,16.9,8.7,7.5,4.0,3.0,Yes,Yes,Geography,0
18.0,Female,High school,Medium,No,13.5,8.8,6.1,3.0,3.0,Yes,Yes,Math,0
15.0,Female,College,High,Yes,14.0,6.8,3.2,4.0,2.0,No,Yes,Science,0
18.0,Male,High school,Low,Yes,17.5,8.2,2.1,3.0,3.0,Yes,No,Geography,0
15.0,Male,No formal,Low,No,10.4,7.7,4.3,3.0,2.0,Yes,Yes,Science,0
13.0,Female,High school,Low,Yes,10.0,6.0,3.6,4.0,3.0,No,Yes,Math,0
18.0,Female,High school,Medium,Yes,16.9,6.8,4.8,2.0,1.0,Yes,Yes,Unknown,0
16.0,Female,High school,Medium,Yes,3.0,6.2,2.9,5.0,1.0,Yes,Yes,Math,0
16.0,Female,High school,Medium,No,14.4,7.7,2.1,5.0,1.0,Yes,Yes,Science,0
13.0,Female,No formal,Medium,Yes,13.2,7.6,4.4,5.0,3.0,Yes,No,Unknown,0
15.0,Male,High school,Low,Yes,8.0,5.8,4.2,5.0,5.0,Yes,Yes,Math,0
15.0,Female,College,Medium,Yes,18.0,8.9,1.9,2.0,3.0,Yes,Yes,Math,0
17.0,Female,No formal,Medium,Yes,13.7,6.3,5.9,3.0,2.0,Yes,Yes,History,0
17.0,Male,College,Medium,Yes,9.4,8.0,2.4,4.0,1.0,No,Yes,History,0
13.0,Male,Postgrad,High,Yes,5.8,8.8,5.2,3.0,5.0,Yes,Yes,History,0
18.0,Male,No formal,Low,No,16.3,8.9,3.5,5.0,1.0,No,Yes,Math,0
13.0,Female,College,Medium,Yes,13.6,6.5,3.2,5.0,2.0,Yes,Yes,History,0
13.0,Female,Postgrad,Medium,Yes,10.9,7.4,5.4,2.0,3.0,Yes,Yes,Math,0
18.0,Male,Postgrad,Medium,No,12.7,5.7,7.1,5.0,4.0,Yes,Yes,English,0
15.0,Female,Postgrad,Medium,No,19.7,7.5,5.9,4.0,1.0,No,Yes,English,0
18.0,Male,College,High,Yes,12.7,6.9,3.7,4.0,5.0,Yes,Yes,Unknown,0
14.0,Female,College,Medium,Yes,8.5,6.6,2.6,2.0,4.0,Yes,Yes,Unknown,0
14.0,Male,No formal,Medium,Yes,8.6,8.4,4.6,2.0,3.0,Yes,Yes,Math,0
16.0,Female,High school,Medium,Yes,16.8,6.9,2.7,5.0,2.0,No,Yes,Math,0
17.0,Male,High school,High,Yes,12.1,8.4,1.8,2.0,3.0,Yes,No,Math,0
15.0,Male,College,Medium,Yes,5.8,6.7,2.7,4.0,1.0,Yes,Yes,English,0
18.0,Female,High school,Medium,No,13.6,5.3,6.5,4.0,3.0,Yes,Yes,Science,0
16.0,Male,College,Medium,Yes,8.0,7.0,6.4,3.0,4.0,Yes,Yes,English,0
12.0,Male,High school,High,Yes,10.4,7.3,5.7,4.0,5.0,Yes,Yes,Math,0
17.0,Female,Postgrad,Medium,Yes,16.4,7.7,3.0,1.0,2.0,No,No,Math,0
14.0,Female,College,Low,Yes,5.6,7.6,5.3,3.0,4.0,Yes,Yes,Science,0
15.0,Prefer not to say,High school,High,Yes,8.2,7.6,5.7,5.0,2.0,Yes,Yes,Science,0
14.0,Female,High school,Medium,Yes,7.5,7.4,2.6,1.0,1.0,Yes,Yes,Science,0
13.0,Male,College,Low,No,11.1,7.6,3.4,3.0,3.0,Yes,Yes,History,0
15.0,Female,Postgrad,Medium,Yes,9.0,7.2,1.5,5.0,4.0,Yes,Yes,Science,0
17.0,Female,College,Medium,Yes,14.7,8.6,3.1,4.0,3.0,Yes,Yes,Math,0
17.0,Female,No formal,Medium,No,7.5,7.0,4.1,4.0,5.0,No,Yes,Math,0
17.0,Female,High school,Low,Yes,11.7,7.1,3.8,2.0,3.0,Yes,Yes,Science,0
16.0,Female,High school,Medium,Yes,10.3,6.9,4.3,5.0,3.0,No,No,Geography,0
15.0,Male,College,Low,Yes,10.0,6.8,5.6,4.0,5.0,Yes,Yes,Math,0
14.0,Male,College,High,No,13.1,6.2,2.7,4.0,1.0,Yes,Yes,Science,0
15.0,Female,High school,Low,Yes,12.6,8.0,2.3,5.0,5.0,Yes,Yes,Math,0
17.0,Female,College,Low,No,8.5,6.8,6.1,4.0,5.0,Yes,Yes,Unknown,0
15.0,Female,High school,High,No,16.2,7.2,3.9,2.0,4.0,Yes,Yes,Science,0
17.0,Male,No formal,Low,Yes,16.0,7.5,2.0,2.0,4.0,Yes,No,Math,0
16.0,Male,Postgrad,Low,Yes,9.0,6.8,1.7,4.0,4.0,Yes,Yes,Science,0
12.0,Female,College,Medium,Yes,10.1,8.0,3.9,4.0,5.0,Yes,Yes,Math,0
18.0,Female,College,Medium,Yes,14.9,6.1,2.6,4.0,3.0,Yes,Yes,Math,0
12.0,Prefer not to say,College,Medium,No,8.0,8.1,3.4,4.0,5.0,Yes,Yes,Math,0
12.0,Male,College,Low,Yes,13.0,8.2,4.3,2.0,4.0,Yes,Yes,Math,0
13.0,Male,College,High,Yes,7.8,10.0,5.7,2.0,3.0,Yes,Yes,Science,0
12.0,Male,High school,Low,No,9.5,8.0,3.8,1.0,4.0,Yes,Yes,Math,0
18.0,Female,No formal,High,No,17.3,7.1,3.9,2.0,4.0,Yes,Yes,Science,0
15.0,Male,College,Medium,Yes,13.1,7.5,2.1,4.0,5.0,Yes,Yes,Unknown,0
13.0,Male,Postgrad,Low,No,13.0,8.4,2.1,3.0,3.0,No,No,Math,0
16.0,Female,High school,Medium,Yes,6.2,6.6,5.6,1.0,2.0,Yes,Yes,Science,0
14.0,Male,High school,Medium,Yes,4.1,7.2,3.0,2.0,3.0,No,Yes,Science,0
16.0,Male,High school,Low,Yes,13.3,5.8,7.6,5.0,4.0,No,Yes,Math,0
18.0,Male,College,Low,Yes,10.6,9.2,4.2,4.0,3.0,Yes,Yes,Science,0
12.0,Female,College,Medium,Yes,17.3,9.2,3.5,2.0,5.0,Yes,Yes,Math,0
16.0,Female,High school,Low,Yes,11.9,5.9,3.7,4.0,2.0,Yes,Yes,Science,0
14.0,Male,Postgrad,Low,Yes,9.3,7.8,4.5,1.0,2.0,Yes,Yes,History,0
15.0,Male,College,Medium,Yes,12.0,7.1,5.7,5.0,3.0,No,Yes,Math,0
12.0,Male,College,Low,No,6.6,6.9,4.9,3.0,3.0,Yes,Yes,Math,0
15.0,Female,College,Medium,Yes,10.0,6.2,6.2,1.0,1.0,Yes,Yes,Science,0
15.0,Male,Postgrad,Medium,Yes,7.9,7.0,5.5,5.0,2.0,Yes,Yes,Math,0
16.0,Female,High school,High,Yes,13.5,6.5,3.8,2.0,5.0,Yes,Yes,Science,0
12.0,Female,No formal,Medium,No,3.8,7.7,4.4,1.0,5.0,No,Yes,Science,0
18.0,Male,Postgrad,Medium,Yes,16.3,6.9,3.7,3.0,2.0,Yes,Yes,Unknown,0
18.0,Male,No formal,Medium,Yes,9.8,7.7,3.7,1.0,1.0,Yes,Yes,Math,0
13.0,Female,High school,High,Yes,7.6,7.3,7.2,1.0,2.0,Yes,Yes,Math,0
13.0,Female,High school,Low,No,4.2,8.9,3.8,1.0,2.0,Yes,Yes,Math,0
16.0,Female,College,Medium,Yes,19.2,7.8,5.2,2.0,2.0,Yes,Yes,Math,0
16.0,Male,College,Medium,Yes,17.5,7.2,3.1,5.0,4.0,No,Yes,Unknown,0
18.0,Female,No formal,Low,Yes,4.9,8.4,7.1,5.0,2.0,No,Yes,Unknown,0
18.0,Male,High school,Medium,Yes,9.6,8.1,1.1,3.0,5.0,No,Yes,History,0
16.0,Male,No formal,Medium,No,18.4,7.6,4.1,4.0,1.0,Yes,Yes,Math,0
13.0,Male,College,High,Yes,7.4,7.2,3.0,5.0,4.0,Yes,Yes,Math,0
15.0,Female,College,Medium,Yes,12.1,6.3,4.5,4.0,4.0,Yes,Yes,Math,0
17.0,Female,High school,Medium,No,17.0,7.9,4.4,2.0,1.0,Yes,Yes,English,0
16.0,Female,Postgrad,Medium,Yes,9.9,8.5,1.9,4.0,3.0,Yes,No,Math,0
18.0,Male,College,Low,Yes,14.6,7.2,3.5,4.0,5.0,Yes,Yes,Math,0
16.0,Male,High school,Medium,Yes,14.3,8.5,6.2,2.0,4.0,Yes,Yes,Math,0
13.0,Male,College,Medium,Yes,5.7,8.0,2.7,3.0,5.0,Yes,Yes,Science,0
13.0,Female,No formal,Low,No,15.2,7.9,2.5,4.0,5.0,Yes,Yes,Science,0
16.0,Female,High school,Medium,No,8.7,6.6,5.4,2.0,2.0,No,Yes,English,0
16.0,Male,High school,Medium,No,11.3,8.7,4.5,1.0,4.0,Yes,Yes,Unknown,0
12.0,Male,Postgrad,Medium,Yes,7.7,7.4,5.8,3.0,5.0,No,Yes,English,0
13.0,Female,High school,High,Yes,9.2,7.7,3.2,1.0,2.0,Yes,Yes,Unknown,0
12.0,Female,No formal,Low,Yes,9.1,6.8,3.2,1.0,2.0,Yes,Yes,English,0
17.0,Female,No formal,Medium,No,17.1,6.7,5.5,3.0,4.0,Yes,Yes,Science,0
13.0,Female,High school,Medium,Yes,4.8,6.9,6.3,5.0,4.0,No,No,English,0
18.0,Female,High school,Medium,Yes,18.0,7.5,4.5,5.0,4.0,Yes,Yes,English,0
14.0,Male,High school,High,Yes,13.8,6.8,2.7,4.0,5.0,Yes,Yes,Unknown,0
18.0,Female,College,Low,No,11.8,7.5,3.2,5.0,2.0,No,Yes,Science,0
17.0,Male,College,Medium,No,13.8,7.5,4.8,3.0,2.0,No,Yes,Science,0
18.0,Female,College,Low,Yes,15.9,5.9,5.4,5.0,3.0,Yes,Yes,Math,0
16.0,Male,No formal,High,Yes,9.1,9.2,3.9,4.0,3.0,Yes,Yes,Math,0
13.0,Female,College,High,Yes,10.2,6.7,4.7,5.0,3.0,Yes,Yes,Math,0
15.0,Female,College,Medium,Yes,13.7,8.4,3.1,3.0,4.0,Yes,Yes,English,0
16.0,Male,College,High,Yes,8.8,7.5,3.7,3.0,3.0,Yes,Yes,Unknown,0
17.0,Male,High school,Medium,Yes,8.7,8.1,4.9,5.0,5.0,Yes,Yes,Math,0
12.0,Female,College,Medium,Yes,15.9,7.9,4.8,1.0,5.0,Yes,Yes,Science,0
15.0,Male,High school,High,Yes,21.1,7.5,1.9,1.0,3.0,Yes,Yes,Math,0
17.0,Female,No formal,High,Yes,10.5,8.5,5.3,1.0,1.0,Yes,Yes,Math,0
16.0,Male,College,Low,No,6.0,6.3,5.2,5.0,1.0,Yes,Yes,Geography,0
18.0,Male,High school,Medium,Yes,13.8,7.1,2.9,4.0,1.0,No,Yes,Science,0
16.0,Female,High school,Medium,Yes,11.2,8.3,6.0,4.0,3.0,Yes,Yes,Science,0
15.0,Female,Postgrad,Medium,Yes,11.6,9.1,5.0,5.0,2.0,Yes,Yes,Math,0
13.0,Male,College,Medium,Yes,7.2,8.6,4.2,5.0,5.0,Yes,Yes,Geography,0
13.0,Female,College,Medium,Yes,2.2,8.7,6.2,5.0,4.0,Yes,Yes,History,0
17.0,Female,High school,Low,No,8.8,8.6,2.7,4.0,3.0,No,Yes,English,0
14.0,Female,High school,Medium,No,11.9,6.1,3.8,2.0,2.0,No,Yes,Unknown,0
17.0,Female,Postgrad,High,Yes,16.7,6.4,1.0,3.0,5.0,No,Yes,English,0
14.0,Female,College,High,No,6.3,8.6,2.0,3.0,1.0,Yes,Yes,Math,0
18.0,Female,No formal,Medium,Yes,11.7,6.1,4.5,2.0,4.0,No,Yes,Science,0
13.0,Female,College,Low,Yes,13.6,9.3,4.1,2.0,5.0,Yes,Yes,Science,0
16.0,Female,Postgrad,Medium,No,13.3,5.6,7.0,1.0,2.0,Yes,Yes,History,0
13.0,Female,High school,Medium,No,11.7,6.5,4.6,4.0,2.0,No,Yes,Math,0
17.0,Male,Postgrad,Medium,No,8.5,7.0,4.5,5.0,5.0,Yes,Yes,Science,0
13.0,Male,Postgrad,Low,Yes,12.7,5.4,5.6,2.0,5.0,Yes,No,Science,0
12.0,Female,College,Medium,Yes,6.7,7.1,1.9,2.0,2.0,No,Yes,Unknown,0
13.0,Male,High school,Medium,No,6.4,7.5,2.8,3.0,3.0,Yes,Yes,Science,0
18.0,Male,College,High,No,17.9,7.9,1.5,2.0,2.0,No,Yes,Math,0
16.0,Male,College,Medium,No,11.3,5.1,3.6,4.0,4.0,Yes,Yes,Geography,0
14.0,Male,College,Medium,No,13.2,8.0,4.9,2.0,3.0,Yes,No,Math,0
12.0,Prefer not to say,College,High,No,4.5,6.8,3.6,4.0,1.0,Yes,Yes,Science,0
16.0,Female,Postgrad,Medium,Yes,7.8,9.8,6.2,3.0,2.0,Yes,Yes,Science,0
15.0,Prefer not to say,High school,Medium,Yes,16.9,7.0,5.8,4.0,2.0,Yes,Yes,Science,0
15.0,Female,No formal,High,Yes,11.9,6.4,2.8,5.0,3.0,Yes,Yes,Math,0
18.0,Female,College,Medium,Yes,13.3,8.1,6.5,2.0,4.0,Yes,Yes,Math,0
18.0,Male,High school,Medium,No,19.4,7.9,3.1,2.0,2.0,No,Yes,Math,0
12.0,Female,Postgrad,High,Yes,10.3,6.0,1.6,2.0,1.0,Yes,Yes,English,0
17.0,Female,High school,Medium,Yes,6.0,6.0,2.2,2.0,1.0,Yes,Yes,Math,0
16.0,Female,College,Medium,Yes,18.0,7.4,2.7,2.0,5.0,Yes,Yes,English,0
14.0,Female,High school,Medium,Yes,12.7,7.1,2.3,1.0,3.0,Yes,Yes,History,0
12.0,Male,Postgrad,Medium,Yes,6.6,7.5,6.0,1.0,1.0,Yes,Yes,Geography,0
15.0,Female,High school,Low,No,14.4,7.8,6.6,2.0,2.0,Yes,Yes,Math,0
16.0,Male,High school,Medium,No,6.3,7.9,2.3,5.0,5.0,Yes,Yes,History,0
13.0,Female,High school,Medium,No,4.7,7.1,4.5,3.0,2.0,Yes,Yes,Unknown,0
18.0,Female,College,High,Yes,19.7,8.2,5.3,5.0,2.0,Yes,Yes,Math,0
17.0,Female,College,Medium,Yes,8.6,8.1,5.1,5.0,2.0,Yes,Yes,English,0
13.0,Female,Postgrad,High,Yes,6.4,6.2,5.9,2.0,4.0,Yes,Yes,Math,0
17.0,Male,No formal,Low,Yes,12.9,8.1,2.5,4.0,3.0,Yes,Yes,English,0
18.0,Female,High school,High,Yes,21.5,8.8,3.7,1.0,2.0,Yes,Yes,Math,0
14.0,Female,College,Medium,Yes,12.9,6.6,4.9,3.0,3.0,Yes,No,Science,0
13.0,Female,High school,Low,Yes,8.6,8.8,2.1,5.0,1.0,No,Yes,Math,0
17.0,Male,High school,Medium,Yes,14.8,5.1,4.1,2.0,4.0,Yes,Yes,History,0
12.0,Female,College,High,Yes,11.6,7.7,3.1,5.0,5.0,No,Yes,Math,0
12.0,Female,High school,Medium,Yes,14.7,7.4,2.1,5.0,3.0,Yes,Yes,Geography,0
18.0,Male,High school,Medium,No,12.0,6.9,3.0,2.0,4.0,Yes,Yes,Science,0
12.0,Female,College,High,Yes,9.2,7.6,4.3,2.0,4.0,Yes,Yes,Geography,0
15.0,Female,High school,Medium,Yes,10.2,7.0,4.8,2.0,2.0,Yes,Yes,English,0
16.0,Male,College,Low,Yes,9.0,7.7,4.5,5.0,2.0,No,Yes,Math,0
17.0,Male,College,High,Yes,19.4,8.0,5.4,3.0,1.0,Yes,Yes,Science,0
17.0,Female,High school,Low,Yes,17.1,7.4,3.7,2.0,2.0,No,Yes,Math,0
18.0,Prefer not to say,College,Medium,No,14.8,8.5,3.9,2.0,2.0,Yes,Yes,English,0
17.0,Female,High school,High,No,11.1,5.7,5.0,5.0,3.0,Yes,Yes,Science,0
17.0,Female,Postgrad,Medium,Yes,15.6,6.5,5.1,5.0,3.0,Yes,Yes,Math,0
14.0,Male,College,Medium,Yes,11.6,5.4,7.2,3.0,5.0,No,No,Math,0
16.0,Male,No formal,Medium,Yes,7.8,7.8,4.9,5.0,3.0,Yes,Yes,Science,0
12.0,Male,High school,Medium,Yes,6.9,7.9,3.0,1.0,1.0,Yes,Yes,Math,0
16.0,Prefer not to say,High school,Medium,Yes,12.3,7.4,3.0,5.0,3.0,No,Yes,Unknown,0
13.0,Female,Postgrad,High,Yes,10.5,8.5,4.4,4.0,4.0,Yes,Yes,History,0
18.0,Female,Postgrad,Medium,Yes,15.1,7.7,3.3,2.0,5.0,Yes,Yes,Unknown,0
14.0,Male,High school,Low,Yes,11.8,6.4,4.1,4.0,2.0,Yes,Yes,Unknown,0
13.0,Female,High school,Medium,Yes,13.7,6.1,4.1,1.0,5.0,Yes,Yes,Math,0
16.0,Male,College,High,No,14.0,8.1,2.4,1.0,4.0,No,Yes,Math,0
13.0,Female,Postgrad,High,No,15.2,6.7,3.2,5.0,4.0,Yes,Yes,History,0
12.0,Female,Postgrad,High,Yes,11.8,8.6,7.0,4.0,3.0,No,Yes,English,0
13.0,Female,High school,Low,No,5.7,6.7,1.0,2.0,1.0,Yes,Yes,Math,0
16.0,Female,College,Low,Yes,11.4,7.4,2.0,2.0,1.0,No,Yes,English,0
18.0,Male,College,Low,Yes,18.8,7.1,5.5,2.0,1.0,No,Yes,English,0
12.0,Male,College,Medium,No,4.1,9.3,4.2,2.0,5.0,Yes,Yes,History,0
17.0,Female,College,High,No,5.2,6.6,2.6,3.0,2.0,Yes,Yes,Science,0
12.0,Female,High school,Medium,No,16.3,7.4,3.2,2.0,5.0,Yes,Yes,Science,0
17.0,Female,High school,Medium,Yes,13.6,5.9,1.7,2.0,4.0,Yes,No,Math,0
15.0,Prefer not to say,No formal,High,No,10.9,8.5,3.5,4.0,5.0,No,Yes,Math,0
15.0,Female,High school,Medium,Yes,9.5,9.3,3.8,5.0,5.0,No,Yes,Math,0
17.0,Male,High school,High,Yes,14.5,7.0,3.0,4.0,5.0,No,Yes,History,0
18.0,Male,High school,Medium,No,18.2,6.6,1.6,2.0,2.0,Yes,No,Math,0
17.0,Female,High school,Low,No,16.3,8.2,6.5,4.0,5.0,Yes,Yes,English,0
12.0,Male,College,Low,Yes,15.6,7.7,5.2,4.0,5.0,No,Yes,English,0
16.0,Male,High school,High,No,10.4,6.3,6.2,3.0,1.0,Yes,Yes,Math,0
17.0,Female,High school,Medium,No,17.4,6.2,5.5,3.0,2.0,Yes,Yes,Unknown,0
16.0,Female,College,Medium,Yes,15.8,7.7,2.3,4.0,4.0,Yes,Yes,Science,0
15.0,Prefer not to say,High school,Medium,Yes,11.3,6.9,1.1,1.0,2.0,No,Yes,English,0
17.0,Male,No formal,Medium,Yes,14.8,8.3,3.4,4.0,1.0,Yes,Yes,History,0
16.0,Female,High school,Low,Yes,16.9,8.6,2.7,5.0,2.0,Yes,Yes,Unknown,0
13.0,Female,College,Medium,Yes,4.0,8.1,4.3,5.0,2.0,Yes,No,Science,0
15.0,Male,Postgrad,Medium,Yes,9.4,8.0,5.4,3.0,5.0,Yes,Yes,English,0
14.0,Male,College,Medium,Yes,9.6,6.7,1.3,5.0,5.0,Yes,Yes,Unknown,0
14.0,Male,Postgrad,Medium,Yes,8.6,6.8,4.5,2.0,2.0,Yes,Yes,Geography,0
17.0,Female,High school,Medium,No,18.3,9.3,1.1,3.0,4.0,Yes,Yes,History,0
18.0,Male,College,High,No,14.5,9.1,4.6,5.0,2.0,Yes,Yes,Science,0
13.0,Male,College,Medium,Yes,8.2,7.3,5.7,2.0,5.0,Yes,Yes,Geography,0
16.0,Male,College,High,No,12.4,7.0,4.7,3.0,3.0,No,Yes,Geography,0
16.0,Female,No formal,Low,No,7.7,7.1,3.6,3.0,5.0,Yes,Yes,Math,0
18.0,Male,College,Medium,Yes,7.5,7.5,1.9,2.0,3.0,Yes,No,English,0
12.0,Female,College,Low,No,9.5,7.4,4.3,2.0,5.0,Yes,Yes,English,0
17.0,Male,College,Medium,Yes,15.1,8.3,5.4,5.0,4.0,Yes,Yes,History,0
18.0,Female,High school,Medium,Yes,12.4,8.5,2.2,1.0,3.0,No,Yes,Geography,0
18.0,Male,No formal,Medium,Yes,12.5,6.6,1.9,4.0,2.0,No,Yes,Math,0
16.0,Prefer not to say,High school,High,Yes,11.9,8.4,5.4,5.0,1.0,Yes,Yes,Math,0
12.0,Female,High school,Medium,Yes,12.2,7.8,2.2,2.0,5.0,No,Yes,Science,0
15.0,Female,Postgrad,High,Yes,12.3,6.1,5.2,1.0,3.0,Yes,Yes,Math,0
15.0,Female,No formal,High,Yes,13.3,8.7,2.9,1.0,3.0,No,Yes,Science,0
14.0,Male,High school,Low,Yes,11.9,8.3,3.3,3.0,2.0,Yes,No,Math,0
17.0,Female,No formal,Low,Yes,13.8,7.7,5.3,2.0,4.0,No,Yes,English,0
12.0,Male,Postgrad,Medium,Yes,11.4,6.8,2.7,2.0,2.0,Yes,Yes,Geography,0
14.0,Male,College,High,Yes,4.3,7.8,1.8,4.0,3.0,Yes,No,Math,0
12.0,Male,No formal,Medium,Yes,10.6,6.6,5.8,1.0,3.0,No,Yes,English,0
12.0,Female,High school,Medium,Yes,14.1,8.2,4.8,5.0,2.0,No,Yes,English,0
17.0,Female,College,Medium,Yes,10.2,8.3,5.0,5.0,2.0,Yes,Yes,Science,0
15.0,Female,High school,Low,Yes,13.2,7.5,2.7,4.0,3.0,Yes,Yes,Geography,0
18.0,Female,College,Medium,No,5.4,7.2,3.8,3.0,1.0,No,Yes,History,0
12.0,Female,High school,High,No,7.9,6.6,4.5,4.0,4.0,Yes,Yes,History,0
16.0,Male,College,Medium,Yes,10.0,7.1,5.5,5.0,2.0,No,No,Math,0
17.0,Female,College,Medium,Yes,10.6,6.4,2.5,2.0,3.0,No,Yes,Science,0
14.0,Male,College,Medium,No,11.9,7.8,2.9,1.0,1.0,Yes,Yes,Math,0
16.0,Female,No formal,High,Yes,13.1,7.8,4.9,2.0,1.0,Yes,Yes,History,0
17.0,Female,College,Medium,Yes,15.2,7.9,5.6,3.0,3.0,Yes,Yes,History,0
16.0,Female,Postgrad,Medium,Yes,14.2,7.9,5.7,4.0,3.0,Yes,Yes,English,0
18.0,Female,High school,Medium,Yes,15.0,7.8,2.4,5.0,1.0,Yes,Yes,Geography,0
13.0,Male,Postgrad,Medium,Yes,9.1,7.2,2.0,4.0,2.0,Yes,Yes,History,0
18.0,Female,High school,Medium,Yes,17.4,6.8,2.5,4.0,1.0,No,Yes,Geography,0
18.0,Female,Postgrad,High,Yes,6.7,6.1,2.8,1.0,1.0,Yes,No,Science,0
15.0,Male,High school,Medium,Yes,8.7,5.2,4.0,4.0,3.0,No,Yes,English,0
14.0,Male,College,Medium,Yes,8.3,7.4,3.0,4.0,5.0,Yes,Yes,Science,0
12.0,Female,High school,Medium,Yes,12.9,7.8,4.5,2.0,1.0,Yes,No,Math,0
18.0,Male,High school,Medium,No,18.4,7.7,4.8,4.0,3.0,Yes,Yes,Math,0
18.0,Male,Postgrad,Medium,Yes,13.5,8.2,2.2,5.0,5.0,Yes,Yes,Math,0
18.0,Female,College,Low,Yes,14.4,6.8,2.5,3.0,1.0,Yes,Yes,Math,0
14.0,Male,No formal,Medium,Yes,13.2,6.2,5.5,4.0,3.0,Yes,Yes,History,0
17.0,Male,Postgrad,High,Yes,8.3,11.1,4.3,1.0,4.0,No,Yes,Science,0
15.0,Male,High school,Low,No,10.9,6.9,1.8,3.0,2.0,No,Yes,Science,0
13.0,Female,High school,High,Yes,13.0,8.2,3.9,1.0,5.0,Yes,Yes,Geography,0
13.0,Male,Postgrad,Medium,Yes,6.8,6.9,4.6,1.0,1.0,Yes,Yes,Geography,0
14.0,Male,Postgrad,Low,Yes,12.1,7.5,2.8,2.0,3.0,Yes,Yes,Math,0
17.0,Female,High school,High,No,10.4,9.0,6.3,3.0,4.0,Yes,Yes,Unknown,0
15.0,Female,College,Medium,Yes,10.7,8.3,5.0,4.0,3.0,Yes,Yes,History,0
18.0,Male,High school,Medium,Yes,13.5,8.1,4.3,4.0,2.0,Yes,Yes,Math,0
16.0,Female,Postgrad,Medium,Yes,10.5,8.1,2.2,1.0,4.0,No,Yes,Unknown,0
13.0,Male,College,Low,No,9.6,7.5,4.5,4.0,2.0,Yes,Yes,Math,0
12.0,Male,College,High,Yes,13.6,8.6,5.1,2.0,1.0,Yes,Yes,Math,0
18.0,Male,High school,Medium,Yes,15.0,8.1,6.2,5.0,3.0,Yes,Yes,English,0
12.0,Male,High school,Low,No,8.6,7.8,2.9,4.0,5.0,Yes,Yes,English,0
17.0,Female,High school,Medium,Yes,10.8,7.2,3.6,2.0,1.0,Yes,Yes,Unknown,0
17.0,Female,High school,Medium,Yes,15.7,6.8,6.6,1.0,4.0,Yes,No,Science,0
16.0,Male,College,Low,No,10.5,7.1,5.2,4.0,1.0,Yes,Yes,Science,0
17.0,Female,College,Medium,Yes,13.8,6.8,6.7,3.0,1.0,Yes,Yes,History,0
15.0,Male,No formal,High,Yes,13.6,8.0,3.3,5.0,1.0,No,Yes,Science,0
13.0,Prefer not to say,College,High,No,12.3,8.7,3.5,1.0,1.0,Yes,Yes,History,0
18.0,Male,Postgrad,Medium,No,14.9,7.5,2.1,2.0,1.0,No,Yes,Math,0
14.0,Male,High school,Low,No,10.2,7.9,2.8,5.0,2.0,Yes,Yes,Unknown,0
14.0,Prefer not to say,College,Medium,Yes,11.8,7.8,3.7,2.0,4.0,Yes,Yes,Science,0
17.0,Male,College,Medium,Yes,19.3,6.7,3.2,2.0,2.0,Yes,Yes,Unknown,0
17.0,Male,High school,Low,No,13.5,6.8,6.8,5.0,2.0,No,Yes,History,0
14.0,Female,High school,Low,Yes,12.7,6.6,4.1,4.0,5.0,Yes,Yes,Math,0
15.0,Male,College,Medium,No,11.6,8.5,3.7,4.0,3.0,Yes,Yes,Science,0
17.0,Female,Postgrad,Low,Yes,8.9,7.2,3.8,5.0,4.0,No,No,Math,0
17.0,Female,No formal,High,No,11.2,7.8,4.4,2.0,2.0,Yes,Yes,Unknown,0
14.0,Male,College,High,Yes,14.7,6.8,2.6,4.0,4.0,Yes,Yes,English,0
15.0,Female,Postgrad,High,No,12.8,8.4,4.3,3.0,1.0,Yes,Yes,Math,0
14.0,Prefer not to say,College,High,Yes,8.1,9.4,1.9,5.0,3.0,Yes,Yes,Math,0
12.0,Male,College,Medium,Yes,10.7,8.9,2.0,3.0,3.0,Yes,Yes,Science,0
13.0,Female,Postgrad,Medium,Yes,10.3,7.9,5.4,5.0,1.0,Yes,Yes,English,0
14.0,Male,No formal,Medium,No,14.9,8.1,3.8,2.0,5.0,Yes,Yes,Unknown,0
12.0,Female,College,High,Yes,8.3,6.5,6.2,3.0,5.0,Yes,Yes,Math,0
15.0,Female,High school,Medium,Yes,8.6,8.3,1.8,3.0,4.0,Yes,Yes,Unknown,0
18.0,Female,College,Medium,No,17.9,7.5,7.9,3.0,5.0,Yes,Yes,Science,0
15.0,Female,Postgrad,Low,Yes,11.3,8.2,3.0,1.0,4.0,No,No,Geography,0
18.0,Female,High school,High,Yes,8.2,6.2,5.6,5.0,4.0,Yes,Yes,Math,0
13.0,Female,High school,Low,No,7.6,6.5,5.5,5.0,2.0,No,Yes,English,0
12.0,Male,No formal,Medium,No,10.6,6.6,3.2,4.0,5.0,Yes,Yes,Math,0
14.0,Female,College,Medium,Yes,12.9,7.9,7.2,1.0,1.0,Yes,Yes,Science,0
14.0,Female,College,Low,No,10.4,7.2,4.3,3.0,2.0,Yes,Yes,Unknown,0
16.0,Female,Postgrad,Medium,Yes,16.0,7.4,3.6,4.0,3.0,No,Yes,Unknown,0
16.0,Male,Postgrad,Medium,Yes,9.2,6.9,3.3,2.0,2.0,No,Yes,Science,0
14.0,Male,College,Low,No,14.0,6.8,2.1,1.0,2.0,Yes,Yes,Geography,0
12.0,Female,Postgrad,Medium,No,2.8,6.6,6.1,3.0,1.0,Yes,Yes,Science,0
14.0,Male,No formal,Medium,No,4.7,5.9,4.5,4.0,5.0,Yes,Yes,Math,0
17.0,Female,College,Medium,Yes,12.1,6.8,5.0,5.0,4.0,No,Yes,Science,0
13.0,Male,Postgrad,Low,Yes,9.5,7.2,4.3,5.0,3.0,Yes,Yes,Math,0
15.0,Female,College,Medium,No,7.6,7.7,4.6,3.0,1.0,No,Yes,Math,0
14.0,Female,High school,High,No,8.7,6.7,3.8,3.0,4.0,Yes,Yes,Geography,0
17.0,Male,No formal,Medium,Yes,17.8,7.8,4.7,2.0,5.0,No,Yes,Science,0
17.0,Male,College,Low,No,7.4,6.4,3.0,2.0,2.0,Yes,Yes,History,0
12.0,Male,College,Medium,Yes,14.7,8.4,2.9,2.0,5.0,Yes,Yes,History,0
13.0,Female,No formal,High,Yes,11.1,7.8,5.9,1.0,4.0,Yes,Yes,Geography,0
14.0,Female,Postgrad,Medium,Yes,11.1,8.2,4.0,4.0,5.0,Yes,Yes,Science,0
14.0,Female,Postgrad,Medium,Yes,12.9,6.7,5.8,5.0,5.0,Yes,Yes,Math,0
17.0,Male,College,Low,No,14.9,7.0,5.9,4.0,3.0,Yes,Yes,Science,0
12.0,Female,High school,High,Yes,13.5,7.5,3.7,5.0,1.0,Yes,Yes,Math,0
14.0,Male,College,Low,Yes,7.8,8.4,4.5,4.0,4.0,Yes,Yes,Unknown,0
16.0,Male,No formal,Medium,No,10.4,6.7,4.8,5.0,2.0,Yes,Yes,Math,0
15.0,Female,Postgrad,Low,Yes,14.3,9.1,1.5,5.0,4.0,Yes,No,Science,0
13.0,Male,College,Medium,Yes,11.5,7.1,2.6,2.0,3.0,Yes,Yes,Science,0
17.0,Female,College,Low,No,11.0,10.3,4.4,5.0,5.0,Yes,Yes,Science,0
14.0,Male,College,Low,Yes,8.0,8.2,3.0,1.0,3.0,No,No,English,0
15.0,Male,College,Low,Yes,12.7,8.2,4.0,5.0,1.0,No,No,History,0
14.0,Female,College,Medium,Yes,8.0,10.1,3.3,4.0,1.0,Yes,Yes,History,0
12.0,Male,College,High,Yes,13.2,10.0,2.9,4.0,4.0,Yes,No,History,0
14.0,Male,Postgrad,Medium,Yes,10.1,8.1,5.6,3.0,3.0,Yes,Yes,Math,0
15.0,Female,College,Medium,Yes,7.9,7.0,4.2,5.0,2.0,Yes,Yes,Geography,0
13.0,Male,College,High,Yes,14.1,6.3,5.0,4.0,3.0,Yes,Yes,English,0
15.0,Male,College,Medium,Yes,6.3,6.4,1.6,5.0,5.0,Yes,Yes,Science,0
15.0,Male,High school,High,No,11.2,7.1,4.0,5.0,4.0,No,Yes,Math,0
16.0,Male,High school,Medium,Yes,15.3,5.8,7.9,3.0,3.0,No,Yes,Science,0
14.0,Female,College,High,Yes,15.6,7.8,4.5,2.0,2.0,No,Yes,Science,0
13.0,Female,High school,Medium,Yes,9.8,8.6,7.8,5.0,3.0,No,Yes,Science,0
17.0,Male,High school,Medium,Yes,12.9,6.8,2.2,4.0,1.0,No,Yes,Geography,0
18.0,Female,College,Medium,Yes,13.4,8.2,1.5,4.0,3.0,Yes,Yes,Math,0
15.0,Male,Postgrad,Low,Yes,15.4,7.5,5.9,2.0,2.0,Yes,Yes,English,0
13.0,Female,High school,High,Yes,2.0,8.4,3.1,5.0,4.0,Yes,Yes,Science,0
17.0,Male,No formal,Medium,Yes,16.0,7.7,5.6,5.0,2.0,No,Yes,Geography,0
14.0,Female,College,High,Yes,12.9,6.5,2.5,2.0,3.0,Yes,Yes,English,0
12.0,Prefer not to say,College,Medium,No,10.3,5.8,5.0,4.0,3.0,No,Yes,English,0
17.0,Female,Postgrad,Medium,No,12.3,10.6,6.5,5.0,4.0,Yes,Yes,English,0
14.0,Male,High school,Medium,Yes,8.4,5.3,3.2,4.0,5.0,No,Yes,Unknown,0
18.0,Male,College,Medium,Yes,14.8,9.6,5.2,1.0,4.0,No,Yes,Unknown,0
15.0,Female,College,High,Yes,11.3,6.7,3.2,3.0,3.0,Yes,Yes,Math,0
14.0,Female,No formal,Low,Yes,9.1,5.8,3.5,5.0,4.0,Yes,Yes,History,0
16.0,Female,College,Medium,Yes,10.9,6.9,4.2,4.0,5.0,Yes,Yes,History,0
17.0,Female,Postgrad,Medium,Yes,14.1,7.0,1.7,3.0,1.0,Yes,Yes,Math,0
18.0,Female,Postgrad,Medium,Yes,19.6,7.1,3.6,5.0,5.0,Yes,Yes,Math,0
18.0,Female,High school,Medium,Yes,16.1,7.7,4.1,1.0,4.0,Yes,Yes,Unknown,0
13.0,Female,High school,Medium,Yes,7.1,7.3,4.4,2.0,5.0,Yes,Yes,English,0
12.0,Male,College,Medium,Yes,8.7,9.3,3.2,3.0,5.0,Yes,Yes,Math,0
15.0,Female,No formal,Medium,No,9.6,8.5,8.7,4.0,1.0,No,Yes,Math,0
14.0,Male,High school,High,Yes,13.6,8.9,2.4,4.0,5.0,Yes,Yes,English,0
18.0,Male,High school,Low,Yes,7.5,7.1,2.3,1.0,4.0,Yes,Yes,Science,0
12.0,Male,High school,Medium,Yes,19.7,7.4,6.8,5.0,5.0,Yes,Yes,Geography,0
13.0,Female,College,Medium,Yes,6.8,6.8,4.1,2.0,5.0,Yes,Yes,Math,0
13.0,Female,College,Medium,Yes,14.8,8.1,3.2,2.0,1.0,No,Yes,Math,0
18.0,Female,College,Low,Yes,17.2,6.0,2.9,1.0,5.0,Yes,Yes,History,0
18.0,Male,College,Medium,Yes,16.5,8.3,3.7,3.0,5.0,Yes,Yes,English,0
13.0,Prefer not to say,Postgrad,Medium,Yes,5.7,8.0,4.4,4.0,1.0,Yes,Yes,Science,0
17.0,Male,College,Medium,No,14.4,8.8,6.7,2.0,2.0,No,Yes,Science,0
15.0,Prefer not to say,College,Medium,Yes,4.3,7.5,3.0,3.0,3.0,Yes,Yes,Geography,0
17.0,Male,Postgrad,Medium,No,15.2,7.8,4.7,5.0,1.0,No,Yes,Math,0
16.0,Female,Postgrad,Low,Yes,15.4,7.0,1.0,5.0,2.0,Yes,Yes,Science,0
15.0,Male,High school,Low,Yes,7.3,7.4,3.5,4.0,2.0,Yes,Yes,Science,0
18.0,Male,High school,Medium,Yes,13.7,7.2,1.8,4.0,1.0,Yes,Yes,Math,0
13.0,Female,High school,Low,No,9.1,8.1,4.0,3.0,3.0,Yes,No,Science,0
12.0,Male,College,High,Yes,12.3,6.5,2.4,5.0,1.0,Yes,Yes,History,0
13.0,Male,Postgrad,Medium,Yes,15.7,6.7,3.1,2.0,3.0,No,Yes,Science,0
15.0,Male,High school,High,Yes,10.2,7.8,4.1,3.0,3.0,Yes,Yes,Science,0
17.0,Female,High school,Low,Yes,15.0,7.2,3.3,1.0,2.0,Yes,Yes,Math,0
14.0,Female,College,High,Yes,5.4,8.4,4.3,2.0,5.0,No,Yes,Math,0
17.0,Male,College,Medium,Yes,13.4,8.0,5.1,5.0,4.0,Yes,Yes,Science,0
14.0,Male,No formal,Medium,Yes,8.6,7.7,6.0,1.0,1.0,No,Yes,History,0
16.0,Male,High school,Medium,No,13.7,7.6,5.8,3.0,3.0,Yes,Yes,History,0
17.0,Female,College,Medium,Yes,17.9,8.2,3.6,5.0,3.0,Yes,Yes,Math,0
16.0,Female,College,Medium,Yes,7.5,6.1,2.6,3.0,5.0,No,Yes,Math,0
14.0,Female,Postgrad,Low,No,12.8,7.2,5.4,2.0,4.0,Yes,No,Science,0
13.0,Female,High school,High,Yes,14.4,7.2,8.7,3.0,4.0,Yes,Yes,Math,0
14.0,Female,High school,Medium,Yes,13.8,8.2,4.7,5.0,3.0,Yes,Yes,Science,0
13.0,Male,College,Medium,Yes,15.8,6.8,1.8,4.0,3.0,Yes,Yes,English,0
15.0,Male,High school,Medium,Yes,13.7,6.9,7.7,2.0,5.0,Yes,Yes,Geography,0
14.0,Female,College,Medium,Yes,17.4,9.0,6.7,1.0,3.0,No,Yes,Math,0
15.0,Female,College,Medium,Yes,14.6,8.0,4.8,4.0,5.0,Yes,Yes,Math,0
16.0,Male,Postgrad,Low,Yes,15.1,7.8,3.7,4.0,5.0,Yes,Yes,Science,0
18.0,Female,College,Medium,Yes,9.3,6.9,5.7,4.0,2.0,Yes,Yes,Science,0
14.0,Female,High school,High,Yes,7.5,7.1,2.5,3.0,5.0,No,Yes,Math,0
15.0,Female,Postgrad,Medium,Yes,14.4,7.4,3.5,2.0,2.0,Yes,Yes,Science,0
15.0,Male,College,Medium,Yes,12.6,7.7,6.2,5.0,2.0,Yes,Yes,Math,0
14.0,Female,No formal,Medium,Yes,16.7,9.0,5.4,3.0,3.0,Yes,Yes,Math,0
18.0,Male,High school,Low,Yes,10.5,6.7,2.1,2.0,2.0,No,Yes,Science,0
18.0,Female,College,Low,Yes,16.8,8.0,4.4,4.0,5.0,Yes,No,Math,0
18.0,Prefer not to say,No formal,Medium,No,20.0,8.3,4.4,2.0,5.0,No,Yes,Science,0
13.0,Male,High school,Medium,Yes,9.9,7.9,4.4,4.0,2.0,Yes,Yes,English,0
17.0,Female,High school,Medium,Yes,14.2,6.4,3.5,1.0,5.0,No,Yes,Science,0
13.0,Male,Postgrad,Low,Yes,7.0,7.3,6.3,5.0,3.0,Yes,Yes,English,0
16.0,Female,High school,Medium,Yes,5.4,8.4,4.7,1.0,4.0,Yes,Yes,Science,0
14.0,Prefer not to say,College,Low,Yes,11.3,7.0,4.0,1.0,1.0,Yes,Yes,Science,0
17.0,Male,High school,Medium,Yes,11.5,8.2,7.2,3.0,1.0,No,Yes,Geography,0
14.0,Female,High school,Medium,Yes,11.7,7.3,4.4,2.0,4.0,Yes,Yes,Math,0
17.0,Male,Postgrad,Low,Yes,13.2,7.1,1.8,2.0,3.0,Yes,Yes,Science,0
13.0,Female,Postgrad,High,Yes,12.9,8.1,6.8,5.0,5.0,No,Yes,Science,0
16.0,Male,Postgrad,Low,No,8.6,7.8,6.4,5.0,3.0,Yes,Yes,English,0
13.0,Female,High school,Medium,Yes,16.3,8.9,2.0,1.0,3.0,Yes,Yes,Science,0
18.0,Female,Postgrad,Medium,Yes,13.2,5.2,3.6,1.0,1.0,No,Yes,History,0
18.0,Male,College,Low,No,14.4,7.2,1.3,3.0,3.0,Yes,Yes,Science,0
14.0,Prefer not to say,High school,Medium,Yes,7.9,6.3,4.7,5.0,2.0,No,Yes,Unknown,0
13.0,Female,Postgrad,Medium,No,2.8,9.3,4.8,4.0,1.0,Yes,Yes,Math,0
17.0,Female,High school,Medium,Yes,16.2,6.4,7.4,3.0,1.0,Yes,Yes,Geography,0
15.0,Male,High school,High,Yes,13.3,8.4,3.1,5.0,4.0,Yes,Yes,History,0
13.0,Female,High school,High,Yes,7.4,8.4,3.0,3.0,5.0,No,Yes,Math,0
12.0,Male,Postgrad,Medium,Yes,5.6,8.8,4.8,4.0,2.0,No,Yes,Science,0
16.0,Female,High school,Medium,Yes,9.1,8.7,4.1,5.0,3.0,No,Yes,Unknown,0
14.0,Male,No formal,Medium,Yes,8.3,6.3,2.8,4.0,3.0,Yes,Yes,Science,0
15.0,Male,High school,High,Yes,13.2,5.2,1.5,2.0,5.0,No,No,Math,0
17.0,Male,College,Low,Yes,20.7,8.1,6.3,1.0,4.0,No,Yes,Science,0
12.0,Male,Postgrad,Medium,Yes,6.5,7.9,4.3,2.0,4.0,No,Yes,Geography,0
17.0,Male,College,Low,No,7.4,9.6,5.4,1.0,2.0,Yes,Yes,Math,0
15.0,Female,College,Medium,Yes,11.5,7.8,4.9,3.0,3.0,Yes,Yes,English,0
13.0,Male,High school,Low,No,4.4,5.5,3.5,1.0,3.0,No,No,Math,0
15.0,Prefer not to say,College,Low,Yes,7.5,8.3,6.2,3.0,1.0,No,Yes,Unknown,0
17.0,Female,Postgrad,Low,No,7.2,6.9,3.5,2.0,4.0,No,Yes,Math,0
13.0,Female,College,High,Yes,8.3,7.8,3.7,2.0,3.0,Yes,Yes,Math,0
13.0,Female,College,Medium,No,7.4,8.0,5.4,3.0,3.0,Yes,Yes,Math,0
16.0,Male,Postgrad,Medium,Yes,9.9,8.4,6.2,1.0,5.0,Yes,Yes,Math,0
14.0,Male,High school,Low,No,15.5,7.9,2.4,3.0,3.0,Yes,Yes,Math,0
14.0,Male,No formal,Medium,Yes,7.6,8.8,4.0,1.0,4.0,Yes,Yes,Math,0
13.0,Male,College,Low,No,11.9,7.2,3.3,4.0,1.0,Yes,Yes,Math,0
13.0,Male,High school,Medium,Yes,9.5,6.6,1.0,4.0,5.0,No,Yes,Math,0
17.0,Male,No formal,Low,Yes,16.5,8.5,4.7,2.0,5.0,Yes,Yes,Unknown,0
17.0,Female,High school,Low,Yes,10.2,7.2,3.1,5.0,3.0,Yes,Yes,Math,0
13.0,Female,Postgrad,Medium,Yes,9.1,9.7,2.5,4.0,4.0,Yes,Yes,Unknown,0
16.0,Male,Postgrad,Low,No,12.2,8.0,2.9,4.0,4.0,No,Yes,Math,0
13.0,Female,College,High,Yes,14.7,8.6,3.8,4.0,2.0,No,Yes,History,0
12.0,Prefer not to say,College,Medium,No,8.6,8.7,4.8,3.0,3.0,Yes,Yes,Geography,0
14.0,Female,College,Low,Yes,12.2,7.3,1.0,3.0,1.0,Yes,Yes,Geography,0
16.0,Male,College,High,Yes,13.2,5.9,5.6,5.0,4.0,Yes,Yes,Science,0
13.0,Male,High school,Low,Yes,11.2,7.7,1.9,4.0,4.0,No,Yes,Unknown,0
17.0,Male,High school,Medium,Yes,17.5,6.8,4.3,5.0,4.0,No,Yes,Science,0
14.0,Female,No formal,Medium,Yes,15.1,7.7,3.5,5.0,3.0,Yes,Yes,Math,0
14.0,Male,College,Low,Yes,11.5,8.3,3.1,5.0,4.0,No,Yes,History,0
17.0,Female,High school,Medium,No,12.0,8.4,4.5,1.0,4.0,Yes,Yes,Math,0
12.0,Female,College,Medium,Yes,12.8,7.4,3.5,2.0,5.0,Yes,Yes,History,0
16.0,Male,High school,Low,No,8.6,6.2,1.7,3.0,3.0,Yes,No,Science,0
13.0,Female,Postgrad,Medium,Yes,12.3,6.8,4.4,4.0,1.0,No,Yes,Unknown,0
18.0,Male,No formal,Medium,Yes,11.6,8.1,3.8,5.0,3.0,Yes,Yes,Math,0
13.0,Male,High school,High,Yes,19.5,9.0,4.5,4.0,2.0,No,Yes,English,0
15.0,Female,High school,Medium,Yes,15.4,7.9,3.6,1.0,5.0,Yes,Yes,English,0
14.0,Female,High school,Low,No,11.5,10.2,4.9,3.0,3.0,Yes,Yes,Science,0
12.0,Female,High school,Low,Yes,5.4,8.7,3.6,5.0,5.0,Yes,Yes,Unknown,0
14.0,Female,Postgrad,Low,Yes,9.4,8.3,3.9,4.0,2.0,No,Yes,History,0
14.0,Female,High school,Medium,Yes,10.9,6.5,1.6,5.0,3.0,No,Yes,English,0
13.0,Female,College,Low,Yes,10.7,8.5,4.5,3.0,3.0,No,Yes,Math,0
18.0,Male,College,Medium,Yes,10.4,7.7,5.0,5.0,3.0,Yes,Yes,Math,0
15.0,Female,College,Low,No,10.8,6.9,4.8,3.0,2.0,Yes,Yes,Math,0
16.0,Male,High school,Medium,Yes,11.0,8.5,5.2,4.0,1.0,Yes,Yes,Unknown,0
16.0,Female,No formal,High,Yes,9.9,5.8,6.5,2.0,1.0,Yes,Yes,English,0
18.0,Female,College,Low,Yes,13.4,8.3,2.8,5.0,5.0,No,Yes,Science,0
16.0,Male,College,Medium,No,13.2,9.0,3.2,4.0,4.0,Yes,Yes,Math,0
16.0,Female,College,Medium,Yes,13.9,9.6,3.7,3.0,4.0,Yes,Yes,Math,0
13.0,Female,College,Low,No,8.7,6.3,4.5,5.0,3.0,Yes,Yes,Unknown,0
12.0,Female,College,Medium,No,9.0,6.9,1.3,1.0,3.0,Yes,Yes,Math,0
16.0,Female,College,Medium,No,4.6,8.8,4.8,1.0,3.0,Yes,No,History,0
14.0,Female,High school,Low,No,9.2,7.8,2.4,2.0,2.0,Yes,Yes,English,0
15.0,Male,College,Low,Yes,5.7,7.8,4.2,5.0,2.0,Yes,Yes,Geography,0
16.0,Male,College,Medium,Yes,19.8,8.2,2.6,4.0,2.0,Yes,Yes,Math,0
13.0,Male,College,Medium,No,10.9,6.8,3.2,1.0,4.0,Yes,Yes,Math,0
12.0,Male,College,Low,No,12.2,9.5,7.2,4.0,5.0,No,Yes,Science,0
15.0,Female,High school,Medium,No,7.4,8.9,5.6,2.0,1.0,Yes,Yes,Geography,0
15.0,Female,High school,High,Yes,11.9,6.9,2.1,1.0,5.0,Yes,Yes,Math,0
16.0,Female,College,Low,Yes,10.0,6.7,3.0,5.0,4.0,Yes,No,English,0
18.0,Male,College,Low,No,19.0,7.1,3.5,2.0,4.0,No,Yes,English,0
17.0,Female,High school,Medium,No,11.1,8.9,3.8,5.0,5.0,Yes,Yes,Math,0
13.0,Male,High school,Medium,Yes,7.9,8.4,1.4,2.0,3.0,No,Yes,Science,0
17.0,Male,College,Medium,Yes,11.5,7.4,2.9,3.0,2.0,Yes,Yes,History,0
12.0,Male,College,Medium,Yes,8.1,8.8,5.1,3.0,1.0,Yes,No,Science,0
18.0,Male,Postgrad,High,Yes,15.7,7.5,3.4,3.0,5.0,Yes,Yes,Science,0
18.0,Male,Postgrad,Medium,Yes,9.5,7.2,3.8,2.0,3.0,Yes,Yes,English,0
13.0,Female,College,Medium,No,12.5,6.9,6.5,2.0,4.0,Yes,Yes,Math,0
15.0,Female,High school,Low,No,7.5,9.1,1.3,3.0,4.0,Yes,Yes,Science,0
16.0,Prefer not to say,High school,Medium,No,4.3,7.1,3.5,5.0,5.0,Yes,Yes,Science,0
13.0,Female,High school,High,No,12.7,7.8,7.5,3.0,1.0,Yes,Yes,Math,0
12.0,Female,Postgrad,Medium,Yes,8.4,6.6,4.9,3.0,2.0,Yes,Yes,Science,0
15.0,Male,College,High,No,8.2,8.1,1.4,2.0,2.0,Yes,Yes,Science,0
18.0,Prefer not to say,College,Low,Yes,9.8,6.5,3.1,4.0,3.0,Yes,Yes,Math,0
18.0,Male,No formal,High,Yes,16.7,10.2,6.4,3.0,1.0,Yes,Yes,Science,0
13.0,Female,High school,Medium,Yes,11.0,7.9,4.5,5.0,2.0,No,Yes,Science,0
14.0,Female,College,Medium,Yes,9.4,8.1,1.6,2.0,3.0,Yes,Yes,Math,0
13.0,Female,College,Medium,Yes,10.6,8.2,4.0,3.0,3.0,No,Yes,Unknown,0
14.0,Female,College,Medium,Yes,10.3,6.0,4.0,5.0,3.0,Yes,Yes,History,0
16.0,Male,No formal,Low,No,7.6,8.2,1.0,5.0,5.0,Yes,Yes,Math,0
15.0,Prefer not to say,College,Low,Yes,15.9,9.2,3.3,4.0,4.0,Yes,Yes,Science,0
18.0,Female,Postgrad,High,Yes,17.0,7.8,2.4,2.0,1.0,Yes,Yes,Unknown,0
18.0,Prefer not to say,College,Medium,No,10.6,6.4,4.9,3.0,3.0,Yes,No,Math,0
16.0,Male,High school,Medium,Yes,11.0,6.9,2.0,2.0,4.0,Yes,Yes,Science,0
16.0,Female,High school,Low,Yes,13.6,6.9,4.0,3.0,1.0,Yes,Yes,History,0
17.0,Female,College,Low,No,20.8,8.9,4.5,5.0,2.0,Yes,Yes,English,0
15.0,Female,High school,High,Yes,14.6,5.6,5.2,1.0,5.0,Yes,Yes,Math,0
16.0,Male,High school,High,Yes,17.1,7.6,4.8,2.0,5.0,Yes,Yes,Unknown,0
13.0,Female,High school,Medium,Yes,14.8,6.4,2.2,3.0,4.0,No,Yes,Geography,0
16.0,Male,High school,High,Yes,7.6,7.3,3.2,3.0,5.0,No,Yes,Math,0
12.0,Female,College,High,Yes,11.8,7.0,3.4,5.0,1.0,No,Yes,History,0
16.0,Male,Postgrad,Medium,No,15.0,8.2,2.8,1.0,5.0,Yes,No,Math,0
13.0,Female,College,High,Yes,13.7,6.8,5.3,4.0,2.0,Yes,Yes,Math,0
18.0,Male,College,Medium,No,11.3,5.5,6.2,4.0,1.0,Yes,Yes,History,0
12.0,Female,High school,Medium,Yes,11.5,8.8,3.0,2.0,4.0,Yes,Yes,English,0
18.0,Male,No formal,Medium,Yes,16.5,7.8,5.7,2.0,3.0,Yes,Yes,Math,0
13.0,Female,College,Medium,Yes,8.5,8.2,4.2,2.0,3.0,Yes,Yes,Math,0
13.0,Female,No formal,Medium,Yes,9.4,8.1,3.7,3.0,4.0,No,Yes,Science,0
13.0,Male,Postgrad,Medium,No,8.9,7.4,4.2,1.0,3.0,Yes,Yes,Science,0
14.0,Prefer not to say,Postgrad,High,Yes,11.1,7.1,2.3,4.0,2.0,Yes,Yes,Science,0
17.0,Male,College,Medium,Yes,11.1,7.4,3.7,4.0,2.0,Yes,Yes,History,0
17.0,Male,Postgrad,Medium,Yes,19.2,8.8,2.3,1.0,2.0,Yes,Yes,Science,0
14.0,Female,College,Medium,Yes,9.2,6.7,2.6,2.0,2.0,Yes,Yes,Science,0
13.0,Female,Postgrad,Low,Yes,7.1,7.3,3.6,3.0,2.0,Yes,Yes,Math,0
17.0,Male,College,Medium,No,7.3,8.0,5.7,3.0,1.0,Yes,Yes,Science,0
17.0,Male,Postgrad,High,Yes,9.1,6.1,4.5,3.0,2.0,No,Yes,Science,0
18.0,Female,College,Medium,No,7.6,7.4,3.5,4.0,2.0,No,No,Unknown,0
17.0,Male,High school,High,Yes,14.5,7.4,5.4,3.0,3.0,Yes,Yes,English,0
15.0,Male,College,Medium,Yes,14.7,6.2,5.3,5.0,5.0,Yes,Yes,Math,0
17.0,Female,No formal,Low,Yes,16.5,6.2,4.2,2.0,5.0,Yes,Yes,English,0
17.0,Female,College,High,Yes,18.8,6.9,5.6,1.0,4.0,Yes,Yes,Math,0
17.0,Female,Postgrad,Medium,Yes,11.5,7.9,6.2,2.0,1.0,Yes,Yes,Math,0
14.0,Female,College,High,Yes,13.0,6.9,3.1,5.0,5.0,Yes,Yes,Science,0
16.0,Female,Postgrad,Low,Yes,13.8,6.9,3.3,3.0,1.0,Yes,Yes,Science,0
15.0,Male,College,High,Yes,9.6,7.2,3.5,4.0,5.0,No,Yes,History,0
15.0,Female,High school,Medium,Yes,16.2,8.5,3.9,1.0,2.0,Yes,Yes,Math,0
13.0,Female,College,Low,Yes,12.0,7.7,7.1,1.0,1.0,Yes,Yes,Science,0
14.0,Female,College,High,No,8.4,8.3,2.8,3.0,5.0,Yes,Yes,Science,0
18.0,Male,College,Medium,Yes,12.2,7.7,2.2,2.0,1.0,Yes,Yes,Science,0
12.0,Male,High school,Medium,Yes,8.3,7.2,6.2,3.0,2.0,Yes,Yes,Math,0
12.0,Female,No formal,Medium,Yes,8.7,8.2,4.7,2.0,4.0,No,Yes,Science,0
17.0,Female,College,Low,Yes,16.6,6.1,2.8,3.0,3.0,Yes,Yes,History,0
13.0,Female,Postgrad,High,No,8.9,7.1,3.7,4.0,3.0,Yes,Yes,Science,0
17.0,Male,Postgrad,Medium,No,15.2,8.8,4.5,1.0,4.0,Yes,Yes,Science,0
17.0,Female,College,Medium,Yes,12.9,9.2,3.4,1.0,2.0,Yes,Yes,Math,0
18.0,Female,High school,Low,Yes,15.6,8.5,5.7,3.0,3.0,Yes,Yes,Science,0
17.0,Male,College,Low,Yes,16.9,7.1,4.5,5.0,2.0,No,No,Science,0
18.0,Female,High school,Medium,Yes,6.9,8.2,3.1,2.0,3.0,Yes,Yes,Math,0
16.0,Male,College,Low,Yes,4.0,6.3,2.0,5.0,3.0,Yes,Yes,History,0
15.0,Male,High school,Medium,Yes,15.8,6.8,3.2,4.0,1.0,No,No,Unknown,0
15.0,Male,Postgrad,Medium,Yes,12.7,6.3,5.7,4.0,1.0,Yes,Yes,Unknown,0
18.0,Female,College,Medium,No,6.9,8.3,5.6,4.0,2.0,Yes,Yes,Science,0
16.0,Male,High school,Low,Yes,10.2,5.7,5.7,4.0,3.0,Yes,Yes,Math,0
18.0,Female,High school,High,Yes,17.7,7.7,3.7,4.0,3.0,No,Yes,Science,0
18.0,Male,College,High,Yes,17.1,8.4,5.3,5.0,1.0,Yes,Yes,Math,0
18.0,Female,College,Low,Yes,11.9,7.4,4.5,1.0,5.0,No,Yes,Unknown,0
18.0,Male,College,Medium,Yes,15.3,8.4,2.5,2.0,4.0,Yes,Yes,Math,0
18.0,Female,High school,Medium,No,11.7,6.6,2.1,2.0,3.0,Yes,No,Geography,0
16.0,Male,College,Low,Yes,8.9,7.4,2.2,3.0,3.0,Yes,Yes,Unknown,0
12.0,Male,High school,Medium,Yes,4.9,7.8,3.5,3.0,2.0,Yes,Yes,Geography,0
14.0,Female,College,Low,No,15.5,7.8,4.5,2.0,3.0,Yes,Yes,Unknown,0
17.0,Female,High school,Low,Yes,11.6,8.8,4.8,5.0,5.0,Yes,Yes,Math,0
17.0,Female,Postgrad,Low,Yes,10.8,7.9,2.7,4.0,5.0,No,Yes,English,0
17.0,Male,College,High,No,19.4,6.5,2.9,3.0,4.0,Yes,Yes,Math,0
14.0,Female,High school,Medium,Yes,9.0,7.2,4.6,2.0,2.0,Yes,Yes,Math,0
18.0,Prefer not to say,Postgrad,Low,Yes,14.5,6.7,3.7,2.0,3.0,Yes,Yes,Math,0
16.0,Female,No formal,Medium,Yes,13.9,7.6,1.6,4.0,4.0,Yes,No,Math,0
17.0,Female,No formal,Low,No,11.1,6.0,3.6,2.0,1.0,No,Yes,English,0
16.0,Female,Postgrad,Medium,Yes,10.8,6.9,4.9,2.0,5.0,Yes,Yes,Geography,0
13.0,Prefer not to say,Postgrad,High,Yes,12.6,8.8,4.5,1.0,5.0,Yes,Yes,Science,0
16.0,Female,Postgrad,Medium,Yes,11.7,7.6,5.1,3.0,3.0,No,Yes,Science,0
14.0,Male,High school,Medium,Yes,15.8,9.0,6.5,3.0,3.0,Yes,Yes,Science,0
14.0,Male,High school,Low,Yes,9.2,7.5,1.8,4.0,3.0,No,Yes,Unknown,0
18.0,Female,College,Low,Yes,18.8,7.9,3.7,3.0,5.0,Yes,Yes,Math,0
13.0,Male,College,High,Yes,9.7,7.1,4.8,5.0,1.0,No,Yes,Math,0
14.0,Male,No formal,Medium,No,14.2,7.7,2.8,5.0,3.0,Yes,Yes,Science,0
15.0,Male,College,Medium,Yes,5.7,7.0,5.3,1.0,2.0,Yes,Yes,English,0
17.0,Male,Postgrad,Medium,Yes,11.4,9.7,3.0,1.0,3.0,No,Yes,Unknown,0
18.0,Female,High school,Medium,No,21.4,4.7,6.9,3.0,5.0,Yes,Yes,Math,0
18.0,Male,High school,Medium,Yes,15.7,6.6,4.6,3.0,2.0,Yes,Yes,Math,0
15.0,Female,College,Medium,No,10.5,6.9,5.8,3.0,4.0,Yes,Yes,English,0
17.0,Male,High school,Medium,Yes,9.2,6.7,4.9,3.0,4.0,Yes,Yes,Science,0
18.0,Female,High school,Low,No,15.1,7.7,5.0,5.0,5.0,No,No,Science,0
13.0,Female,No formal,Medium,No,11.1,6.4,4.9,4.0,2.0,Yes,Yes,Math,0
14.0,Female,High school,Low,Yes,14.8,7.6,4.5,2.0,5.0,Yes,Yes,Math,0
14.0,Male,No formal,Medium,Yes,12.1,7.1,4.4,4.0,3.0,Yes,Yes,Math,0
15.0,Male,College,Medium,No,12.1,8.4,1.0,4.0,1.0,Yes,Yes,Science,0
18.0,Prefer not to say,College,Medium,No,12.8,6.6,2.5,4.0,1.0,Yes,Yes,Science,0
16.0,Male,College,Medium,Yes,16.4,7.3,5.2,2.0,3.0,Yes,No,Math,0
13.0,Prefer not to say,High school,Low,Yes,9.9,7.8,6.3,2.0,5.0,Yes,No,Unknown,0
17.0,Female,No formal,Medium,Yes,13.1,7.0,6.1,3.0,2.0,Yes,Yes,Math,0
12.0,Female,High school,High,No,12.8,8.4,1.4,4.0,2.0,Yes,Yes,Unknown,0
16.0,Male,College,Low,No,13.2,7.4,2.6,5.0,5.0,Yes,Yes,Science,0
16.0,Male,High school,Medium,No,14.6,6.8,5.0,4.0,3.0,Yes,Yes,English,0
14.0,Female,Postgrad,Medium,Yes,9.2,8.3,1.0,2.0,2.0,Yes,Yes,Science,0
15.0,Female,High school,Medium,Yes,12.3,7.6,4.0,3.0,3.0,Yes,Yes,Unknown,0
12.0,Prefer not to say,College,Medium,Yes,13.0,8.3,6.5,1.0,2.0,No,Yes,Math,0
15.0,Male,College,Medium,Yes,14.3,8.3,3.3,3.0,1.0,No,Yes,Math,0
17.0,Male,No formal,Low,No,19.2,7.3,2.4,3.0,5.0,Yes,Yes,Geography,0
17.0,Male,College,Low,Yes,11.1,6.2,4.8,3.0,1.0,No,No,Geography,0
14.0,Female,College,Low,Yes,3.3,7.3,2.8,2.0,4.0,Yes,Yes,Science,0
16.0,Female,No formal,Medium,Yes,11.0,6.0,3.2,4.0,3.0,Yes,No,Math,0
16.0,Female,College,High,Yes,12.9,8.2,6.4,5.0,5.0,Yes,Yes,English,0
14.0,Female,College,Medium,Yes,13.5,6.8,3.3,2.0,2.0,Yes,Yes,English,0
12.0,Female,College,Medium,Yes,6.1,7.0,2.0,4.0,2.0,Yes,Yes,English,0
16.0,Female,No formal,Medium,Yes,11.5,8.3,4.4,3.0,1.0,No,Yes,English,0
17.0,Female,High school,Medium,No,13.5,7.6,2.9,3.0,4.0,Yes,Yes,History,0
17.0,Male,High school,Medium,Yes,12.1,9.2,5.1,4.0,1.0,Yes,Yes,History,0
18.0,Male,College,Medium,No,13.9,7.5,4.0,4.0,4.0,No,Yes,English,0
18.0,Female,College,Low,Yes,8.9,8.0,4.7,3.0,4.0,Yes,Yes,History,0
12.0,Male,High school,Low,Yes,6.4,8.6,5.4,3.0,3.0,No,Yes,Science,0
18.0,Female,College,High,Yes,12.4,8.2,5.2,4.0,4.0,Yes,Yes,Geography,0
14.0,Male,College,Medium,No,11.5,8.5,3.3,5.0,5.0,No,Yes,English,0
14.0,Male,No formal,Medium,No,7.9,6.4,2.5,2.0,2.0,No,Yes,Math,0
17.0,Female,No formal,Medium,No,9.9,8.0,1.6,4.0,5.0,Yes,Yes,Math,0
16.0,Male,College,Medium,Yes,8.8,6.4,1.9,2.0,2.0,Yes,Yes,English,0
14.0,Female,College,Low,Yes,10.3,9.7,3.8,4.0,3.0,Yes,Yes,Science,0
15.0,Male,Postgrad,High,Yes,18.0,8.4,4.4,4.0,3.0,Yes,Yes,Science,0
18.0,Female,No formal,Medium,No,15.7,8.6,3.0,2.0,5.0,Yes,Yes,Science,0
14.0,Female,High school,Medium,Yes,10.8,7.5,4.6,1.0,3.0,Yes,No,English,0
15.0,Male,High school,Low,Yes,10.9,7.3,6.2,3.0,2.0,Yes,Yes,English,0
16.0,Female,No formal,Medium,Yes,11.6,9.2,3.8,5.0,4.0,Yes,Yes,English,0
18.0,Male,No formal,Low,Yes,11.6,9.7,4.2,5.0,4.0,Yes,Yes,Science,0
14.0,Female,High school,Low,Yes,10.1,8.1,4.9,3.0,3.0,Yes,Yes,Science,0
14.0,Female,High school,Medium,No,11.4,6.9,7.7,3.0,1.0,Yes,Yes,Geography,0
17.0,Female,High school,Medium,Yes,12.7,8.4,6.3,2.0,4.0,Yes,Yes,Science,0
14.0,Male,College,Medium,Yes,15.5,7.5,4.4,2.0,3.0,Yes,Yes,Math,0
17.0,Male,High school,Medium,No,11.9,6.8,3.9,3.0,5.0,No,Yes,Math,0
18.0,Female,High school,High,Yes,20.3,7.4,4.2,5.0,2.0,Yes,Yes,Unknown,0
13.0,Male,High school,Medium,Yes,5.5,6.6,3.4,2.0,4.0,Yes,Yes,Geography,0
12.0,Female,College,Low,Yes,13.6,7.9,5.6,2.0,3.0,Yes,Yes,Science,0
13.0,Female,College,Medium,No,9.4,8.2,2.5,4.0,1.0,Yes,Yes,Science,0
17.0,Male,Postgrad,Medium,Yes,11.1,7.4,4.8,3.0,2.0,Yes,Yes,Science,0
13.0,Female,No formal,Medium,Yes,16.7,8.5,4.7,5.0,4.0,No,Yes,Math,0
18.0,Female,College,High,Yes,15.7,5.6,3.0,4.0,4.0,No,Yes,English,0
17.0,Female,High school,Medium,Yes,11.3,8.5,2.8,2.0,1.0,Yes,Yes,Math,0
13.0,Female,High school,Medium,Yes,7.7,7.8,3.8,5.0,4.0,Yes,Yes,Science,0
15.0,Male,College,Medium,Yes,16.9,8.0,4.8,2.0,2.0,Yes,Yes,Science,0
17.0,Male,Postgrad,High,Yes,10.9,7.8,4.4,5.0,5.0,No,Yes,Math,0
12.0,Female,High school,Low,Yes,13.2,7.2,5.3,2.0,4.0,Yes,Yes,Unknown,0
14.0,Male,No formal,High,Yes,9.8,7.5,1.0,4.0,2.0,Yes,Yes,Geography,0
16.0,Male,Postgrad,High,Yes,16.7,8.3,2.5,2.0,3.0,No,Yes,History,0
13.0,Male,No formal,Medium,Yes,17.1,9.0,2.0,2.0,1.0,Yes,Yes,English,0
12.0,Male,Postgrad,Medium,No,5.8,7.2,7.2,4.0,4.0,Yes,Yes,Unknown,0
15.0,Male,High school,Medium,Yes,5.6,6.6,3.6,2.0,2.0,Yes,Yes,Math,0
13.0,Male,Postgrad,Medium,Yes,9.0,7.3,4.7,4.0,5.0,Yes,Yes,Math,0
17.0,Male,Postgrad,Low,No,14.0,9.0,4.7,2.0,4.0,Yes,Yes,Geography,0
16.0,Female,College,Medium,No,14.4,8.7,3.8,3.0,4.0,Yes,Yes,Science,0
13.0,Female,College,High,Yes,4.2,7.8,4.3,5.0,2.0,Yes,Yes,History,0
14.0,Male,College,Medium,Yes,2.9,7.2,3.2,3.0,4.0,Yes,Yes,English,0
18.0,Female,College,Medium,Yes,13.8,7.7,4.7,4.0,2.0,No,Yes,Unknown,0
13.0,Male,College,Low,No,12.2,7.6,5.5,5.0,4.0,Yes,Yes,History,0
16.0,Female,Postgrad,Low,Yes,9.2,8.2,3.5,5.0,5.0,Yes,Yes,History,0
15.0,Female,No formal,Medium,No,11.4,8.1,5.3,4.0,3.0,No,Yes,Math,0
13.0,Male,College,Medium,No,9.8,5.4,2.7,1.0,2.0,Yes,Yes,Science,0
14.0,Female,High school,Medium,Yes,10.0,6.9,4.8,3.0,4.0,No,Yes,Science,0
18.0,Female,College,Medium,No,11.3,7.3,4.0,5.0,4.0,Yes,Yes,Unknown,0
17.0,Female,College,Low,Yes,10.1,8.1,3.3,2.0,1.0,Yes,Yes,English,0
17.0,Female,No formal,Medium,No,12.5,7.2,5.4,5.0,3.0,Yes,Yes,Geography,0
12.0,Female,College,High,Yes,4.8,8.1,4.4,3.0,4.0,Yes,Yes,Math,0
16.0,Prefer not to say,High school,Medium,Yes,11.7,5.0,3.0,2.0,4.0,Yes,No,Math,0
13.0,Female,High school,High,Yes,4.5,8.0,2.3,3.0,2.0,Yes,Yes,Science,0
14.0,Female,Postgrad,Low,Yes,15.3,7.3,4.4,4.0,1.0,Yes,Yes,English,0
13.0,Female,College,Medium,No,12.2,7.2,3.9,3.0,5.0,Yes,Yes,History,0
15.0,Female,High school,Medium,Yes,13.2,7.3,3.9,1.0,1.0,Yes,Yes,Math,0
15.0,Female,High school,Low,Yes,10.9,9.8,5.4,5.0,3.0,Yes,Yes,Science,0
16.0,Female,Postgrad,Medium,Yes,14.2,6.4,3.7,3.0,4.0,Yes,Yes,English,0
18.0,Male,College,High,Yes,12.6,7.9,5.4,5.0,5.0,No,Yes,History,0
18.0,Prefer not to say,High school,Low,Yes,10.4,8.1,2.9,5.0,1.0,Yes,Yes,Science,0
18.0,Male,College,High,Yes,14.0,7.8,1.9,2.0,2.0,Yes,Yes,History,0
15.0,Male,High school,Medium,Yes,18.4,7.4,2.7,4.0,4.0,Yes,Yes,Science,0
12.0,Male,Postgrad,Medium,Yes,15.8,6.6,4.1,5.0,2.0,No,Yes,Unknown,0
15.0,Male,No formal,Medium,Yes,9.3,9.0,6.4,2.0,2.0,Yes,Yes,Math,0
18.0,Female,No formal,Low,Yes,14.4,8.8,2.6,2.0,3.0,No,Yes,Science,0
15.0,Female,High school,Medium,Yes,14.4,8.1,3.3,1.0,5.0,No,Yes,Science,0
15.0,Female,College,High,Yes,8.3,6.2,3.3,3.0,2.0,No,Yes,Science,0
15.0,Male,No formal,High,No,17.6,8.5,5.3,4.0,3.0,Yes,Yes,Science,0
16.0,Female,College,Low,Yes,8.5,8.3,2.1,5.0,5.0,Yes,Yes,History,0
14.0,Male,No formal,Medium,Yes,10.8,8.1,6.9,4.0,3.0,Yes,Yes,Math,0
17.0,Male,College,Medium,Yes,15.8,5.6,2.0,2.0,3.0,Yes,Yes,Math,0
13.0,Female,High school,Medium,Yes,11.0,6.5,3.3,3.0,1.0,No,Yes,English,0
15.0,Female,No formal,Medium,Yes,7.1,7.1,2.9,2.0,3.0,Yes,Yes,Unknown,0
13.0,Male,College,Medium,Yes,14.2,9.5,5.1,3.0,5.0,Yes,Yes,Math,0
17.0,Male,High school,Low,No,10.0,8.0,8.6,2.0,2.0,Yes,Yes,Math,0
17.0,Female,College,Low,Yes,12.3,6.9,3.0,4.0,4.0,Yes,Yes,Science,0
13.0,Prefer not to say,No formal,Medium,Yes,11.3,6.0,8.5,3.0,2.0,Yes,Yes,English,0
15.0,Male,No formal,Medium,Yes,9.0,8.2,3.1,5.0,3.0,Yes,Yes,Unknown,0
13.0,Male,College,Medium,No,3.3,7.0,5.2,4.0,5.0,Yes,Yes,Geography,0
18.0,Female,High school,Low,No,18.4,7.3,2.0,5.0,2.0,Yes,Yes,Science,0
17.0,Female,College,Medium,Yes,11.6,7.4,4.9,3.0,1.0,No,Yes,Science,0
14.0,Male,No formal,Low,No,12.1,8.0,1.0,3.0,2.0,No,Yes,History,0
16.0,Male,High school,Medium,Yes,8.7,7.9,2.0,5.0,4.0,Yes,Yes,Unknown,0
18.0,Female,High school,High,Yes,16.6,8.8,2.6,3.0,3.0,Yes,Yes,Math,0
12.0,Female,College,Medium,No,9.9,6.6,2.6,3.0,2.0,Yes,Yes,English,0
17.0,Prefer not to say,College,High,Yes,18.0,6.9,4.2,4.0,2.0,Yes,Yes,Math,0
15.0,Female,Postgrad,Medium,No,12.7,6.5,4.5,5.0,1.0,Yes,No,Math,0
15.0,Female,College,Medium,Yes,13.3,7.3,2.7,5.0,2.0,Yes,Yes,Unknown,0
13.0,Male,High school,Medium,Yes,13.9,8.0,2.4,3.0,2.0,No,Yes,Science,0
16.0,Male,High school,Low,Yes,12.8,7.4,5.2,3.0,1.0,Yes,Yes,Unknown,0
13.0,Male,College,Low,Yes,8.6,8.1,2.1,2.0,1.0,Yes,Yes,History,0
17.0,Female,College,High,Yes,15.2,7.5,2.9,3.0,1.0,No,Yes,History,0
18.0,Female,College,Medium,Yes,19.1,7.8,5.3,1.0,3.0,Yes,Yes,Science,0
13.0,Male,College,Medium,Yes,11.6,5.9,6.1,2.0,4.0,Yes,Yes,Math,0
17.0,Female,College,High,Yes,13.1,7.7,4.1,5.0,1.0,No,Yes,Math,0
17.0,Female,No formal,High,Yes,14.6,7.8,7.8,3.0,5.0,Yes,No,English,0
12.0,Female,College,High,No,12.2,6.7,3.1,5.0,2.0,Yes,Yes,Math,0
14.0,Female,High school,Medium,Yes,12.1,7.5,5.0,2.0,4.0,Yes,Yes,Math,0
15.0,Male,Postgrad,High,Yes,16.5,7.2,3.3,4.0,1.0,Yes,Yes,History,0
15.0,Male,High school,Medium,Yes,5.5,6.9,5.9,3.0,5.0,No,No,Geography,0
12.0,Male,High school,Medium,Yes,9.0,6.7,2.7,5.0,1.0,Yes,Yes,Math,0
14.0,Prefer not to say,High school,Medium,Yes,11.7,7.6,1.1,2.0,5.0,Yes,Yes,Geography,0
18.0,Female,No formal,Medium,Yes,11.9,8.9,3.5,1.0,5.0,No,Yes,Math,0
12.0,Female,College,Low,No,4.4,7.9,5.5,5.0,5.0,Yes,Yes,Unknown,0
18.0,Female,High school,Low,Yes,18.6,7.5,1.1,1.0,3.0,No,Yes,Geography,0
16.0,Male,College,Low,Yes,8.1,7.4,3.4,5.0,5.0,Yes,Yes,Math,0
16.0,Female,Postgrad,Low,Yes,7.0,9.0,2.4,2.0,2.0,Yes,Yes,Math,0
17.0,Female,College,High,Yes,9.2,6.5,4.2,1.0,1.0,Yes,Yes,Math,0
13.0,Female,Postgrad,Low,No,10.6,8.4,2.7,5.0,4.0,No,Yes,Science,0
13.0,Female,High school,Low,No,16.2,8.1,4.3,2.0,2.0,Yes,Yes,Math,0
12.0,Female,College,High,Yes,14.7,9.6,4.0,4.0,5.0,Yes,Yes,Math,0
18.0,Female,College,Low,No,13.0,7.1,1.4,2.0,5.0,Yes,Yes,Math,0
18.0,Female,College,Medium,Yes,8.9,6.1,5.6,3.0,2.0,No,Yes,Math,0
12.0,Male,No formal,High,Yes,5.7,8.0,2.5,4.0,5.0,No,Yes,English,0
18.0,Male,High school,Low,No,21.4,8.5,4.8,4.0,2.0,Yes,Yes,Math,0
14.0,Male,No formal,Low,No,9.3,8.2,5.1,5.0,1.0,Yes,Yes,Science,0
14.0,Female,College,Medium,Yes,5.8,6.6,3.2,4.0,1.0,No,Yes,English,0
13.0,Female,Postgrad,Medium,Yes,18.6,6.2,5.9,5.0,4.0,Yes,Yes,History,0
18.0,Female,College,Medium,Yes,6.1,7.8,7.9,2.0,4.0,Yes,Yes,Science,0
18.0,Female,High school,Low,Yes,11.9,7.6,2.7,4.0,2.0,No,Yes,Unknown,0
16.0,Male,High school,Medium,Yes,15.9,5.8,1.1,4.0,2.0,No,No,Math,0
15.0,Male,No formal,Low,Yes,11.6,7.5,4.0,3.0,2.0,Yes,Yes,English,0
15.0,Female,College,High,Yes,5.8,6.6,3.5,3.0,4.0,Yes,Yes,Science,0
14.0,Male,High school,High,No,11.6,7.6,5.0,5.0,3.0,Yes,Yes,Unknown,0
16.0,Male,College,Medium,No,14.0,7.4,3.1,5.0,5.0,Yes,Yes,Math,0
13.0,Male,College,Medium,No,8.6,7.9,3.5,4.0,3.0,Yes,Yes,Geography,0
14.0,Female,No formal,Medium,Yes,15.9,7.8,2.6,2.0,4.0,Yes,Yes,Geography,0
14.0,Male,No formal,High,Yes,10.8,6.2,3.7,5.0,1.0,Yes,Yes,History,0
17.0,Male,No formal,Low,No,6.2,5.8,6.2,5.0,1.0,Yes,No,Science,0
18.0,Prefer not to say,College,Medium,Yes,15.7,9.1,6.8,2.0,3.0,No,Yes,Science,0
13.0,Female,College,High,Yes,9.5,7.3,1.4,1.0,1.0,No,Yes,English,0
14.0,Female,College,Medium,No,9.7,6.7,3.5,5.0,2.0,No,Yes,Science,0
16.0,Male,No formal,Medium,Yes,9.7,6.1,4.1,5.0,4.0,No,Yes,Geography,0
17.0,Male,High school,Medium,Yes,15.0,7.5,4.0,5.0,1.0,Yes,Yes,History,0
17.0,Female,College,Low,Yes,14.0,7.3,6.6,4.0,2.0,No,No,History,0
13.0,Male,College,Medium,No,6.2,8.0,3.4,3.0,3.0,No,Yes,History,0
16.0,Female,Postgrad,High,Yes,11.7,5.4,3.7,5.0,3.0,Yes,Yes,Math,0
18.0,Prefer not to say,High school,Medium,Yes,13.7,8.0,5.9,5.0,2.0,No,Yes,Math,0
18.0,Male,High school,Low,Yes,14.2,8.1,5.3,2.0,1.0,No,Yes,Science,0
15.0,Male,College,Medium,No,13.0,8.1,5.5,4.0,5.0,Yes,Yes,Math,0
12.0,Male,Postgrad,High,Yes,9.0,6.6,2.7,1.0,5.0,No,Yes,Math,0
18.0,Female,College,Medium,Yes,14.6,6.9,4.3,2.0,2.0,Yes,Yes,Math,0
16.0,Prefer not to say,High school,Medium,Yes,13.9,9.5,2.2,2.0,3.0,No,Yes,Math,0
12.0,Female,No formal,Medium,No,6.2,6.9,3.5,3.0,2.0,Yes,Yes,History,0
17.0,Male,College,Medium,No,14.1,6.9,4.7,3.0,1.0,Yes,Yes,Math,0
18.0,Male,High school,High,Yes,18.1,7.8,4.4,5.0,1.0,Yes,Yes,Math,0
13.0,Male,High school,Low,Yes,9.7,6.7,4.5,4.0,1.0,Yes,Yes,Science,0
15.0,Female,College,Medium,No,13.4,6.9,2.4,4.0,3.0,Yes,Yes,Science,0
15.0,Male,High school,High,No,13.9,7.6,1.8,4.0,5.0,No,Yes,Math,0
14.0,Male,No formal,Medium,Yes,11.8,9.8,3.9,5.0,3.0,No,Yes,Math,0
18.0,Male,High school,Medium,No,14.3,8.9,4.8,4.0,3.0,Yes,Yes,History,0
12.0,Female,No formal,Medium,No,9.7,7.3,3.4,4.0,3.0,No,Yes,Science,0
13.0,Male,College,High,Yes,9.5,7.4,3.9,3.0,3.0,No,Yes,History,0
14.0,Prefer not to say,College,Medium,Yes,10.1,5.6,6.5,1.0,4.0,No,Yes,History,0
12.0,Male,High school,Medium,Yes,10.9,7.1,4.2,2.0,4.0,No,Yes,English,0
14.0,Female,College,Low,No,15.6,7.9,5.7,4.0,3.0,Yes,No,Science,0
16.0,Male,No formal,Low,No,7.3,7.7,4.4,5.0,1.0,Yes,Yes,Math,0
14.0,Male,Postgrad,Medium,Yes,10.4,8.3,4.7,4.0,4.0,No,Yes,Geography,0
17.0,Male,No formal,Medium,Yes,10.5,7.9,5.8,5.0,2.0,Yes,Yes,Science,0
15.0,Male,No formal,Low,No,12.3,7.3,3.3,2.0,1.0,Yes,Yes,Science,0
13.0,Male,High school,Low,Yes,7.2,7.8,1.0,2.0,3.0,Yes,Yes,Math,0
15.0,Female,College,High,Yes,12.3,6.4,2.6,3.0,2.0,No,Yes,Math,0
18.0,Female,Postgrad,Medium,Yes,13.2,7.5,3.4,5.0,1.0,Yes,Yes,Math,0
16.0,Male,College,Medium,No,12.9,8.7,1.8,2.0,5.0,No,Yes,Math,0
15.0,Male,High school,Medium,Yes,8.1,6.3,2.4,3.0,2.0,No,Yes,History,0
15.0,Female,College,Medium,Yes,11.1,7.4,4.4,5.0,5.0,No,Yes,English,0
14.0,Female,College,Medium,Yes,9.1,8.3,3.5,5.0,3.0,Yes,Yes,History,0
18.0,Male,College,Low,No,11.8,6.2,5.5,2.0,2.0,No,Yes,Math,0
15.0,Male,College,High,No,7.6,6.8,4.1,5.0,1.0,Yes,Yes,Science,0
14.0,Female,Postgrad,Low,No,7.6,7.5,4.4,2.0,3.0,No,Yes,Unknown,0
17.0,Female,College,Medium,Yes,18.8,7.2,6.2,4.0,4.0,Yes,Yes,Math,0
17.0,Female,Postgrad,Low,Yes,14.0,8.2,1.6,4.0,3.0,No,Yes,Unknown,0
17.0,Male,High school,High,Yes,7.8,9.3,4.3,2.0,2.0,Yes,Yes,Math,0
17.0,Female,Postgrad,High,Yes,6.6,6.7,6.9,5.0,1.0,No,Yes,Math,0
14.0,Female,College,Medium,Yes,14.5,8.4,2.3,1.0,3.0,Yes,Yes,History,0
18.0,Female,High school,High,Yes,17.8,8.5,4.3,3.0,1.0,Yes,Yes,Science,0
17.0,Male,Postgrad,High,Yes,17.2,6.1,4.0,4.0,5.0,Yes,No,Science,0
13.0,Female,Postgrad,Low,Yes,8.3,8.0,4.6,2.0,2.0,Yes,Yes,Science,0
15.0,Male,Postgrad,Low,Yes,10.5,8.7,4.5,4.0,1.0,Yes,Yes,Science,0
15.0,Female,College,Low,Yes,9.5,6.8,4.9,4.0,5.0,No,Yes,Science,0
14.0,Male,No formal,Medium,Yes,17.0,6.3,5.1,3.0,3.0,No,Yes,Math,0
17.0,Female,High school,Medium,Yes,10.0,8.5,6.3,3.0,4.0,Yes,Yes,Science,0
17.0,Female,College,High,Yes,19.8,7.5,4.8,2.0,1.0,Yes,Yes,Science,0
12.0,Female,High school,Medium,Yes,12.7,7.6,2.8,5.0,5.0,Yes,Yes,Math,0
17.0,Male,High school,High,No,10.7,7.6,2.8,3.0,3.0,Yes,Yes,Science,0
17.0,Female,High school,Low,No,9.6,7.2,2.5,5.0,5.0,Yes,Yes,Math,0
12.0,Male,College,Medium,Yes,12.3,7.0,2.7,1.0,3.0,Yes,Yes,Geography,0
14.0,Male,High school,Medium,Yes,10.8,6.2,5.0,4.0,4.0,No,Yes,Science,0
18.0,Female,College,Low,No,11.5,6.4,3.2,4.0,5.0,No,Yes,History,0
14.0,Female,College,Medium,No,6.8,6.5,4.8,4.0,1.0,No,Yes,Science,0
12.0,Female,High school,Medium,No,13.4,7.2,3.5,5.0,3.0,Yes,Yes,Math,0
15.0,Female,College,Medium,Yes,12.9,6.1,1.2,3.0,1.0,No,No,Unknown,0
14.0,Female,College,High,Yes,17.6,7.9,2.4,4.0,2.0,Yes,Yes,Unknown,0
17.0,Female,College,Medium,Yes,11.9,7.4,3.4,3.0,2.0,Yes,Yes,Math,0
14.0,Female,No formal,High,No,8.3,9.0,5.6,4.0,3.0,Yes,Yes,Math,0
16.0,Male,College,High,Yes,15.2,7.9,1.8,1.0,2.0,Yes,Yes,Math,0
14.0,Male,Postgrad,Medium,No,10.2,6.8,2.7,1.0,3.0,Yes,Yes,Science,0
16.0,Male,Postgrad,Medium,Yes,9.7,7.1,2.0,3.0,5.0,Yes,Yes,History,0
13.0,Male,High school,High,Yes,13.8,9.1,1.2,5.0,3.0,No,Yes,Geography,0
18.0,Female,College,High,Yes,14.6,7.9,6.7,5.0,2.0,Yes,Yes,Math,0
17.0,Male,No formal,Low,Yes,13.0,7.6,3.2,2.0,3.0,No,Yes,Unknown,0
12.0,Female,High school,Low,Yes,7.6,7.2,3.1,5.0,1.0,No,Yes,Science,0
17.0,Male,College,Medium,Yes,19.9,6.3,5.0,5.0,3.0,No,Yes,Science,0
12.0,Male,Postgrad,Medium,Yes,5.6,8.9,2.5,1.0,1.0,Yes,Yes,Math,0
16.0,Male,College,Low,No,10.7,8.9,4.5,4.0,5.0,Yes,Yes,Science,0
15.0,Male,Postgrad,Medium,Yes,12.5,9.8,1.8,3.0,5.0,Yes,Yes,Science,0
14.0,Female,High school,Medium,Yes,6.4,8.2,3.0,2.0,3.0,No,Yes,History,0
15.0,Female,High school,Medium,Yes,14.8,6.9,5.7,5.0,1.0,Yes,Yes,Math,0
13.0,Male,College,Medium,Yes,6.2,6.8,3.9,5.0,2.0,Yes,Yes,Science,0
13.0,Female,High school,Low,Yes,11.3,6.9,3.4,1.0,1.0,Yes,Yes,Unknown,0
13.0,Male,College,Low,Yes,14.7,9.5,1.3,4.0,1.0,Yes,Yes,History,0
13.0,Male,High school,Medium,Yes,7.4,6.5,5.1,3.0,1.0,No,Yes,Unknown,0
14.0,Male,High school,High,Yes,11.6,9.1,3.1,5.0,1.0,No,Yes,History,0
12.0,Male,College,Low,No,6.0,7.6,3.9,4.0,4.0,No,No,Science,0
12.0,Female,College,Medium,Yes,16.2,9.5,3.0,2.0,3.0,Yes,Yes,Math,0
18.0,Male,College,Low,Yes,20.9,6.8,3.7,2.0,2.0,No,Yes,Unknown,0
17.0,Female,High school,Medium,Yes,10.1,7.8,2.7,3.0,5.0,Yes,Yes,Math,0
15.0,Female,No formal,Medium,Yes,9.0,8.6,4.1,2.0,1.0,Yes,Yes,Math,0
12.0,Female,High school,Medium,Yes,9.9,7.8,2.4,2.0,5.0,Yes,Yes,Math,0
18.0,Male,College,Medium,No,12.6,6.8,1.0,1.0,3.0,No,Yes,Science,0
16.0,Male,High school,Low,No,12.1,7.3,5.0,5.0,3.0,Yes,No,English,0
13.0,Female,College,High,Yes,16.1,6.7,3.1,1.0,5.0,No,Yes,English,0
15.0,Female,College,High,No,13.1,7.1,5.1,3.0,3.0,Yes,Yes,Unknown,0
13.0,Female,High school,Medium,No,8.1,8.7,2.9,2.0,3.0,No,Yes,Math,0
14.0,Male,College,High,Yes,5.1,7.9,5.3,4.0,2.0,Yes,Yes,Unknown,0
15.0,Female,College,Medium,No,11.1,6.5,4.0,2.0,2.0,No,Yes,History,0
17.0,Female,Postgrad,Medium,No,18.2,7.4,5.0,3.0,4.0,No,Yes,Unknown,0
12.0,Female,College,Medium,Yes,7.0,7.1,6.9,2.0,1.0,Yes,Yes,Math,0
13.0,Male,High school,High,Yes,5.5,7.7,1.7,5.0,1.0,Yes,Yes,Science,0
17.0,Female,College,High,No,13.7,6.5,2.0,4.0,1.0,Yes,Yes,Geography,0
18.0,Female,High school,High,No,8.0,6.7,2.8,1.0,5.0,Yes,Yes,Geography,0
14.0,Female,College,Medium,Yes,10.7,8.2,4.4,2.0,3.0,Yes,Yes,Math,0
16.0,Male,High school,High,Yes,11.5,7.1,2.2,5.0,5.0,Yes,Yes,Math,0
15.0,Male,High school,Low,Yes,18.9,6.9,5.4,1.0,4.0,Yes,Yes,Unknown,0
17.0,Male,High school,Low,No,14.4,6.3,3.1,1.0,1.0,No,Yes,Unknown,0
15.0,Male,College,Medium,Yes,6.8,5.4,4.0,5.0,4.0,No,Yes,Science,0
14.0,Prefer not to say,College,Medium,No,9.8,8.2,6.6,3.0,2.0,Yes,Yes,Unknown,0
17.0,Female,College,Low,Yes,16.0,7.7,6.0,3.0,1.0,No,Yes,English,0
18.0,Male,College,Medium,Yes,15.6,9.4,1.9,5.0,4.0,Yes,Yes,Geography,0
17.0,Male,No formal,Low,No,14.9,6.6,4.6,3.0,5.0,No,No,Geography,0
15.0,Male,College,Medium,Yes,16.9,9.0,3.3,4.0,3.0,Yes,Yes,Science,0
17.0,Female,College,Low,No,15.6,7.6,5.9,1.0,3.0,Yes,Yes,Science,0
16.0,Prefer not to say,High school,Low,No,4.7,9.0,2.0,5.0,5.0,Yes,Yes,Science,0
14.0,Female,College,Low,No,9.6,5.8,2.6,1.0,1.0,Yes,Yes,Science,0
13.0,Male,College,Medium,Yes,7.9,7.7,6.4,2.0,5.0,Yes,Yes,Science,0
13.0,Female,Postgrad,Low,Yes,7.0,7.6,2.9,3.0,4.0,Yes,Yes,Science,0
13.0,Female,Postgrad,Medium,Yes,13.1,8.0,4.9,1.0,5.0,Yes,Yes,Math,0
12.0,Female,No formal,Medium,Yes,12.0,5.7,6.4,3.0,4.0,Yes,Yes,English,0
14.0,Male,Postgrad,Low,No,12.0,7.8,3.1,2.0,3.0,No,Yes,Unknown,0
17.0,Male,Postgrad,Medium,No,13.5,9.2,5.8,4.0,4.0,Yes,Yes,Science,0
17.0,Female,College,Medium,Yes,10.0,6.4,2.6,5.0,5.0,Yes,Yes,English,0
18.0,Prefer not to say,Postgrad,Medium,No,12.6,8.5,5.6,4.0,2.0,Yes,Yes,Math,0
13.0,Female,College,High,No,12.0,6.1,2.0,3.0,5.0,Yes,Yes,Math,0
16.0,Female,College,High,No,10.4,7.3,4.7,2.0,3.0,Yes,Yes,Science,0
13.0,Female,College,High,Yes,8.6,8.3,4.6,3.0,3.0,Yes,Yes,History,0
16.0,Female,High school,High,Yes,9.4,6.5,6.5,3.0,1.0,No,Yes,Science,0
16.0,Female,High school,Low,No,4.6,7.6,3.8,4.0,2.0,Yes,Yes,Math,0
13.0,Male,College,High,No,6.6,6.7,5.8,2.0,2.0,No,No,History,0
13.0,Male,High school,Low,No,7.8,6.4,2.3,4.0,5.0,Yes,Yes,Unknown,0
15.0,Male,High school,Medium,Yes,16.9,5.7,2.3,1.0,5.0,No,Yes,English,0
16.0,Female,College,High,Yes,13.1,8.8,5.1,1.0,5.0,Yes,Yes,Math,0
17.0,Prefer not to say,Postgrad,Medium,No,13.9,7.8,8.6,2.0,1.0,Yes,Yes,Geography,0
13.0,Male,High school,Low,Yes,7.1,7.5,5.0,2.0,2.0,Yes,Yes,Math,0
15.0,Male,No formal,Low,No,7.6,7.8,3.0,5.0,1.0,Yes,Yes,English,0
16.0,Female,High school,Low,Yes,8.8,7.2,5.5,1.0,2.0,Yes,Yes,Math,0
12.0,Female,College,Medium,Yes,15.4,7.7,3.8,4.0,2.0,Yes,Yes,English,0
13.0,Female,No formal,Medium,Yes,13.1,9.8,5.0,1.0,5.0,Yes,Yes,Math,0
17.0,Female,College,Low,Yes,9.7,8.1,2.3,1.0,1.0,Yes,Yes,Science,0
15.0,Female,High school,Low,Yes,8.9,7.6,5.2,5.0,4.0,Yes,Yes,Science,0
16.0,Female,College,Medium,Yes,11.9,7.5,2.2,5.0,3.0,Yes,No,Unknown,0
13.0,Female,High school,Medium,Yes,15.8,7.5,3.3,3.0,1.0,Yes,Yes,Science,0
18.0,Male,No formal,Medium,Yes,21.8,5.5,3.6,5.0,5.0,No,Yes,Math,0
12.0,Male,High school,Medium,Yes,7.4,7.0,1.9,5.0,4.0,Yes,Yes,Math,0
13.0,Female,College,High,Yes,6.6,8.3,2.8,3.0,3.0,Yes,No,Science,0
15.0,Male,High school,Medium,No,5.1,8.2,4.3,3.0,1.0,Yes,Yes,History,0
13.0,Male,Postgrad,High,No,11.9,8.9,2.2,1.0,3.0,Yes,Yes,History,0
18.0,Male,No formal,Medium,No,11.7,7.6,4.2,2.0,4.0,Yes,Yes,Math,0
18.0,Female,No formal,Medium,No,17.7,8.8,1.2,1.0,4.0,Yes,Yes,Science,0
14.0,Male,High school,Medium,No,12.0,8.7,2.6,4.0,3.0,Yes,No,Geography,0
12.0,Female,High school,High,Yes,6.1,7.4,5.1,3.0,3.0,Yes,Yes,Science,0
17.0,Male,High school,Low,Yes,14.8,7.3,3.2,5.0,1.0,Yes,Yes,History,0
18.0,Male,College,High,No,12.6,6.0,2.9,5.0,1.0,No,Yes,English,0
18.0,Prefer not to say,College,Low,Yes,10.4,7.5,1.3,2.0,2.0,No,Yes,Math,0
17.0,Prefer not to say,High school,Medium,Yes,17.6,5.7,3.0,2.0,1.0,Yes,Yes,Science,0
15.0,Female,Postgrad,Medium,Yes,9.5,7.1,7.4,5.0,5.0,Yes,Yes,Math,0
16.0,Female,No formal,High,Yes,11.9,7.4,1.4,1.0,5.0,Yes,Yes,Geography,0
18.0,Female,No formal,Medium,Yes,17.3,7.6,4.9,1.0,1.0,Yes,Yes,English,0
13.0,Male,College,Medium,Yes,9.8,6.8,4.4,5.0,4.0,Yes,Yes,Math,0
15.0,Male,No formal,Medium,No,10.5,7.9,3.0,2.0,2.0,Yes,Yes,English,0
18.0,Female,College,Low,Yes,17.7,9.1,6.7,1.0,5.0,Yes,Yes,Math,0
18.0,Male,Postgrad,Medium,Yes,17.2,7.1,4.8,3.0,1.0,Yes,Yes,Science,0
15.0,Male,Postgrad,Medium,Yes,11.8,7.3,1.0,2.0,2.0,Yes,Yes,Math,0
15.0,Prefer not to say,College,Medium,Yes,6.8,6.3,3.0,4.0,4.0,Yes,Yes,Science,0
14.0,Male,College,Medium,No,8.1,6.8,4.5,5.0,3.0,Yes,Yes,Unknown,0
13.0,Female,No formal,Low,No,20.0,8.1,5.3,5.0,3.0,Yes,Yes,Science,0
15.0,Male,College,Medium,Yes,13.6,8.2,7.5,4.0,5.0,Yes,Yes,Math,0
14.0,Prefer not to say,Postgrad,Low,Yes,9.1,8.1,3.4,2.0,3.0,Yes,Yes,Unknown,0
14.0,Male,College,Low,No,7.4,6.5,5.0,4.0,1.0,Yes,Yes,English,0
14.0,Female,High school,Medium,Yes,9.5,7.2,3.0,1.0,1.0,No,No,Science,0
18.0,Female,High school,Medium,Yes,14.5,8.2,5.8,5.0,2.0,No,Yes,History,0
14.0,Male,High school,High,Yes,12.7,7.0,7.6,4.0,4.0,Yes,Yes,Geography,0
14.0,Female,College,Medium,Yes,10.0,7.0,6.1,5.0,4.0,Yes,Yes,Math,0
16.0,Prefer not to say,College,Medium,Yes,13.8,7.0,5.5,3.0,1.0,No,Yes,Science,0
18.0,Female,High school,Medium,Yes,11.4,6.7,4.5,2.0,5.0,No,Yes,Math,0
14.0,Male,College,High,Yes,5.4,6.8,4.0,2.0,5.0,No,Yes,English,0
18.0,Female,College,High,Yes,12.9,8.0,5.0,1.0,4.0,No,Yes,Math,0
18.0,Male,No formal,High,No,14.1,7.4,3.0,1.0,3.0,Yes,Yes,Science,0
16.0,Male,No formal,Medium,No,17.1,7.0,3.7,5.0,3.0,No,Yes,Math,0
17.0,Female,College,High,No,8.4,6.3,4.8,1.0,2.0,Yes,Yes,Geography,0
16.0,Female,Postgrad,High,Yes,5.2,7.6,3.3,5.0,4.0,No,Yes,History,0
16.0,Female,High school,Medium,Yes,18.1,8.0,3.6,2.0,4.0,Yes,Yes,Unknown,0
18.0,Male,Postgrad,Medium,No,12.7,8.1,2.9,5.0,3.0,No,Yes,Math,0
15.0,Male,Postgrad,Medium,No,16.3,8.2,1.8,2.0,4.0,Yes,Yes,Science,0
18.0,Male,High school,Low,Yes,12.2,7.3,3.2,2.0,2.0,Yes,Yes,Geography,0
17.0,Female,High school,Medium,Yes,10.5,5.8,2.9,2.0,5.0,No,Yes,Math,0
15.0,Female,High school,Medium,Yes,10.8,7.0,6.2,5.0,2.0,Yes,Yes,Unknown,0
15.0,Male,High school,High,Yes,6.6,8.8,5.0,2.0,4.0,Yes,Yes,Geography,0
13.0,Male,College,High,No,6.3,7.7,2.1,5.0,5.0,No,Yes,Science,0
17.0,Female,High school,Medium,No,15.0,7.5,4.2,5.0,5.0,Yes,Yes,Science,0
18.0,Male,College,Low,Yes,12.3,7.9,5.3,5.0,2.0,Yes,Yes,History,0
17.0,Male,College,Medium,Yes,15.8,7.6,6.9,4.0,3.0,Yes,Yes,Geography,0
13.0,Male,No formal,Medium,Yes,12.1,8.8,1.2,1.0,5.0,No,Yes,Science,0
15.0,Female,High school,Medium,No,11.9,8.2,7.1,3.0,1.0,Yes,Yes,Science,0
15.0,Male,High school,Low,Yes,11.6,7.0,5.7,4.0,5.0,No,Yes,Math,0
16.0,Female,High school,Low,No,5.5,6.8,2.8,4.0,5.0,Yes,Yes,English,0
17.0,Male,High school,Medium,Yes,20.7,7.4,4.6,2.0,2.0,Yes,No,Math,0
13.0,Male,College,High,Yes,4.6,6.9,3.9,4.0,4.0,Yes,No,Science,0
12.0,Male,College,Medium,Yes,5.3,7.6,4.1,2.0,3.0,Yes,Yes,Unknown,0
14.0,Male,High school,High,Yes,7.1,7.1,5.0,2.0,3.0,No,Yes,Unknown,0
12.0,Female,High school,Medium,Yes,3.9,7.7,2.1,5.0,2.0,Yes,Yes,Geography,0
16.0,Female,High school,Low,No,12.2,8.2,5.6,1.0,5.0,Yes,Yes,English,0
13.0,Female,College,High,Yes,13.6,8.2,4.2,4.0,4.0,No,No,English,0
16.0,Male,College,Medium,Yes,12.7,9.2,1.4,2.0,5.0,Yes,Yes,History,0
17.0,Female,College,Medium,No,10.7,6.4,4.9,2.0,3.0,No,Yes,Science,0
14.0,Male,High school,High,Yes,5.8,7.4,3.1,2.0,1.0,No,Yes,Math,0
15.0,Male,College,High,Yes,17.7,8.5,6.1,5.0,1.0,No,Yes,Geography,0
14.0,Female,College,High,No,15.4,6.6,2.7,4.0,2.0,Yes,Yes,Science,0
12.0,Male,No formal,Low,Yes,11.0,8.1,5.5,2.0,2.0,Yes,Yes,History,0
12.0,Male,Postgrad,Low,Yes,7.8,9.7,4.3,1.0,3.0,Yes,Yes,Science,0
15.0,Female,No formal,Medium,Yes,11.4,7.5,2.6,5.0,2.0,Yes,Yes,Math,0
18.0,Female,High school,High,Yes,9.7,8.4,2.2,4.0,3.0,Yes,Yes,Science,0
14.0,Female,College,Low,No,11.7,7.1,4.8,1.0,4.0,No,Yes,Science,0
16.0,Female,College,Medium,Yes,8.1,7.0,6.1,3.0,4.0,Yes,Yes,English,0
18.0,Male,No formal,Medium,Yes,12.8,8.6,6.1,3.0,4.0,Yes,Yes,English,0
13.0,Female,High school,Low,Yes,2.1,7.1,4.4,4.0,3.0,Yes,Yes,History,0
15.0,Female,College,Medium,Yes,10.0,7.2,3.6,2.0,5.0,Yes,Yes,Science,0
17.0,Male,High school,Medium,Yes,13.6,7.6,4.5,4.0,2.0,Yes,Yes,Math,0
18.0,Male,High school,Medium,No,14.1,7.0,3.3,2.0,1.0,Yes,No,Math,0
16.0,Male,College,Low,No,8.0,8.7,5.4,3.0,2.0,No,Yes,Geography,0
17.0,Male,High school,Medium,No,9.8,7.7,2.2,5.0,3.0,Yes,No,Math,0
17.0,Female,College,Medium,Yes,17.8,7.9,1.2,4.0,2.0,No,Yes,Science,0
18.0,Male,High school,Medium,Yes,11.5,8.4,6.0,5.0,5.0,Yes,Yes,Math,0
14.0,Female,High school,Low,No,15.0,7.3,2.6,3.0,5.0,No,Yes,English,0
13.0,Female,Postgrad,Medium,Yes,8.9,8.1,3.6,4.0,5.0,No,Yes,Math,0
18.0,Female,High school,Medium,Yes,15.2,8.2,5.7,2.0,2.0,Yes,No,Math,0
13.0,Male,College,Medium,Yes,12.4,7.4,4.2,4.0,3.0,Yes,Yes,English,0
17.0,Male,College,Medium,Yes,13.2,6.5,4.5,3.0,3.0,No,No,Math,0
14.0,Male,College,Medium,No,6.9,9.8,3.3,1.0,1.0,Yes,Yes,Science,0
13.0,Female,High school,Medium,Yes,8.5,8.2,4.6,5.0,1.0,Yes,Yes,Math,0
17.0,Female,No formal,Low,No,10.6,8.3,4.9,3.0,4.0,Yes,Yes,English,0
12.0,Female,High school,High,No,8.6,8.4,5.8,3.0,3.0,Yes,Yes,History,0
15.0,Female,College,Medium,Yes,12.6,7.6,3.9,1.0,2.0,No,Yes,Unknown,0
13.0,Prefer not to say,College,Low,No,10.5,6.5,4.4,3.0,3.0,Yes,Yes,English,0
17.0,Male,College,Medium,No,12.1,6.2,2.4,2.0,1.0,Yes,No,Math,0
14.0,Male,College,High,No,5.4,7.6,4.3,4.0,5.0,No,Yes,Math,0
15.0,Male,High school,Medium,No,9.0,7.5,6.1,4.0,5.0,Yes,No,Math,0
15.0,Female,College,Medium,Yes,10.5,6.6,3.6,5.0,3.0,No,No,Geography,0
15.0,Female,High school,Medium,Yes,12.0,8.6,5.5,4.0,1.0,No,Yes,Math,0
14.0,Female,No formal,Medium,No,13.6,7.5,1.8,3.0,4.0,Yes,Yes,History,0
12.0,Male,Postgrad,Medium,Yes,2.5,8.3,4.5,5.0,4.0,Yes,Yes,History,0
15.0,Male,High school,Medium,No,12.1,8.6,6.2,5.0,5.0,Yes,No,Math,0
17.0,Prefer not to say,High school,Medium,Yes,10.0,9.1,4.3,5.0,1.0,Yes,Yes,Science,0
14.0,Female,College,Medium,No,7.2,8.1,2.7,2.0,3.0,Yes,Yes,History,0
13.0,Female,College,Medium,No,11.1,8.0,3.6,5.0,4.0,Yes,Yes,Math,0
18.0,Female,College,High,Yes,16.6,6.2,4.3,3.0,1.0,Yes,No,Science,0
15.0,Male,High school,High,Yes,11.1,6.8,2.5,1.0,5.0,No,Yes,Science,0
17.0,Male,Postgrad,Low,Yes,18.5,6.7,6.5,4.0,4.0,Yes,Yes,English,0
18.0,Female,High school,Medium,Yes,11.5,8.2,5.4,1.0,2.0,Yes,Yes,Unknown,0
12.0,Prefer not to say,College,Medium,No,4.1,8.1,2.8,3.0,3.0,Yes,Yes,Science,0
15.0,Male,College,Medium,Yes,7.7,9.0,6.4,5.0,4.0,Yes,Yes,Math,0
17.0,Female,High school,Medium,Yes,13.0,7.2,5.9,5.0,3.0,No,Yes,Math,0
17.0,Female,College,Medium,No,12.6,7.8,5.0,5.0,1.0,Yes,Yes,English,0
17.0,Male,College,Medium,Yes,13.3,7.3,5.9,3.0,2.0,Yes,Yes,History,0
17.0,Female,High school,High,Yes,12.9,8.3,5.4,1.0,1.0,Yes,Yes,Science,0
15.0,Female,No formal,High,Yes,8.5,6.3,3.2,3.0,2.0,Yes,Yes,History,0
13.0,Female,College,Medium,No,8.1,9.1,1.2,3.0,3.0,Yes,Yes,Math,0
17.0,Female,High school,Low,Yes,7.8,7.6,1.2,5.0,2.0,Yes,Yes,Science,0
16.0,Female,No formal,Medium,No,11.3,8.1,4.3,1.0,4.0,Yes,Yes,English,0
13.0,Male,High school,Low,Yes,8.7,8.1,3.1,4.0,3.0,Yes,Yes,Math,0
17.0,Male,College,Medium,Yes,6.5,6.3,2.2,1.0,1.0,Yes,Yes,Math,0
15.0,Female,High school,Medium,Yes,5.6,8.3,4.6,1.0,2.0,No,Yes,Math,0
15.0,Female,Postgrad,High,No,8.1,9.0,6.0,5.0,2.0,Yes,Yes,Science,0
15.0,Female,Postgrad,Low,Yes,10.0,8.6,5.9,3.0,2.0,No,Yes,Science,0
12.0,Male,Postgrad,Medium,Yes,11.9,9.4,2.9,5.0,4.0,Yes,Yes,Math,0
15.0,Female,No formal,Low,No,11.9,8.8,4.3,2.0,1.0,Yes,No,History,0
17.0,Male,Postgrad,High,No,13.1,8.1,1.0,5.0,2.0,Yes,Yes,History,0
12.0,Female,High school,Medium,No,12.1,8.5,5.2,5.0,2.0,Yes,Yes,History,0
13.0,Male,College,Medium,Yes,12.0,8.1,2.3,5.0,3.0,Yes,Yes,Math,0
13.0,Female,College,Low,Yes,10.1,7.2,4.0,1.0,1.0,Yes,Yes,English,0
14.0,Female,High school,Low,Yes,12.3,8.2,2.7,5.0,5.0,Yes,Yes,Unknown,0
16.0,Male,College,Medium,Yes,12.0,8.6,3.8,4.0,5.0,Yes,Yes,Science,0
12.0,Female,High school,Low,Yes,13.6,8.2,4.1,4.0,4.0,Yes,Yes,Math,0
18.0,Male,College,High,Yes,14.4,8.7,3.6,4.0,2.0,Yes,Yes,Math,0
18.0,Female,High school,Medium,No,10.8,8.5,4.5,4.0,5.0,No,No,Geography,0
16.0,Male,No formal,High,Yes,10.1,8.1,1.0,1.0,2.0,Yes,Yes,Science,0
17.0,Female,College,High,Yes,12.4,7.7,5.5,2.0,3.0,Yes,Yes,Science,0
12.0,Male,No formal,High,Yes,12.5,10.4,3.5,4.0,3.0,Yes,No,English,0
13.0,Female,College,Medium,No,9.4,8.8,7.5,2.0,2.0,Yes,Yes,Geography,0
17.0,Male,College,Medium,Yes,10.6,6.9,3.6,5.0,1.0,Yes,No,History,0
15.0,Female,High school,Low,Yes,10.8,7.8,5.3,5.0,5.0,Yes,Yes,English,0
15.0,Female,High school,Medium,No,16.0,9.1,5.4,1.0,5.0,Yes,Yes,Unknown,0
17.0,Male,College,Medium,No,14.2,7.6,3.3,4.0,4.0,Yes,Yes,Math,0
16.0,Male,High school,Medium,Yes,10.8,6.4,4.2,4.0,4.0,Yes,Yes,Math,0
14.0,Female,College,Low,No,9.5,5.4,4.0,4.0,3.0,Yes,Yes,Science,0
13.0,Male,Postgrad,High,Yes,16.5,7.3,3.7,3.0,1.0,Yes,Yes,Math,0
14.0,Female,High school,Low,Yes,11.7,6.6,2.3,4.0,2.0,Yes,Yes,Unknown,0
18.0,Female,No formal,Medium,Yes,8.8,7.9,4.0,2.0,2.0,No,Yes,Science,0
16.0,Male,High school,Low,Yes,6.6,9.1,4.6,4.0,5.0,Yes,Yes,Math,0
15.0,Female,High school,Medium,Yes,13.3,7.3,2.9,2.0,1.0,No,Yes,Science,0
13.0,Female,High school,High,Yes,9.3,6.8,4.5,3.0,5.0,Yes,Yes,Unknown,0
15.0,Female,Postgrad,Low,Yes,9.9,9.0,3.0,5.0,1.0,No,Yes,History,0
17.0,Male,No formal,High,No,10.9,7.8,3.9,4.0,2.0,No,Yes,Science,0
18.0,Male,Postgrad,High,Yes,15.8,7.5,2.4,2.0,5.0,Yes,Yes,History,0
15.0,Male,College,Medium,No,16.3,7.5,4.2,5.0,1.0,No,Yes,Geography,0
12.0,Male,No formal,Medium,Yes,8.8,8.7,4.0,1.0,2.0,No,Yes,Math,0
14.0,Male,College,Low,No,13.3,7.7,2.1,4.0,1.0,No,Yes,Geography,0
13.0,Female,High school,Low,Yes,3.4,8.3,1.7,5.0,2.0,Yes,Yes,Science,0
16.0,Male,College,Low,Yes,9.6,8.4,3.6,3.0,5.0,Yes,Yes,English,0
15.0,Male,College,High,Yes,9.9,7.8,1.6,5.0,4.0,No,Yes,Math,0
17.0,Female,College,Medium,Yes,16.2,6.3,5.0,3.0,4.0,Yes,Yes,History,0
14.0,Male,High school,Low,Yes,9.9,6.3,4.0,3.0,5.0,No,No,Unknown,0
13.0,Male,Postgrad,Low,Yes,9.1,5.6,5.8,2.0,5.0,No,Yes,English,0
17.0,Male,High school,Medium,Yes,18.3,7.2,5.1,5.0,1.0,Yes,Yes,Science,0
13.0,Female,College,Low,No,9.4,7.6,4.5,4.0,1.0,No,No,English,0
15.0,Female,High school,Medium,Yes,9.7,8.1,4.2,5.0,3.0,No,Yes,History,0
13.0,Female,High school,Medium,Yes,4.3,9.2,3.8,4.0,3.0,Yes,Yes,Science,0
17.0,Female,High school,Medium,No,17.0,9.1,4.2,4.0,2.0,Yes,Yes,Math,0
12.0,Female,Postgrad,High,No,10.8,7.4,5.1,3.0,1.0,Yes,Yes,History,0
18.0,Female,College,Medium,Yes,8.7,6.4,2.4,5.0,1.0,Yes,Yes,Math,0
17.0,Male,High school,Low,No,11.9,7.7,5.5,1.0,4.0,No,Yes,Math,0
12.0,Female,Postgrad,High,Yes,9.2,5.5,6.4,2.0,4.0,Yes,Yes,Unknown,0
18.0,Male,High school,Low,Yes,13.5,6.9,3.1,4.0,3.0,Yes,Yes,Math,0
17.0,Male,High school,Medium,Yes,12.1,8.8,4.4,5.0,4.0,Yes,Yes,English,0
16.0,Female,College,Medium,No,15.3,6.9,6.0,3.0,2.0,Yes,Yes,English,0
13.0,Female,High school,Medium,Yes,8.7,6.4,3.1,2.0,1.0,Yes,Yes,Science,0
17.0,Female,College,High,Yes,15.8,8.3,6.3,1.0,4.0,Yes,Yes,Math,0
12.0,Female,High school,Medium,Yes,8.6,7.0,3.2,2.0,2.0,Yes,Yes,Math,0
15.0,Male,High school,Medium,Yes,14.9,7.2,6.0,3.0,1.0,Yes,Yes,History,0
18.0,Male,College,Medium,Yes,10.7,6.8,2.7,4.0,3.0,Yes,Yes,Geography,0
18.0,Female,College,Medium,No,15.1,6.7,3.9,4.0,4.0,No,Yes,Science,0
18.0,Female,High school,Medium,Yes,23.3,7.2,5.9,3.0,5.0,Yes,Yes,Science,0
17.0,Female,College,Medium,Yes,10.9,8.3,4.3,3.0,3.0,No,Yes,Math,0
17.0,Male,Postgrad,Medium,Yes,7.1,7.5,4.8,5.0,4.0,No,Yes,Science,0
13.0,Male,College,Medium,Yes,18.2,6.0,5.1,1.0,3.0,Yes,Yes,Science,0
16.0,Female,College,Medium,Yes,11.1,7.9,3.6,3.0,5.0,No,Yes,Math,0
17.0,Male,High school,High,Yes,11.3,7.2,4.4,5.0,2.0,Yes,Yes,English,0
18.0,Male,College,High,Yes,12.6,6.6,4.1,4.0,2.0,Yes,Yes,Math,0
17.0,Female,College,Medium,No,9.9,7.3,4.8,2.0,3.0,Yes,Yes,Science,0
15.0,Female,College,High,Yes,10.6,7.2,3.4,1.0,4.0,Yes,Yes,Math,0
14.0,Female,College,Medium,Yes,14.8,7.1,2.1,5.0,3.0,Yes,Yes,Math,0
12.0,Male,College,Medium,No,10.5,5.9,2.7,3.0,1.0,Yes,Yes,Math,0
14.0,Female,High school,Low,Yes,10.2,9.0,4.6,4.0,2.0,No,Yes,Math,0
15.0,Female,College,Medium,Yes,2.9,7.7,6.8,3.0,4.0,Yes,Yes,Math,0
15.0,Prefer not to say,High school,Low,No,13.6,7.1,6.4,3.0,3.0,No,Yes,English,0
16.0,Male,College,Low,No,9.0,6.8,4.2,4.0,2.0,No,Yes,English,0
14.0,Female,College,Low,No,8.6,9.0,3.9,3.0,3.0,Yes,Yes,Science,0
14.0,Male,College,High,Yes,7.6,8.7,6.4,3.0,5.0,Yes,Yes,English,0
16.0,Male,High school,Low,Yes,20.4,6.9,2.4,5.0,4.0,Yes,Yes,Math,0
13.0,Male,College,Medium,Yes,9.0,7.5,5.2,1.0,2.0,No,Yes,English,0
14.0,Female,High school,Medium,No,3.1,10.3,4.2,4.0,1.0,No,Yes,Math,0
13.0,Female,College,Low,Yes,11.7,7.1,2.5,3.0,4.0,Yes,Yes,Science,0
18.0,Male,Postgrad,Medium,Yes,7.3,6.0,6.5,4.0,2.0,Yes,No,Science,0
17.0,Male,College,High,Yes,14.7,7.1,2.9,2.0,1.0,Yes,Yes,Geography,0
15.0,Male,High school,Low,No,9.6,8.4,2.0,5.0,3.0,Yes,Yes,History,0
15.0,Male,College,Medium,Yes,12.9,8.9,6.1,4.0,4.0,Yes,Yes,Science,0
13.0,Male,College,High,Yes,8.7,7.7,1.0,3.0,4.0,Yes,Yes,Science,0
14.0,Male,High school,High,No,6.6,8.5,3.6,5.0,2.0,Yes,Yes,Math,0
17.0,Female,College,Medium,No,10.4,7.6,2.0,4.0,4.0,Yes,Yes,Science,0
13.0,Prefer not to say,College,Medium,Yes,12.0,8.3,4.1,4.0,2.0,Yes,Yes,Unknown,0
16.0,Male,College,High,Yes,13.8,8.4,1.2,1.0,4.0,No,Yes,Science,0
15.0,Female,College,Low,Yes,6.4,7.7,5.3,4.0,1.0,Yes,Yes,Unknown,0
17.0,Male,No formal,Low,No,10.4,5.7,2.8,1.0,3.0,Yes,Yes,Math,0
13.0,Prefer not to say,College,High,Yes,7.1,6.5,3.5,5.0,2.0,No,Yes,Unknown,0
13.0,Male,High school,Medium,Yes,13.1,8.1,3.7,3.0,1.0,Yes,Yes,Science,0
15.0,Female,Postgrad,Medium,Yes,8.6,7.8,5.1,2.0,1.0,Yes,Yes,Science,0
13.0,Male,College,Low,No,12.3,7.3,3.5,1.0,4.0,Yes,Yes,Math,0
16.0,Female,No formal,Low,Yes,11.8,6.8,2.7,5.0,4.0,Yes,Yes,Science,0
18.0,Male,College,Medium,Yes,13.1,9.7,3.7,5.0,3.0,Yes,Yes,History,0
16.0,Male,High school,Low,No,14.0,8.7,2.7,5.0,5.0,Yes,Yes,English,0
16.0,Female,College,Medium,Yes,8.6,8.5,5.5,3.0,1.0,No,Yes,English,0
13.0,Female,Postgrad,Medium,No,13.7,6.2,2.4,3.0,2.0,No,Yes,History,0
18.0,Female,High school,Medium,Yes,19.2,6.7,6.8,5.0,2.0,No,Yes,Science,0
16.0,Male,College,High,Yes,8.9,7.9,3.8,5.0,3.0,Yes,Yes,English,0
16.0,Female,Postgrad,Medium,No,16.2,7.5,1.9,1.0,3.0,No,Yes,Unknown,0
18.0,Male,No formal,High,Yes,17.9,7.8,2.5,5.0,1.0,Yes,Yes,Math,0
17.0,Male,College,Low,No,9.0,8.6,3.0,3.0,3.0,No,Yes,Science,0
15.0,Female,College,Medium,Yes,10.3,8.2,3.1,2.0,2.0,Yes,Yes,Unknown,0
13.0,Prefer not to say,College,Medium,Yes,7.3,7.8,3.9,4.0,5.0,Yes,Yes,Math,0
15.0,Female,College,Medium,Yes,12.5,6.3,5.5,5.0,4.0,No,No,English,0
18.0,Prefer not to say,High school,High,Yes,20.8,7.5,1.9,5.0,5.0,Yes,Yes,English,0
16.0,Male,Postgrad,High,Yes,10.0,9.6,5.9,5.0,2.0,Yes,Yes,Geography,0
17.0,Male,College,High,No,6.6,10.4,1.1,2.0,2.0,Yes,Yes,History,0
13.0,Female,Postgrad,Low,Yes,6.6,7.4,4.5,2.0,4.0,Yes,Yes,Science,0
16.0,Female,Postgrad,Low,Yes,16.1,7.3,2.3,2.0,1.0,Yes,Yes,History,0
12.0,Female,High school,Low,Yes,10.6,7.3,2.3,5.0,5.0,Yes,Yes,Math,0
17.0,Male,High school,Low,No,3.8,6.5,5.1,5.0,5.0,Yes,No,Math,0
16.0,Male,College,Low,Yes,15.4,7.8,3.7,5.0,2.0,Yes,Yes,Math,0
15.0,Female,No formal,Low,Yes,14.2,6.8,4.7,4.0,4.0,Yes,No,Science,0
18.0,Male,College,Medium,Yes,15.2,6.7,3.8,3.0,2.0,Yes,Yes,Math,0
15.0,Male,College,Medium,Yes,14.4,6.9,6.2,3.0,3.0,No,Yes,Unknown,0
16.0,Prefer not to say,College,Medium,Yes,16.1,7.8,4.2,4.0,3.0,No,Yes,Math,0
12.0,Female,College,Medium,No,5.6,8.8,5.3,5.0,5.0,Yes,Yes,History,0
15.0,Male,College,High,Yes,10.6,7.6,4.6,2.0,3.0,Yes,Yes,Science,0
13.0,Prefer not to say,College,Medium,Yes,5.1,8.2,4.2,4.0,1.0,No,Yes,Math,0
15.0,Male,College,Low,No,21.2,8.7,3.2,3.0,1.0,Yes,Yes,English,0
14.0,Female,College,Medium,No,9.7,6.3,4.1,1.0,3.0,Yes,Yes,Math,0
17.0,Female,Postgrad,High,Yes,14.1,9.1,1.5,3.0,3.0,Yes,Yes,Math,0
12.0,Female,College,High,Yes,10.6,6.5,2.5,1.0,2.0,Yes,Yes,History,0
18.0,Female,College,Medium,Yes,14.3,8.8,1.7,5.0,4.0,No,Yes,Math,0
14.0,Prefer not to say,High school,Low,No,12.0,7.8,4.9,5.0,1.0,No,Yes,Geography,0
17.0,Male,High school,Medium,Yes,18.3,7.3,5.1,5.0,3.0,No,Yes,History,0
17.0,Male,College,Medium,No,17.0,8.5,1.5,2.0,2.0,No,Yes,Math,0
16.0,Male,College,Medium,Yes,9.6,9.1,1.0,4.0,1.0,No,Yes,Unknown,0
17.0,Female,College,Medium,Yes,11.0,6.1,2.9,1.0,2.0,No,Yes,Math,0
17.0,Female,College,Medium,Yes,13.5,6.7,3.2,1.0,3.0,No,Yes,Science,0
15.0,Female,No formal,Low,Yes,10.8,8.6,2.7,1.0,4.0,No,Yes,History,0
18.0,Female,High school,Low,Yes,11.3,7.2,6.9,1.0,1.0,Yes,Yes,Math,0
13.0,Female,College,High,No,9.1,8.3,5.0,2.0,2.0,Yes,Yes,Science,0
13.0,Male,Postgrad,Medium,Yes,8.1,7.8,4.5,2.0,1.0,Yes,Yes,English,0
17.0,Female,Postgrad,Low,No,10.5,8.0,4.2,3.0,3.0,Yes,Yes,Geography,0
14.0,Female,College,Medium,Yes,10.8,8.9,3.4,4.0,2.0,Yes,Yes,Science,0
18.0,Male,High school,Medium,No,9.4,9.7,2.5,5.0,1.0,No,Yes,Unknown,0
14.0,Female,High school,Medium,Yes,9.5,9.1,6.9,1.0,4.0,Yes,Yes,Math,0
17.0,Female,Postgrad,Medium,Yes,8.0,7.1,7.5,2.0,4.0,No,Yes,English,0
16.0,Male,College,Low,No,12.2,6.8,6.0,1.0,5.0,No,No,Science,0
18.0,Female,College,High,Yes,8.1,8.6,1.5,2.0,5.0,No,Yes,Math,0
17.0,Female,High school,Low,Yes,16.7,7.4,4.7,2.0,3.0,Yes,Yes,Math,0
15.0,Male,College,Medium,Yes,17.2,6.9,2.1,5.0,5.0,Yes,Yes,Science,0
17.0,Male,High school,Medium,Yes,13.5,7.6,4.1,2.0,2.0,Yes,Yes,English,0
15.0,Prefer not to say,High school,Low,Yes,13.9,7.6,6.0,5.0,5.0,Yes,Yes,Math,0
14.0,Female,Postgrad,High,Yes,10.1,6.9,2.8,4.0,4.0,Yes,Yes,Math,0
15.0,Male,Postgrad,Medium,No,10.6,8.1,2.3,2.0,4.0,Yes,Yes,Math,0
13.0,Male,College,High,Yes,9.2,6.4,2.2,4.0,3.0,No,Yes,Geography,0
16.0,Male,College,Low,No,3.2,7.1,7.5,2.0,1.0,Yes,Yes,Science,0
16.0,Female,No formal,Low,No,15.1,7.6,2.4,4.0,2.0,Yes,Yes,Science,0
12.0,Female,College,High,No,5.2,5.8,4.2,5.0,1.0,Yes,Yes,Math,0
14.0,Female,College,Medium,Yes,17.4,8.1,2.2,2.0,5.0,No,Yes,Math,0
16.0,Female,College,Medium,Yes,14.7,6.2,5.9,2.0,3.0,No,Yes,Science,0
14.0,Female,College,Low,Yes,13.3,9.0,1.4,4.0,5.0,Yes,Yes,Science,0
13.0,Female,High school,Low,No,6.8,7.9,4.4,1.0,4.0,No,Yes,Math,0
16.0,Male,High school,High,Yes,15.2,8.1,2.8,3.0,4.0,Yes,Yes,Science,0
17.0,Male,College,High,No,10.6,6.6,2.9,5.0,5.0,Yes,Yes,History,0
14.0,Male,High school,Low,No,11.8,8.1,4.4,1.0,2.0,Yes,Yes,Math,0
17.0,Male,No formal,High,Yes,20.3,8.9,3.4,4.0,3.0,Yes,Yes,Science,0
16.0,Male,College,Medium,No,9.4,7.6,6.4,2.0,1.0,Yes,Yes,Math,0
18.0,Female,High school,Low,No,13.2,7.3,3.1,4.0,2.0,No,Yes,Math,0
16.0,Female,College,Medium,Yes,14.7,7.4,3.6,5.0,5.0,Yes,Yes,Geography,0
17.0,Female,College,Medium,No,17.0,7.6,1.0,1.0,2.0,Yes,Yes,Math,0
16.0,Female,High school,Medium,Yes,8.9,8.4,5.1,5.0,3.0,Yes,Yes,Science,0
16.0,Female,High school,Low,Yes,13.1,7.9,5.9,4.0,4.0,Yes,Yes,Geography,0
16.0,Female,College,Medium,Yes,12.5,8.1,3.1,2.0,4.0,Yes,Yes,Geography,0
13.0,Female,Postgrad,Low,Yes,13.7,5.7,3.4,2.0,1.0,Yes,Yes,Unknown,0
12.0,Female,College,Medium,Yes,11.4,8.1,3.8,1.0,3.0,No,Yes,Math,0
17.0,Female,College,High,No,9.1,8.3,3.5,1.0,4.0,No,No,Math,0
17.0,Male,College,Medium,No,13.8,7.1,4.8,3.0,4.0,Yes,Yes,History,0
17.0,Male,High school,High,Yes,12.4,6.2,2.5,5.0,3.0,Yes,Yes,History,0
14.0,Male,High school,Medium,No,14.5,6.1,1.3,2.0,1.0,No,No,Science,0
17.0,Female,No formal,Medium,Yes,10.5,8.8,6.3,5.0,4.0,Yes,Yes,History,0
15.0,Female,College,Low,Yes,10.7,7.1,4.4,2.0,2.0,No,Yes,Unknown,0
15.0,Female,High school,Low,Yes,21.8,7.5,2.2,5.0,4.0,Yes,Yes,Geography,0
18.0,Male,College,Medium,Yes,11.7,7.4,3.4,2.0,5.0,Yes,Yes,Science,0
17.0,Male,College,Medium,Yes,13.2,7.5,3.4,3.0,4.0,Yes,Yes,Math,0
18.0,Male,High school,Low,Yes,20.4,7.4,3.0,3.0,5.0,Yes,Yes,Unknown,0
15.0,Female,Postgrad,Low,Yes,19.5,7.8,2.7,5.0,5.0,Yes,Yes,Science,0
14.0,Male,College,Medium,Yes,14.6,7.6,4.3,1.0,5.0,Yes,Yes,History,0
18.0,Male,College,Medium,Yes,10.3,7.0,4.4,5.0,2.0,Yes,Yes,Math,0
16.0,Male,No formal,Low,Yes,14.7,9.2,4.7,5.0,3.0,Yes,Yes,Math,0
16.0,Female,College,Medium,Yes,9.4,7.5,2.2,2.0,1.0,No,Yes,Unknown,0
16.0,Male,Postgrad,Medium,Yes,8.0,7.2,5.1,5.0,4.0,No,Yes,English,0
14.0,Female,College,Medium,Yes,12.5,8.1,3.8,2.0,5.0,Yes,Yes,Science,0
15.0,Female,College,Medium,Yes,6.6,8.4,4.4,5.0,3.0,Yes,Yes,Science,0
14.0,Female,Postgrad,Medium,Yes,4.1,6.6,3.1,3.0,1.0,No,Yes,Math,0
16.0,Female,College,High,No,12.5,7.5,4.8,4.0,2.0,Yes,Yes,Science,0
17.0,Prefer not to say,College,Low,Yes,14.1,10.4,4.1,5.0,1.0,Yes,Yes,Unknown,0
18.0,Male,College,Medium,Yes,11.9,6.2,3.7,3.0,2.0,Yes,Yes,History,0
17.0,Male,College,High,Yes,15.4,7.3,1.2,4.0,3.0,No,Yes,Science,0
13.0,Male,High school,Low,Yes,9.6,6.8,3.6,5.0,2.0,Yes,Yes,Science,0
17.0,Male,No formal,Medium,No,9.5,7.1,2.3,5.0,5.0,Yes,No,Math,0
16.0,Female,High school,Medium,No,6.8,7.5,6.7,3.0,2.0,Yes,No,History,0
18.0,Female,High school,High,No,10.1,6.8,6.7,4.0,2.0,No,Yes,Science,0
17.0,Male,College,Medium,Yes,16.9,8.4,3.7,4.0,4.0,Yes,Yes,History,0
15.0,Female,High school,High,No,12.9,5.9,2.5,4.0,5.0,No,No,Science,0
15.0,Female,Postgrad,Medium,Yes,11.8,7.0,3.0,2.0,2.0,Yes,Yes,Science,0
17.0,Prefer not to say,Postgrad,High,No,16.2,9.0,5.3,3.0,3.0,Yes,Yes,Science,0
13.0,Female,High school,Medium,Yes,15.1,7.9,3.3,5.0,1.0,Yes,Yes,English,0
14.0,Male,High school,Low,No,11.2,7.6,3.5,4.0,5.0,Yes,Yes,Unknown,0
13.0,Female,No formal,Medium,No,9.0,7.8,5.1,2.0,2.0,Yes,Yes,Math,0
16.0,Male,High school,Medium,No,13.9,6.5,5.6,3.0,1.0,Yes,Yes,Unknown,0
12.0,Male,College,Medium,Yes,6.5,8.3,3.0,2.0,3.0,Yes,Yes,Math,0
17.0,Male,Postgrad,Medium,Yes,12.2,9.5,3.0,2.0,2.0,Yes,Yes,Science,0
14.0,Male,College,Low,Yes,10.7,6.5,2.5,5.0,5.0,No,Yes,Math,0
12.0,Male,College,High,Yes,3.9,8.4,4.1,3.0,5.0,Yes,Yes,Science,0
14.0,Male,No formal,Low,Yes,6.1,5.9,5.4,4.0,1.0,Yes,Yes,Geography,0
18.0,Female,Postgrad,High,Yes,15.7,8.0,5.4,5.0,1.0,Yes,Yes,Science,0
12.0,Male,College,Medium,No,13.2,7.4,2.8,4.0,4.0,Yes,Yes,Geography,0
17.0,Male,High school,High,Yes,18.0,7.9,4.4,2.0,2.0,No,Yes,Math,0
17.0,Male,College,Low,No,13.6,9.1,2.6,4.0,1.0,Yes,Yes,Unknown,0
14.0,Female,College,Medium,Yes,15.0,7.2,3.3,2.0,5.0,Yes,Yes,History,0
12.0,Female,College,High,Yes,10.5,6.1,4.0,5.0,2.0,No,Yes,Math,0
13.0,Male,Postgrad,Medium,Yes,7.2,7.4,5.2,3.0,4.0,Yes,Yes,Geography,0
17.0,Male,High school,High,Yes,17.3,9.6,3.6,2.0,3.0,Yes,Yes,Math,0
14.0,Female,College,Medium,Yes,7.8,8.9,1.8,3.0,2.0,Yes,Yes,English,0
17.0,Male,High school,Medium,Yes,10.3,8.8,3.9,3.0,3.0,No,Yes,English,0
14.0,Female,College,Medium,Yes,10.1,10.7,3.4,4.0,3.0,No,Yes,Math,0
15.0,Female,Postgrad,Low,Yes,14.0,7.6,2.4,2.0,2.0,Yes,Yes,History,0
15.0,Male,College,Medium,Yes,13.2,9.3,6.6,3.0,4.0,Yes,Yes,Math,0
18.0,Female,High school,Medium,Yes,17.2,9.9,3.4,2.0,5.0,No,Yes,Unknown,0
16.0,Male,No formal,Low,Yes,10.0,7.3,1.8,1.0,2.0,Yes,Yes,Unknown,0
14.0,Female,High school,High,Yes,6.3,6.9,2.3,2.0,2.0,Yes,Yes,Math,0
13.0,Male,College,High,Yes,3.5,7.5,5.3,1.0,3.0,Yes,Yes,Science,0
17.0,Male,Postgrad,Low,Yes,17.0,7.8,3.2,5.0,2.0,No,Yes,History,0
16.0,Female,High school,Medium,Yes,16.7,8.9,7.5,3.0,2.0,Yes,Yes,Math,0
18.0,Male,High school,Medium,Yes,7.4,7.8,2.8,5.0,4.0,No,Yes,Math,0
16.0,Female,High school,Low,No,10.1,6.4,4.6,3.0,2.0,Yes,Yes,Math,0
17.0,Female,High school,Medium,Yes,16.4,6.1,5.0,1.0,1.0,Yes,Yes,Science,0
18.0,Male,College,Low,Yes,6.0,7.0,4.3,1.0,2.0,No,Yes,Math,0
15.0,Male,High school,Medium,Yes,7.3,6.8,3.7,3.0,2.0,Yes,Yes,English,0
18.0,Female,No formal,Medium,No,18.6,7.1,3.4,1.0,4.0,No,Yes,Math,0
16.0,Female,High school,Medium,Yes,9.0,7.0,3.8,2.0,1.0,No,Yes,Geography,0
13.0,Female,High school,Medium,Yes,16.9,8.5,7.7,4.0,5.0,Yes,Yes,Science,0
17.0,Female,Postgrad,Low,Yes,11.6,8.3,5.1,5.0,3.0,Yes,Yes,Science,0
14.0,Female,College,Medium,Yes,5.4,8.3,5.8,5.0,3.0,Yes,No,Unknown,0
13.0,Male,Postgrad,Low,Yes,13.5,7.1,7.4,4.0,3.0,Yes,No,Math,0
14.0,Female,College,Medium,Yes,9.9,7.9,4.8,3.0,4.0,Yes,Yes,Math,0
17.0,Male,No formal,Medium,Yes,11.0,7.3,2.3,2.0,5.0,Yes,Yes,Science,0
15.0,Male,High school,Low,No,9.5,5.4,4.4,4.0,3.0,No,Yes,Science,0
18.0,Male,No formal,Medium,Yes,12.5,6.0,3.7,5.0,2.0,No,Yes,Unknown,0
15.0,Female,Postgrad,Low,No,14.3,7.9,7.0,5.0,5.0,Yes,Yes,History,0
17.0,Female,College,High,Yes,17.9,7.4,2.9,1.0,1.0,No,Yes,Science,0
16.0,Female,College,High,Yes,14.0,6.5,2.8,1.0,3.0,Yes,Yes,Math,0
15.0,Male,High school,High,Yes,10.2,7.7,4.8,2.0,5.0,No,Yes,Math,0
13.0,Male,College,Low,No,11.8,8.0,6.2,2.0,5.0,Yes,Yes,Math,0
17.0,Female,College,Medium,Yes,16.7,6.7,4.1,5.0,3.0,No,Yes,Science,0
12.0,Male,College,High,Yes,2.9,6.9,5.6,1.0,1.0,Yes,Yes,Science,0
17.0,Male,High school,Medium,Yes,12.7,7.5,5.2,2.0,2.0,Yes,Yes,History,0
17.0,Male,High school,Medium,No,10.8,7.8,3.2,5.0,5.0,No,Yes,Unknown,0
14.0,Male,Postgrad,High,Yes,18.6,6.5,5.8,2.0,3.0,Yes,Yes,Science,0
16.0,Female,High school,Medium,Yes,14.4,7.8,7.2,5.0,5.0,Yes,Yes,Science,0
16.0,Female,Postgrad,Medium,Yes,9.4,9.0,4.9,5.0,2.0,Yes,Yes,Math,0
15.0,Female,High school,Low,Yes,13.4,6.5,5.5,3.0,5.0,No,Yes,Unknown,0
12.0,Female,High school,Low,Yes,6.2,7.8,1.4,2.0,1.0,Yes,Yes,Math,0
14.0,Female,College,High,Yes,13.5,8.2,2.9,5.0,2.0,Yes,Yes,Science,0
16.0,Female,High school,Medium,Yes,12.8,7.7,4.1,1.0,5.0,No,Yes,Science,0
15.0,Male,College,Medium,Yes,7.8,8.7,5.2,5.0,4.0,No,Yes,Math,0
12.0,Prefer not to say,No formal,Low,Yes,12.7,6.4,3.9,1.0,2.0,No,Yes,Geography,0
18.0,Male,College,High,Yes,9.9,7.1,4.0,1.0,2.0,No,Yes,Math,0
14.0,Female,College,Medium,Yes,15.5,7.7,3.0,5.0,5.0,Yes,Yes,Math,0
15.0,Male,College,Medium,No,15.5,4.4,3.3,2.0,1.0,Yes,Yes,English,0
14.0,Female,College,Medium,Yes,11.8,6.5,6.2,5.0,1.0,Yes,Yes,Science,0
12.0,Male,Postgrad,Medium,Yes,5.5,8.5,2.0,1.0,3.0,No,Yes,Math,0
17.0,Male,High school,Medium,No,16.0,7.6,4.1,2.0,5.0,Yes,No,Math,0
15.0,Male,High school,Low,Yes,11.4,7.2,3.1,1.0,2.0,Yes,Yes,Science,0
15.0,Male,High school,Low,Yes,20.2,6.1,4.4,4.0,3.0,Yes,Yes,English,0
12.0,Male,College,High,Yes,8.2,7.0,1.5,4.0,1.0,Yes,Yes,Science,0
13.0,Prefer not to say,High school,Low,Yes,11.0,6.6,3.8,1.0,4.0,Yes,No,English,0
12.0,Male,College,Low,Yes,10.3,8.8,7.3,5.0,5.0,Yes,Yes,Science,0
17.0,Male,Postgrad,High,Yes,12.1,8.4,6.6,2.0,5.0,Yes,Yes,Science,0
18.0,Female,High school,High,Yes,13.5,8.5,5.8,4.0,1.0,Yes,Yes,Math,0
17.0,Female,College,High,Yes,17.1,6.7,4.3,3.0,4.0,Yes,Yes,Unknown,0
13.0,Female,College,Medium,No,6.0,8.1,2.0,2.0,4.0,No,Yes,Math,0
17.0,Male,College,Medium,No,14.2,7.6,3.6,2.0,5.0,No,Yes,English,0
13.0,Female,College,Medium,No,9.3,6.8,2.1,1.0,3.0,No,Yes,Unknown,0
12.0,Female,High school,Medium,No,5.2,7.4,3.7,3.0,2.0,No,Yes,History,0
12.0,Male,Postgrad,Medium,Yes,10.2,7.5,3.0,1.0,3.0,Yes,Yes,Unknown,0
13.0,Female,No formal,Medium,Yes,11.4,7.7,5.8,1.0,2.0,Yes,Yes,English,0
13.0,Female,No formal,High,No,6.7,7.8,5.0,2.0,5.0,No,Yes,History,0
16.0,Male,College,High,No,11.0,9.4,2.2,2.0,1.0,Yes,Yes,Geography,0
14.0,Female,College,Medium,No,7.2,7.9,1.0,4.0,3.0,No,Yes,English,0
18.0,Female,High school,Medium,No,10.3,9.2,3.2,4.0,2.0,No,Yes,Unknown,0
14.0,Female,High school,High,Yes,12.7,7.2,4.3,5.0,5.0,Yes,Yes,Science,0
12.0,Female,College,High,No,11.6,6.7,3.9,2.0,5.0,No,Yes,History,0
17.0,Female,High school,Low,Yes,11.5,8.0,4.4,1.0,1.0,No,No,Unknown,0
13.0,Male,High school,Low,No,10.0,8.4,3.7,2.0,2.0,No,Yes,Science,0
12.0,Male,High school,Medium,Yes,7.7,5.9,3.5,2.0,2.0,No,Yes,Math,0
17.0,Male,High school,Medium,Yes,14.9,8.3,4.3,4.0,3.0,Yes,No,Science,0
15.0,Female,Postgrad,High,Yes,14.7,6.9,1.8,2.0,4.0,No,No,Math,0
12.0,Male,High school,High,No,7.0,7.9,2.3,3.0,2.0,Yes,Yes,Math,0
13.0,Female,College,Low,Yes,11.9,6.2,4.5,2.0,3.0,Yes,Yes,Math,0
17.0,Female,Postgrad,Low,No,18.3,5.0,4.7,3.0,1.0,No,Yes,Math,0
17.0,Female,College,Medium,Yes,14.2,8.2,5.5,1.0,2.0,Yes,Yes,Math,0
13.0,Male,No formal,High,Yes,11.8,8.2,7.4,5.0,4.0,No,Yes,Math,0
13.0,Female,College,Low,Yes,8.9,6.8,3.4,1.0,3.0,Yes,Yes,Science,0
15.0,Male,High school,Medium,Yes,17.7,8.6,1.6,2.0,4.0,No,Yes,Math,0
15.0,Male,College,Low,Yes,9.9,6.4,6.4,2.0,1.0,Yes,Yes,History,0
16.0,Female,High school,Low,No,16.9,6.2,1.3,2.0,5.0,No,No,Math,0
15.0,Male,Postgrad,Medium,No,9.5,8.6,5.9,1.0,2.0,Yes,Yes,English,0
13.0,Female,High school,Medium,Yes,14.2,6.4,5.6,4.0,3.0,Yes,Yes,Science,0
17.0,Female,High school,Medium,Yes,14.9,7.2,4.6,1.0,4.0,Yes,Yes,Geography,0
17.0,Male,Postgrad,Medium,Yes,18.1,10.0,3.6,5.0,2.0,Yes,Yes,Unknown,0
17.0,Male,High school,Medium,No,9.7,5.4,3.9,5.0,1.0,Yes,Yes,Science,0
16.0,Female,Postgrad,High,Yes,7.6,7.5,3.3,5.0,4.0,Yes,Yes,English,0
14.0,Female,Postgrad,Medium,Yes,13.7,6.9,1.0,1.0,3.0,No,Yes,English,0
13.0,Male,Postgrad,Medium,Yes,14.8,7.7,3.0,5.0,2.0,No,Yes,Math,0
12.0,Female,Postgrad,Medium,Yes,13.0,7.2,4.1,2.0,5.0,Yes,Yes,Math,0
12.0,Male,College,Medium,Yes,4.7,7.8,6.5,2.0,2.0,No,Yes,Science,0
17.0,Female,High school,Medium,No,11.8,8.6,6.9,3.0,5.0,Yes,Yes,Unknown,0
15.0,Male,High school,Low,No,12.8,6.5,5.0,3.0,5.0,No,Yes,Science,0
13.0,Male,Postgrad,High,Yes,15.2,7.4,3.5,2.0,5.0,Yes,Yes,Science,0
12.0,Female,High school,Low,No,14.3,7.3,1.7,5.0,2.0,Yes,Yes,Science,0
18.0,Male,High school,Medium,Yes,10.2,6.7,2.5,4.0,2.0,No,Yes,Geography,0
14.0,Female,College,Medium,Yes,11.8,6.6,6.5,3.0,2.0,No,Yes,History,0
17.0,Male,Postgrad,Medium,Yes,17.3,8.9,3.3,4.0,2.0,Yes,Yes,Math,0
14.0,Female,College,Medium,No,12.5,7.9,2.3,5.0,3.0,No,Yes,Science,0
12.0,Male,College,High,Yes,7.5,6.6,4.8,5.0,3.0,No,Yes,Math,0
14.0,Female,High school,Medium,No,8.3,8.9,7.5,5.0,3.0,Yes,No,Geography,0
15.0,Male,College,Low,No,3.9,8.8,3.2,2.0,4.0,Yes,Yes,English,0
18.0,Female,High school,Medium,Yes,13.8,8.9,6.0,3.0,3.0,Yes,Yes,Science,0
18.0,Male,College,Low,No,18.0,8.6,5.9,2.0,1.0,Yes,Yes,Geography,0
16.0,Female,High school,Low,Yes,10.9,6.1,5.6,5.0,1.0,Yes,No,Science,0
16.0,Female,High school,Medium,Yes,12.4,8.0,2.7,1.0,4.0,No,Yes,History,0
17.0,Male,College,Medium,Yes,14.4,9.5,6.5,2.0,2.0,Yes,Yes,English,0
17.0,Female,College,Medium,Yes,21.3,7.9,1.8,2.0,2.0,No,Yes,Math,0
18.0,Female,Postgrad,Medium,No,15.4,8.9,4.1,4.0,4.0,No,Yes,Science,0
12.0,Female,College,Medium,Yes,11.0,9.0,3.9,4.0,3.0,Yes,Yes,English,0
17.0,Female,College,Low,Yes,16.4,8.2,1.7,5.0,4.0,Yes,Yes,English,0
12.0,Female,College,Medium,Yes,10.7,5.4,3.9,5.0,1.0,Yes,Yes,Unknown,0
15.0,Female,High school,Medium,Yes,18.7,6.4,4.9,4.0,1.0,No,Yes,Science,0
14.0,Male,College,Medium,Yes,7.6,7.2,2.0,4.0,2.0,No,Yes,English,0
13.0,Female,College,Medium,Yes,10.2,8.6,3.5,4.0,1.0,Yes,Yes,Math,0
17.0,Female,Postgrad,Medium,Yes,12.6,7.9,2.0,1.0,3.0,No,Yes,Unknown,0
15.0,Male,College,Medium,No,14.7,8.7,5.1,2.0,5.0,Yes,Yes,Unknown,0
14.0,Female,College,Low,No,8.6,9.2,2.3,2.0,1.0,Yes,Yes,Geography,0
15.0,Male,College,Medium,Yes,11.0,7.3,3.9,1.0,2.0,No,Yes,Science,0
14.0,Male,College,High,Yes,12.1,7.2,5.6,2.0,2.0,Yes,Yes,Math,0
17.0,Female,Postgrad,Medium,Yes,10.6,7.2,3.3,3.0,5.0,Yes,Yes,Math,0
15.0,Female,High school,Medium,Yes,12.2,6.3,5.5,1.0,4.0,Yes,No,Math,0
14.0,Male,College,High,Yes,6.4,9.0,6.8,1.0,4.0,Yes,Yes,History,0
15.0,Male,High school,Medium,Yes,12.2,7.2,2.3,2.0,2.0,No,Yes,Science,0
18.0,Male,College,Low,Yes,18.6,6.4,1.0,4.0,1.0,Yes,Yes,History,0
12.0,Male,High school,High,Yes,7.3,7.2,3.0,3.0,4.0,No,No,History,0
12.0,Male,High school,High,Yes,4.9,7.3,7.8,4.0,5.0,Yes,No,Math,0
18.0,Female,Postgrad,Medium,No,9.3,6.9,3.7,3.0,1.0,Yes,Yes,Math,0
17.0,Male,College,Medium,No,11.4,9.7,4.2,2.0,2.0,No,Yes,Science,0
12.0,Female,College,Low,Yes,7.2,6.7,2.1,1.0,5.0,Yes,Yes,Science,0
18.0,Female,High school,High,Yes,20.9,7.4,4.7,2.0,3.0,Yes,No,English,0
16.0,Male,No formal,Medium,Yes,18.0,6.5,4.8,2.0,2.0,Yes,Yes,Science,0
18.0,Female,College,Medium,Yes,18.0,7.5,3.3,1.0,2.0,No,Yes,Math,0
14.0,Female,College,Medium,Yes,15.6,6.8,5.7,4.0,3.0,Yes,Yes,Science,0
16.0,Female,Postgrad,High,Yes,17.2,6.9,7.5,3.0,3.0,Yes,Yes,Math,0
12.0,Female,High school,Medium,Yes,6.8,7.8,2.5,5.0,3.0,Yes,Yes,History,0
17.0,Male,Postgrad,High,Yes,5.8,7.1,2.0,4.0,2.0,Yes,No,Geography,0
13.0,Male,College,Medium,Yes,8.7,6.2,5.5,3.0,5.0,Yes,Yes,History,0
14.0,Female,High school,Medium,Yes,10.1,9.5,4.9,2.0,3.0,Yes,Yes,Science,0
15.0,Female,No formal,Low,No,8.7,9.4,2.4,3.0,1.0,Yes,Yes,History,0
15.0,Female,College,Medium,No,13.6,7.0,5.0,5.0,4.0,Yes,Yes,English,0
18.0,Male,Postgrad,Low,Yes,14.2,9.0,4.5,2.0,1.0,No,Yes,English,0
18.0,Female,College,High,Yes,12.0,6.0,2.2,5.0,1.0,Yes,Yes,Math,0
18.0,Female,High school,Medium,Yes,10.8,7.9,6.4,2.0,2.0,Yes,Yes,Geography,0
17.0,Female,Postgrad,Medium,Yes,16.1,7.1,5.7,2.0,4.0,No,Yes,Science,0
13.0,Female,College,Medium,Yes,13.0,8.3,4.5,2.0,2.0,No,Yes,Science,0
17.0,Male,College,High,Yes,6.8,7.1,6.0,5.0,5.0,Yes,Yes,Math,0
14.0,Female,No formal,Low,Yes,10.8,8.7,3.4,4.0,1.0,Yes,Yes,Math,0
15.0,Female,College,Medium,Yes,11.6,7.1,2.4,5.0,4.0,No,Yes,Math,0
12.0,Female,High school,Medium,Yes,7.8,7.2,4.0,2.0,2.0,Yes,Yes,Unknown,0
13.0,Male,High school,Medium,Yes,9.1,7.0,6.3,1.0,4.0,Yes,Yes,Geography,0
18.0,Female,College,Medium,Yes,13.9,7.9,2.1,4.0,4.0,No,Yes,English,0
13.0,Female,High school,Medium,No,13.8,6.6,3.2,2.0,2.0,No,Yes,Science,0
17.0,Female,High school,Medium,Yes,14.1,8.1,3.4,2.0,3.0,Yes,Yes,Math,0
15.0,Male,College,Low,Yes,9.7,6.9,2.6,2.0,5.0,No,Yes,English,0
15.0,Female,College,Medium,Yes,10.1,7.6,5.3,2.0,3.0,No,Yes,English,0
13.0,Female,College,High,Yes,12.1,9.2,6.4,2.0,5.0,Yes,Yes,Math,0
13.0,Female,Postgrad,Medium,Yes,12.1,9.2,2.4,5.0,3.0,Yes,Yes,Math,0
13.0,Female,College,Medium,Yes,14.8,7.2,6.1,5.0,1.0,Yes,Yes,Unknown,0
17.0,Female,College,Medium,Yes,10.4,8.1,5.1,5.0,3.0,Yes,Yes,English,0
15.0,Female,No formal,Medium,Yes,6.7,7.8,3.3,2.0,1.0,Yes,Yes,Geography,0
14.0,Female,High school,Low,Yes,12.4,9.1,5.0,2.0,2.0,Yes,Yes,Science,0
13.0,Female,College,Medium,Yes,6.8,7.2,3.1,5.0,2.0,Yes,Yes,Unknown,0
17.0,Male,High school,Medium,Yes,10.9,6.5,4.3,2.0,1.0,Yes,Yes,Science,0
15.0,Male,College,Medium,Yes,13.9,8.0,7.2,1.0,5.0,Yes,Yes,Science,0
13.0,Male,Postgrad,Medium,No,12.5,8.2,6.9,4.0,4.0,Yes,Yes,Unknown,0
15.0,Female,No formal,Low,Yes,18.7,7.8,2.1,4.0,2.0,Yes,Yes,Science,0
14.0,Female,College,Medium,Yes,17.2,6.9,1.0,5.0,4.0,No,Yes,English,0
14.0,Male,High school,High,Yes,12.8,6.4,4.0,5.0,2.0,No,Yes,History,0
16.0,Female,Postgrad,Medium,Yes,15.1,7.2,4.5,5.0,3.0,Yes,Yes,History,0
12.0,Male,No formal,Medium,No,11.4,8.8,4.6,5.0,2.0,No,Yes,English,0
13.0,Female,Postgrad,Medium,Yes,12.9,7.6,3.2,2.0,5.0,Yes,Yes,Math,0
15.0,Female,College,High,Yes,11.7,8.9,5.0,5.0,4.0,Yes,Yes,Science,0
16.0,Female,High school,Low,No,14.2,7.7,3.7,4.0,3.0,Yes,Yes,Geography,0
12.0,Female,Postgrad,Medium,No,16.8,6.4,2.6,2.0,1.0,Yes,Yes,Math,0
15.0,Male,High school,Medium,Yes,9.8,7.3,2.9,5.0,3.0,Yes,No,History,0
13.0,Female,College,Low,No,7.5,6.6,6.3,5.0,3.0,No,Yes,Math,0
15.0,Prefer not to say,College,Medium,Yes,14.9,7.4,3.0,4.0,5.0,No,Yes,Unknown,0
15.0,Prefer not to say,High school,Medium,Yes,9.8,8.9,2.1,4.0,4.0,Yes,No,Geography,0
18.0,Male,College,Medium,Yes,14.4,7.0,4.3,2.0,1.0,Yes,Yes,Science,0
17.0,Female,College,Medium,Yes,13.6,8.2,3.9,4.0,1.0,Yes,Yes,Math,0
14.0,Male,College,Medium,No,16.8,9.3,2.0,5.0,4.0,No,Yes,Science,0
15.0,Female,College,High,Yes,14.0,9.1,5.6,5.0,4.0,Yes,Yes,Unknown,0
18.0,Female,College,Medium,Yes,16.1,6.9,4.9,4.0,5.0,Yes,Yes,Math,0
13.0,Female,College,Low,No,11.1,9.5,3.8,5.0,5.0,Yes,Yes,Geography,0
14.0,Female,College,Medium,Yes,7.9,6.1,1.8,1.0,5.0,No,Yes,Geography,0
15.0,Female,No formal,Medium,Yes,13.3,8.1,5.1,4.0,4.0,Yes,Yes,Math,0
16.0,Female,High school,Medium,Yes,10.8,6.8,4.3,5.0,3.0,Yes,Yes,Math,0
17.0,Male,High school,Medium,Yes,15.2,7.8,4.0,2.0,4.0,No,Yes,Math,0
17.0,Male,College,Medium,No,18.5,7.4,6.0,5.0,4.0,Yes,Yes,Math,0
14.0,Male,Postgrad,Medium,Yes,11.8,6.9,1.5,5.0,1.0,No,No,English,0
18.0,Male,College,Medium,Yes,10.6,7.2,1.8,2.0,5.0,No,Yes,Geography,0
16.0,Male,No formal,High,Yes,8.6,9.4,3.8,3.0,2.0,Yes,No,Math,0
13.0,Male,College,Medium,Yes,10.8,7.1,4.1,5.0,4.0,No,Yes,Unknown,0
17.0,Female,High school,Low,Yes,10.8,7.9,3.0,2.0,3.0,Yes,Yes,Science,0
15.0,Male,Postgrad,Medium,Yes,14.0,9.3,1.8,2.0,1.0,Yes,Yes,English,0
14.0,Female,High school,Low,Yes,15.4,7.0,7.1,5.0,5.0,Yes,Yes,Math,0
14.0,Female,High school,Medium,Yes,11.7,5.4,4.5,5.0,3.0,Yes,Yes,Geography,0
18.0,Male,College,Medium,Yes,12.5,8.0,4.2,4.0,4.0,Yes,Yes,Math,0
15.0,Male,High school,High,Yes,14.6,7.0,4.3,5.0,1.0,No,Yes,Science,0
17.0,Male,Postgrad,Medium,Yes,13.7,8.4,3.3,4.0,3.0,Yes,Yes,History,0
12.0,Female,Postgrad,Medium,Yes,7.0,9.4,4.4,1.0,3.0,Yes,Yes,Unknown,0
13.0,Male,High school,Medium,No,11.5,9.0,4.9,5.0,4.0,Yes,Yes,Math,0
17.0,Male,Postgrad,Medium,Yes,22.4,9.7,3.6,1.0,4.0,Yes,Yes,Math,0
14.0,Prefer not to say,High school,Medium,Yes,13.6,7.2,5.1,3.0,2.0,Yes,Yes,History,0
15.0,Male,College,Low,Yes,15.4,8.2,2.3,4.0,3.0,Yes,Yes,English,0
17.0,Female,College,High,Yes,10.3,5.7,3.4,5.0,2.0,Yes,Yes,Geography,0
16.0,Female,College,Low,Yes,7.9,6.2,5.3,2.0,1.0,Yes,Yes,English,0
16.0,Female,No formal,Low,No,15.4,8.2,3.9,2.0,5.0,No,Yes,English,0
16.0,Female,College,Medium,Yes,5.4,9.1,7.0,5.0,5.0,Yes,Yes,Science,0
16.0,Male,College,Medium,Yes,14.9,7.9,1.8,2.0,2.0,No,Yes,Unknown,0
16.0,Male,College,Low,Yes,17.7,7.1,6.0,2.0,4.0,No,Yes,History,0
15.0,Male,College,Medium,Yes,16.3,7.4,3.8,4.0,4.0,Yes,Yes,Science,0
16.0,Female,Postgrad,Low,Yes,10.1,6.2,3.5,2.0,5.0,Yes,Yes,Math,0
17.0,Male,College,Medium,Yes,14.8,7.8,3.3,2.0,1.0,Yes,No,Geography,0
16.0,Female,No formal,Low,Yes,16.1,6.5,2.8,4.0,3.0,No,Yes,Science,0
16.0,Male,College,Low,No,9.7,7.9,3.4,5.0,4.0,Yes,Yes,English,0
15.0,Male,College,Medium,Yes,14.7,6.8,1.0,4.0,5.0,No,Yes,Science,0
18.0,Male,High school,Medium,Yes,14.8,5.4,3.9,3.0,4.0,No,No,History,0
12.0,Female,College,High,Yes,12.1,7.9,4.3,1.0,3.0,Yes,Yes,Math,0
18.0,Male,No formal,Medium,No,15.3,8.3,4.0,2.0,3.0,No,Yes,Geography,0
15.0,Male,College,Medium,Yes,12.3,7.7,2.2,3.0,1.0,No,Yes,English,0
12.0,Male,College,Medium,Yes,11.2,8.2,4.1,4.0,3.0,Yes,Yes,History,0
17.0,Male,Postgrad,Low,Yes,16.1,7.7,6.9,3.0,1.0,Yes,Yes,English,0
16.0,Male,College,Medium,No,12.1,7.1,4.3,2.0,5.0,Yes,Yes,Geography,0
18.0,Female,High school,Low,Yes,11.8,8.5,2.4,4.0,3.0,No,Yes,Science,0
12.0,Female,Postgrad,Medium,Yes,10.0,7.1,5.8,4.0,4.0,Yes,Yes,English,0
15.0,Male,College,Medium,Yes,10.1,7.3,3.8,3.0,5.0,Yes,Yes,Science,0
13.0,Male,College,Medium,No,8.5,5.2,3.8,1.0,5.0,Yes,Yes,Math,0
18.0,Female,College,Medium,Yes,15.4,6.7,2.4,2.0,5.0,No,Yes,Science,0
16.0,Female,High school,Low,Yes,14.7,8.0,4.1,3.0,3.0,Yes,Yes,Unknown,0
18.0,Prefer not to say,Postgrad,Medium,Yes,19.7,7.2,6.2,2.0,4.0,Yes,Yes,Math,0
14.0,Female,College,Medium,Yes,18.0,7.3,4.7,1.0,4.0,Yes,Yes,English,0
15.0,Female,College,Medium,Yes,11.9,7.1,6.3,3.0,3.0,Yes,Yes,English,0
16.0,Female,Postgrad,High,Yes,10.3,8.8,3.2,5.0,5.0,No,No,Science,0
12.0,Prefer not to say,High school,Low,No,8.2,8.3,5.9,5.0,5.0,Yes,Yes,Unknown,0
16.0,Male,College,Medium,Yes,13.0,8.3,1.5,1.0,5.0,No,Yes,Math,0
14.0,Female,High school,High,Yes,8.9,6.5,1.0,3.0,3.0,Yes,Yes,Unknown,0
17.0,Female,College,Low,Yes,14.1,8.9,5.3,3.0,2.0,No,Yes,Science,0
15.0,Female,College,Medium,Yes,10.1,7.5,6.4,5.0,1.0,No,Yes,English,0
14.0,Male,No formal,High,Yes,10.4,7.5,1.7,1.0,1.0,Yes,Yes,Math,0
14.0,Female,Postgrad,Low,No,9.8,7.6,6.3,3.0,2.0,No,Yes,Math,0
18.0,Male,College,High,Yes,16.4,8.0,3.6,5.0,3.0,Yes,Yes,Math,0
17.0,Female,College,Medium,No,14.3,8.1,5.3,5.0,2.0,Yes,Yes,Science,0
17.0,Female,High school,Low,Yes,13.0,7.8,4.2,3.0,2.0,Yes,Yes,Math,0
13.0,Prefer not to say,High school,Medium,Yes,9.2,7.1,3.0,1.0,5.0,Yes,Yes,Math,0
15.0,Male,Postgrad,Low,No,8.0,7.8,2.1,5.0,2.0,Yes,Yes,Science,0
17.0,Female,No formal,High,Yes,12.8,7.1,2.5,3.0,1.0,Yes,Yes,Science,0
16.0,Female,No formal,Medium,Yes,19.6,7.9,6.4,1.0,1.0,No,Yes,Math,0
15.0,Male,College,Medium,No,11.6,10.0,5.5,2.0,3.0,Yes,Yes,Math,0
17.0,Male,Postgrad,Medium,No,11.2,7.4,5.8,3.0,5.0,Yes,Yes,Geography,0
16.0,Female,College,High,Yes,11.4,6.9,2.9,3.0,3.0,Yes,Yes,Unknown,0
15.0,Male,No formal,High,Yes,15.9,8.6,2.4,5.0,4.0,Yes,Yes,Science,0
17.0,Female,College,Low,Yes,15.3,7.7,5.2,1.0,5.0,Yes,Yes,Unknown,0
18.0,Female,College,High,Yes,10.9,7.0,2.2,5.0,5.0,Yes,No,Geography,0
13.0,Male,Postgrad,Medium,Yes,10.8,8.5,5.5,4.0,2.0,No,Yes,Math,0
14.0,Female,High school,Medium,No,14.7,8.7,1.3,1.0,2.0,No,Yes,Science,0
16.0,Male,Postgrad,High,Yes,10.4,8.4,3.3,4.0,1.0,Yes,Yes,Science,0
15.0,Female,College,Medium,Yes,17.0,6.7,4.3,5.0,3.0,No,Yes,English,0
12.0,Female,College,Medium,Yes,10.2,9.3,4.1,4.0,3.0,Yes,Yes,Unknown,0
14.0,Female,College,Medium,No,5.0,7.0,2.4,4.0,4.0,No,Yes,Science,0
16.0,Female,College,Low,Yes,9.0,7.8,1.8,3.0,3.0,Yes,Yes,English,0
14.0,Male,College,Medium,Yes,21.3,6.4,3.3,1.0,3.0,Yes,Yes,History,0
12.0,Female,High school,High,Yes,9.5,7.6,6.4,5.0,2.0,Yes,Yes,Geography,0
18.0,Female,Postgrad,Low,Yes,18.5,8.6,3.7,3.0,5.0,No,Yes,English,0
12.0,Male,College,Medium,Yes,5.1,6.8,2.7,3.0,2.0,No,Yes,Science,0
15.0,Female,No formal,High,No,13.9,7.0,1.3,5.0,2.0,Yes,Yes,Math,0
14.0,Male,Postgrad,Low,No,12.0,6.9,3.1,5.0,1.0,Yes,Yes,Science,0
13.0,Female,High school,Medium,No,8.8,6.8,3.1,3.0,3.0,Yes,No,History,0
14.0,Male,High school,Medium,No,8.9,8.4,5.6,3.0,2.0,Yes,No,Math,0
12.0,Female,College,High,Yes,11.8,7.1,4.8,4.0,3.0,Yes,Yes,History,0
17.0,Female,College,Low,No,17.3,7.3,3.7,3.0,5.0,No,Yes,English,0
13.0,Male,College,High,Yes,8.5,7.9,1.4,1.0,1.0,Yes,Yes,Unknown,0
17.0,Female,Postgrad,Low,Yes,20.5,5.0,3.2,4.0,2.0,Yes,Yes,History,0
14.0,Male,College,Low,Yes,14.7,6.4,4.5,4.0,4.0,Yes,Yes,Math,0
14.0,Female,No formal,Medium,Yes,7.7,9.4,3.6,3.0,4.0,Yes,Yes,English,0
13.0,Female,Postgrad,Medium,No,9.6,7.5,6.0,4.0,2.0,Yes,Yes,English,0
14.0,Male,High school,High,Yes,10.4,7.4,3.0,3.0,2.0,Yes,Yes,Science,0
16.0,Female,Postgrad,Medium,No,19.1,7.3,2.4,3.0,3.0,Yes,Yes,English,0
18.0,Male,College,Low,No,16.8,7.5,8.6,5.0,3.0,Yes,Yes,English,0
16.0,Male,College,Medium,Yes,18.0,7.5,6.4,3.0,4.0,Yes,Yes,Math,0
16.0,Female,High school,Medium,No,11.8,6.2,2.1,3.0,5.0,Yes,Yes,English,0
18.0,Male,College,High,No,11.2,7.9,2.7,1.0,5.0,Yes,Yes,English,0
17.0,Female,College,High,Yes,15.4,6.8,4.5,5.0,2.0,Yes,Yes,Unknown,0
14.0,Female,College,Medium,Yes,14.3,6.9,3.1,2.0,2.0,Yes,Yes,English,0
14.0,Male,High school,Low,Yes,16.2,8.7,6.3,5.0,3.0,No,Yes,Math,0
17.0,Female,Postgrad,Medium,Yes,13.2,8.6,5.3,2.0,5.0,Yes,Yes,Science,0
13.0,Female,High school,Medium,Yes,14.7,5.8,4.2,2.0,3.0,Yes,Yes,Math,0
12.0,Female,No formal,High,Yes,5.2,6.6,4.8,4.0,4.0,Yes,Yes,Unknown,0
13.0,Female,No formal,Low,No,10.3,6.9,2.0,3.0,2.0,Yes,Yes,Math,0
17.0,Female,High school,Low,Yes,11.9,7.6,4.5,4.0,3.0,Yes,Yes,Science,0
13.0,Male,High school,Medium,No,20.8,9.8,5.6,4.0,4.0,Yes,Yes,Science,0
14.0,Male,No formal,Medium,No,12.3,7.0,7.4,3.0,2.0,Yes,No,Science,0
15.0,Female,Postgrad,Medium,Yes,14.0,6.6,4.0,5.0,4.0,Yes,Yes,English,0
13.0,Female,College,High,Yes,7.7,8.1,4.4,2.0,5.0,Yes,Yes,History,0
16.0,Male,College,Medium,Yes,5.1,8.3,4.7,5.0,2.0,No,Yes,English,0
17.0,Male,High school,High,Yes,14.5,8.1,4.1,1.0,2.0,No,Yes,Science,0
14.0,Female,College,Medium,Yes,13.8,10.4,7.6,2.0,1.0,Yes,Yes,English,0
12.0,Male,College,Medium,Yes,10.2,7.1,4.8,4.0,2.0,No,Yes,Math,0
14.0,Female,Postgrad,Medium,No,8.6,7.0,4.2,2.0,4.0,Yes,Yes,Math,0
15.0,Male,High school,Medium,Yes,12.9,6.5,4.2,3.0,5.0,Yes,Yes,Science,0
13.0,Female,High school,Low,Yes,10.0,7.4,5.4,1.0,5.0,Yes,No,Science,0
13.0,Male,High school,Low,No,11.8,9.0,1.0,2.0,5.0,No,Yes,Science,0
13.0,Female,Postgrad,Medium,Yes,17.7,7.0,2.5,1.0,3.0,Yes,Yes,English,0
13.0,Male,High school,Medium,Yes,8.2,8.5,4.7,4.0,2.0,No,No,Science,0
17.0,Female,High school,Low,Yes,14.7,7.5,4.9,4.0,5.0,Yes,No,Math,0
13.0,Male,Postgrad,Medium,Yes,10.2,8.9,4.7,2.0,4.0,No,Yes,Math,0
16.0,Female,Postgrad,Medium,Yes,12.0,7.6,5.3,2.0,1.0,No,Yes,Science,0
14.0,Male,Postgrad,Low,Yes,14.4,7.7,5.1,2.0,1.0,Yes,Yes,Science,0
14.0,Female,Postgrad,Low,Yes,14.3,8.2,1.6,3.0,3.0,Yes,Yes,English,0
16.0,Male,College,Medium,Yes,13.5,6.8,4.8,5.0,2.0,Yes,Yes,Science,0
17.0,Female,College,Low,Yes,6.1,6.7,5.7,4.0,1.0,Yes,Yes,Math,0
17.0,Female,No formal,Low,Yes,5.7,7.1,2.5,4.0,2.0,Yes,No,Science,0
14.0,Female,No formal,Medium,No,8.9,6.4,2.8,5.0,4.0,Yes,Yes,Unknown,0
13.0,Male,College,Medium,No,14.5,6.7,5.3,5.0,4.0,Yes,Yes,Math,0
13.0,Female,Postgrad,Medium,Yes,7.2,6.8,2.5,5.0,2.0,Yes,Yes,English,0
16.0,Male,College,Medium,No,9.5,6.4,3.7,5.0,1.0,Yes,Yes,English,0
14.0,Male,Postgrad,Low,Yes,17.0,7.6,3.7,1.0,1.0,Yes,Yes,Unknown,0
17.0,Female,Postgrad,Medium,Yes,16.0,7.7,2.8,5.0,1.0,Yes,Yes,Science,0
13.0,Female,Postgrad,Low,Yes,12.2,7.0,5.2,5.0,2.0,Yes,No,Science,0
12.0,Male,No formal,Low,Yes,8.2,8.2,1.5,2.0,5.0,Yes,Yes,Math,0
13.0,Male,College,High,Yes,9.8,8.1,3.1,2.0,4.0,Yes,Yes,Science,0
15.0,Male,College,Medium,Yes,13.8,5.5,2.5,2.0,5.0,Yes,Yes,Unknown,0
14.0,Female,College,Medium,Yes,8.9,7.5,2.8,4.0,3.0,Yes,Yes,Science,0
14.0,Male,High school,Medium,Yes,7.2,6.8,2.3,2.0,2.0,Yes,Yes,Math,0
17.0,Female,High school,Medium,No,15.5,6.8,3.4,1.0,5.0,Yes,Yes,Science,0
13.0,Male,No formal,Medium,Yes,12.6,8.2,4.8,3.0,1.0,Yes,Yes,Science,0
14.0,Male,High school,Medium,Yes,12.9,6.4,3.1,3.0,3.0,Yes,Yes,Math,0
17.0,Male,Postgrad,Medium,Yes,14.5,7.8,4.7,5.0,4.0,No,Yes,Geography,0
15.0,Female,College,Low,Yes,13.2,7.7,4.0,3.0,3.0,Yes,Yes,Math,0
13.0,Female,No formal,Low,Yes,10.4,7.3,3.2,1.0,3.0,Yes,Yes,History,0
12.0,Female,Postgrad,High,Yes,2.5,6.5,3.4,3.0,4.0,No,Yes,Math,0
14.0,Male,No formal,High,Yes,8.6,6.5,5.7,4.0,1.0,Yes,Yes,Science,0
14.0,Male,College,Low,Yes,3.4,7.1,2.9,2.0,1.0,No,Yes,Geography,0
14.0,Female,High school,Low,Yes,13.3,7.5,1.0,4.0,5.0,No,Yes,Math,0
13.0,Male,Postgrad,Medium,Yes,11.8,9.0,5.4,5.0,3.0,Yes,No,Math,0
16.0,Female,High school,Medium,Yes,13.6,8.1,3.7,5.0,3.0,Yes,Yes,Math,0
15.0,Female,High school,High,No,10.3,7.5,6.5,4.0,2.0,Yes,Yes,Science,0
13.0,Female,Postgrad,Medium,Yes,11.4,6.8,1.3,5.0,1.0,Yes,Yes,Science,0
13.0,Male,College,Medium,Yes,9.4,7.3,4.6,3.0,5.0,Yes,Yes,History,0
17.0,Female,College,Medium,Yes,9.8,8.6,1.6,2.0,2.0,No,Yes,Science,0
17.0,Male,College,Low,No,11.1,9.2,4.5,4.0,3.0,Yes,Yes,Science,0
16.0,Male,Postgrad,Medium,No,17.8,6.5,4.7,4.0,2.0,Yes,Yes,History,0
15.0,Female,No formal,High,No,12.7,6.5,5.1,3.0,3.0,Yes,No,Geography,0
16.0,Male,High school,Medium,Yes,8.3,6.7,5.9,5.0,1.0,No,Yes,Science,0
18.0,Male,College,Medium,No,16.4,8.4,1.8,2.0,4.0,No,Yes,Math,0
16.0,Female,College,Low,No,11.2,10.0,6.6,3.0,1.0,Yes,Yes,History,0
16.0,Male,High school,Medium,Yes,10.7,7.4,3.3,5.0,4.0,No,Yes,History,0
17.0,Female,College,Medium,Yes,13.8,8.2,3.4,2.0,1.0,Yes,Yes,Math,0
17.0,Male,High school,Medium,No,21.1,8.2,5.0,1.0,4.0,No,No,English,0
14.0,Male,High school,Low,No,12.6,8.4,6.1,4.0,1.0,No,No,Science,0
17.0,Female,College,Medium,Yes,15.7,9.6,3.3,2.0,2.0,Yes,Yes,Unknown,0
14.0,Female,Postgrad,Medium,Yes,6.3,8.0,3.8,1.0,4.0,Yes,No,English,0
18.0,Prefer not to say,College,Low,Yes,12.6,7.2,1.0,2.0,3.0,Yes,Yes,History,0
12.0,Male,Postgrad,Medium,Yes,10.4,6.8,3.8,2.0,3.0,No,Yes,Math,0
13.0,Female,Postgrad,Medium,Yes,7.4,5.6,5.3,3.0,4.0,Yes,Yes,English,0
13.0,Prefer not to say,High school,Low,No,14.3,6.3,8.4,2.0,1.0,Yes,Yes,Science,0
16.0,Female,Postgrad,Low,Yes,10.4,7.7,4.0,2.0,3.0,Yes,Yes,Science,0
16.0,Female,College,Low,Yes,10.4,7.9,4.8,3.0,5.0,No,Yes,English,0
16.0,Female,High school,High,Yes,11.7,6.5,5.4,3.0,1.0,Yes,Yes,Science,0
16.0,Female,College,Low,No,10.6,8.4,4.8,5.0,1.0,Yes,Yes,English,0
16.0,Male,High school,Medium,Yes,11.9,7.3,1.0,4.0,4.0,Yes,Yes,Math,0
17.0,Male,Postgrad,Medium,Yes,22.2,7.5,4.5,2.0,4.0,Yes,Yes,Science,0
14.0,Male,High school,Medium,Yes,9.3,6.0,3.6,3.0,3.0,Yes,Yes,Science,0
15.0,Prefer not to say,College,Low,Yes,18.9,9.8,2.6,4.0,3.0,Yes,Yes,Math,0
14.0,Male,High school,Low,Yes,10.0,5.8,5.4,5.0,3.0,Yes,Yes,Science,0
18.0,Male,College,Low,Yes,8.4,7.1,3.9,2.0,4.0,No,No,Math,0
17.0,Male,College,High,Yes,13.3,8.1,5.6,2.0,5.0,Yes,No,Math,0
16.0,Male,College,Medium,Yes,9.6,6.8,2.5,4.0,4.0,Yes,Yes,Math,0
12.0,Female,No formal,Medium,No,16.4,6.2,7.1,3.0,5.0,Yes,Yes,Geography,0
18.0,Female,College,Low,Yes,15.1,5.7,3.9,3.0,5.0,Yes,Yes,Science,0
12.0,Female,Postgrad,Low,Yes,9.2,8.8,5.0,4.0,2.0,Yes,No,Math,0
18.0,Female,College,High,Yes,18.8,7.4,5.3,2.0,1.0,Yes,No,Math,0
13.0,Male,No formal,High,Yes,4.5,9.0,2.0,3.0,4.0,Yes,Yes,Unknown,0
14.0,Male,Postgrad,Medium,No,6.3,8.5,3.8,3.0,3.0,No,Yes,Math,0
15.0,Male,No formal,Medium,Yes,14.3,6.9,1.4,1.0,5.0,Yes,Yes,Math,0
14.0,Female,High school,Low,Yes,17.5,8.3,5.7,1.0,2.0,No,Yes,Science,0
12.0,Female,College,Low,No,8.9,8.9,6.5,3.0,1.0,Yes,Yes,English,0
17.0,Female,High school,Low,No,13.6,7.3,6.1,5.0,1.0,Yes,Yes,History,0
13.0,Male,High school,Low,Yes,8.6,8.9,4.3,5.0,2.0,Yes,Yes,Geography,0
15.0,Male,Postgrad,Medium,Yes,9.4,8.0,4.5,4.0,1.0,Yes,Yes,English,0
18.0,Male,College,Medium,No,15.1,7.8,2.7,3.0,2.0,Yes,Yes,Math,0
13.0,Male,College,High,Yes,13.3,9.4,1.9,3.0,3.0,No,Yes,Math,0
17.0,Female,College,High,Yes,14.6,6.5,4.9,4.0,4.0,No,Yes,English,0
15.0,Female,College,Medium,Yes,17.0,7.7,4.3,2.0,4.0,Yes,Yes,Math,0
17.0,Male,High school,Medium,No,18.7,7.5,2.6,5.0,4.0,Yes,Yes,Science,0
12.0,Prefer not to say,College,Medium,Yes,7.5,7.5,2.3,3.0,5.0,Yes,Yes,Geography,0
18.0,Male,No formal,Medium,Yes,8.4,7.9,2.1,5.0,2.0,Yes,Yes,Science,0
13.0,Prefer not to say,High school,Low,Yes,6.2,7.7,3.3,3.0,3.0,Yes,Yes,English,0
17.0,Male,High school,Low,Yes,13.3,8.1,4.5,2.0,1.0,No,Yes,Unknown,0
16.0,Female,College,Medium,Yes,11.9,6.7,2.6,4.0,1.0,Yes,Yes,Math,0
17.0,Male,College,Medium,No,15.3,7.1,5.2,1.0,2.0,Yes,Yes,Science,0
17.0,Female,Postgrad,Low,No,7.9,8.8,2.6,2.0,2.0,Yes,Yes,Science,0
17.0,Prefer not to say,High school,Medium,No,14.0,7.8,5.0,2.0,2.0,Yes,Yes,Math,0
17.0,Male,No formal,Medium,Yes,11.7,10.5,3.3,3.0,3.0,Yes,Yes,English,0
13.0,Female,College,Medium,No,7.5,7.0,4.9,5.0,1.0,Yes,Yes,Science,0
17.0,Female,College,Medium,No,18.7,6.4,4.3,2.0,5.0,No,Yes,Science,0
14.0,Male,College,Medium,No,12.3,8.3,4.5,2.0,4.0,Yes,Yes,Unknown,0
14.0,Male,High school,Medium,No,8.6,7.6,3.4,4.0,5.0,Yes,Yes,Math,0
14.0,Female,High school,Low,Yes,8.2,6.5,1.3,3.0,4.0,Yes,Yes,Geography,0
15.0,Female,College,Medium,Yes,10.6,7.1,5.4,2.0,4.0,Yes,Yes,Science,0
16.0,Female,Postgrad,High,Yes,8.3,9.4,2.8,1.0,3.0,Yes,Yes,Math,0
12.0,Male,College,Low,Yes,15.7,9.3,2.6,3.0,4.0,Yes,Yes,Science,0
14.0,Male,College,Low,No,10.9,7.1,5.0,3.0,1.0,Yes,Yes,Unknown,0
14.0,Female,Postgrad,Low,Yes,10.6,6.8,4.0,3.0,3.0,Yes,Yes,Math,0
18.0,Male,High school,Medium,Yes,12.8,8.5,4.6,3.0,4.0,Yes,No,History,0
16.0,Female,High school,High,No,14.6,8.1,3.1,3.0,4.0,Yes,Yes,Science,0
15.0,Female,College,Low,No,4.6,7.3,4.0,4.0,4.0,Yes,Yes,Math,0
16.0,Female,Postgrad,Medium,Yes,8.8,9.0,4.3,2.0,5.0,Yes,Yes,Unknown,0
15.0,Female,Postgrad,Medium,No,9.5,6.1,3.3,2.0,5.0,Yes,Yes,Math,0
12.0,Male,High school,Low,Yes,8.0,7.9,2.5,5.0,3.0,No,No,Science,0
13.0,Male,College,Medium,No,11.5,8.0,4.2,1.0,2.0,Yes,Yes,Math,0
14.0,Female,High school,High,Yes,6.1,8.1,5.0,5.0,3.0,Yes,Yes,Science,0
17.0,Female,No formal,Medium,Yes,14.8,7.3,5.4,2.0,4.0,No,Yes,Geography,0
17.0,Female,High school,Medium,Yes,15.8,6.4,4.6,4.0,1.0,No,Yes,Unknown,0
18.0,Female,College,High,No,19.2,8.4,1.7,5.0,2.0,Yes,Yes,Math,0
16.0,Female,College,Medium,Yes,9.5,8.1,5.5,5.0,1.0,Yes,Yes,Science,0
18.0,Male,High school,Medium,Yes,11.0,6.9,3.5,5.0,3.0,Yes,Yes,Science,0
12.0,Female,High school,Medium,Yes,9.9,6.9,3.7,5.0,1.0,Yes,Yes,Science,0
13.0,Male,College,Medium,Yes,9.9,7.9,3.8,5.0,5.0,No,Yes,Geography,0
12.0,Female,High school,Medium,Yes,9.3,8.1,1.0,5.0,5.0,No,Yes,Math,0
17.0,Female,College,Medium,Yes,12.4,7.2,1.7,3.0,2.0,Yes,Yes,Math,0
18.0,Male,High school,Low,No,9.8,7.0,4.4,5.0,1.0,No,Yes,Science,0
18.0,Female,High school,Medium,Yes,7.3,5.8,4.7,5.0,1.0,No,Yes,Science,0
15.0,Male,College,Medium,Yes,11.5,6.1,2.7,2.0,4.0,Yes,Yes,Math,0
12.0,Male,No formal,Medium,Yes,12.0,7.5,3.6,2.0,5.0,Yes,Yes,Science,0
14.0,Male,High school,High,Yes,13.7,8.6,4.3,1.0,3.0,Yes,Yes,History,0
17.0,Female,High school,Medium,Yes,12.2,8.1,3.0,3.0,4.0,Yes,Yes,Math,0
17.0,Male,High school,High,Yes,16.3,8.1,6.9,2.0,2.0,Yes,Yes,English,0
14.0,Female,High school,Medium,Yes,4.0,7.7,6.0,3.0,2.0,Yes,Yes,English,0
18.0,Female,Postgrad,High,Yes,23.3,7.4,5.0,2.0,2.0,Yes,Yes,History,0
18.0,Female,College,High,Yes,14.1,6.4,5.0,4.0,3.0,Yes,Yes,Unknown,0
17.0,Male,Postgrad,Medium,Yes,11.5,4.8,3.1,2.0,3.0,No,Yes,Math,0
14.0,Female,High school,Medium,Yes,9.0,7.2,3.8,2.0,2.0,Yes,Yes,English,0
13.0,Prefer not to say,No formal,Medium,Yes,9.8,6.7,3.2,4.0,3.0,No,Yes,Science,0
12.0,Male,College,Medium,Yes,5.7,7.7,1.0,4.0,4.0,Yes,Yes,Unknown,0
18.0,Female,Postgrad,Low,Yes,13.1,8.8,3.7,3.0,5.0,Yes,Yes,Math,0
15.0,Female,High school,Medium,Yes,14.8,8.5,3.9,4.0,3.0,Yes,Yes,Unknown,0
14.0,Male,College,High,Yes,9.2,6.4,3.9,5.0,2.0,Yes,Yes,Math,0
16.0,Female,Postgrad,Medium,No,8.5,9.1,3.5,5.0,2.0,Yes,Yes,Science,0
14.0,Female,Postgrad,Medium,Yes,13.8,6.3,5.5,2.0,3.0,No,Yes,Science,0
13.0,Female,College,Medium,Yes,14.9,5.2,5.8,2.0,1.0,Yes,Yes,English,0
14.0,Female,No formal,Medium,Yes,9.5,7.3,4.3,5.0,3.0,Yes,Yes,Unknown,0
12.0,Male,High school,Medium,Yes,14.3,7.2,3.2,5.0,2.0,Yes,Yes,Math,0
17.0,Female,Postgrad,High,Yes,14.1,6.8,4.2,5.0,4.0,Yes,Yes,Math,0
13.0,Female,College,Low,No,9.8,7.9,6.6,5.0,2.0,Yes,Yes,Science,0
16.0,Male,Postgrad,Low,No,14.6,8.5,3.7,3.0,3.0,No,Yes,Math,0
18.0,Female,College,Low,Yes,12.6,7.8,2.7,1.0,5.0,No,Yes,Science,0
18.0,Female,College,High,No,10.8,7.3,4.5,5.0,5.0,No,No,Math,0
17.0,Female,High school,Medium,Yes,9.5,7.1,2.4,2.0,4.0,Yes,No,Math,0
16.0,Female,College,Medium,No,16.1,9.1,3.2,4.0,5.0,Yes,Yes,Math,0
17.0,Male,Postgrad,High,No,16.4,6.5,2.6,1.0,4.0,Yes,Yes,History,0
16.0,Female,High school,High,Yes,11.4,7.5,3.6,2.0,4.0,Yes,Yes,Science,0
14.0,Male,Postgrad,Low,Yes,10.7,9.3,4.0,3.0,5.0,Yes,Yes,History,0
13.0,Male,College,Medium,Yes,8.1,7.9,3.5,3.0,3.0,Yes,Yes,Geography,0
18.0,Male,College,Medium,Yes,12.1,8.2,5.5,3.0,2.0,Yes,Yes,Science,0
14.0,Female,Postgrad,Medium,Yes,15.7,7.9,4.6,4.0,2.0,Yes,Yes,Unknown,0
16.0,Male,No formal,Medium,Yes,11.9,7.9,3.6,4.0,4.0,Yes,Yes,History,0
16.0,Female,Postgrad,Low,No,12.3,7.2,1.5,5.0,3.0,No,Yes,History,0
18.0,Female,College,Medium,No,17.2,6.7,7.2,2.0,5.0,Yes,Yes,Unknown,0
13.0,Female,High school,Low,Yes,13.4,7.0,3.4,3.0,2.0,Yes,Yes,Math,0
14.0,Female,No formal,High,Yes,9.7,7.4,3.9,4.0,3.0,Yes,No,English,0
18.0,Female,College,Low,No,13.6,7.9,2.8,1.0,2.0,Yes,Yes,History,0
16.0,Female,High school,Medium,Yes,9.4,7.5,5.5,1.0,4.0,No,Yes,History,0
15.0,Female,College,Medium,Yes,10.2,8.4,3.2,1.0,2.0,Yes,Yes,English,0
14.0,Male,Postgrad,Medium,Yes,16.4,6.7,4.5,1.0,3.0,Yes,Yes,History,0
13.0,Prefer not to say,Postgrad,High,Yes,10.3,6.9,8.0,2.0,5.0,No,Yes,Unknown,0
15.0,Female,High school,High,Yes,8.5,7.3,7.0,3.0,3.0,Yes,Yes,History,0
13.0,Male,College,Medium,No,7.7,5.8,2.2,5.0,5.0,Yes,Yes,Math,0
15.0,Male,College,Low,No,13.1,8.3,5.4,2.0,4.0,Yes,Yes,Geography,0
18.0,Female,College,Medium,No,18.7,8.6,4.5,5.0,5.0,Yes,Yes,Math,0
15.0,Female,College,Low,Yes,11.8,7.0,3.6,2.0,5.0,Yes,Yes,English,0
18.0,Male,College,Low,No,11.9,7.9,4.3,1.0,3.0,No,Yes,Math,0
15.0,Female,High school,High,No,10.9,8.6,3.2,4.0,3.0,No,Yes,English,0
13.0,Male,Postgrad,Low,No,9.8,8.4,3.9,1.0,4.0,Yes,Yes,Science,0
17.0,Female,High school,High,Yes,14.3,8.3,2.2,1.0,2.0,Yes,Yes,Math,0
16.0,Male,High school,Medium,Yes,15.5,6.0,4.6,4.0,2.0,No,No,English,0
15.0,Male,High school,High,Yes,4.7,8.6,2.7,1.0,5.0,Yes,Yes,English,0
16.0,Female,College,Low,No,13.8,7.2,4.8,1.0,2.0,Yes,Yes,Geography,0
15.0,Male,Postgrad,Low,Yes,16.5,6.8,2.6,5.0,5.0,Yes,Yes,Unknown,0
12.0,Male,High school,Low,Yes,7.2,7.8,3.2,5.0,5.0,Yes,Yes,Geography,0
15.0,Female,College,Medium,No,6.8,9.5,2.7,4.0,1.0,Yes,Yes,Math,0
15.0,Female,High school,Medium,Yes,13.0,7.9,2.5,3.0,4.0,Yes,No,Science,0
16.0,Male,College,Low,Yes,15.2,9.6,3.0,5.0,3.0,Yes,Yes,Geography,0
17.0,Female,College,Medium,Yes,14.2,6.4,1.6,1.0,3.0,Yes,Yes,Unknown,0
16.0,Female,High school,Medium,Yes,9.8,6.4,2.1,1.0,3.0,No,Yes,Math,0
14.0,Female,High school,Low,Yes,9.2,7.9,3.9,1.0,3.0,Yes,Yes,History,0
18.0,Female,Postgrad,Low,Yes,15.3,8.4,2.3,4.0,2.0,Yes,Yes,History,0
13.0,Prefer not to say,High school,Medium,Yes,7.7,8.1,2.5,4.0,2.0,Yes,Yes,History,0
14.0,Male,College,Medium,Yes,10.7,5.6,1.7,3.0,4.0,Yes,Yes,Math,0
13.0,Female,College,Medium,No,8.4,6.7,3.5,3.0,2.0,Yes,Yes,Science,0
17.0,Female,College,Low,No,17.5,7.0,3.0,4.0,2.0,Yes,Yes,Math,0
12.0,Female,Postgrad,Medium,Yes,9.0,5.7,2.7,4.0,1.0,Yes,No,Science,0
12.0,Female,College,Medium,No,10.7,8.1,5.8,5.0,1.0,Yes,Yes,Math,0
17.0,Female,College,Medium,No,9.3,8.4,4.1,2.0,2.0,Yes,Yes,Math,0
13.0,Female,College,Medium,No,13.6,5.3,2.1,3.0,5.0,Yes,Yes,Math,0
17.0,Prefer not to say,College,High,Yes,15.7,8.7,5.2,1.0,5.0,Yes,Yes,Math,0
15.0,Male,Postgrad,Medium,No,9.7,7.3,5.0,5.0,3.0,Yes,Yes,Science,0
14.0,Female,Postgrad,Low,Yes,7.9,6.1,4.5,2.0,1.0,Yes,Yes,Science,0
16.0,Male,College,Medium,No,13.0,6.5,4.3,3.0,1.0,Yes,Yes,History,0
16.0,Male,High school,Medium,No,9.1,7.6,3.5,4.0,4.0,No,Yes,Science,0
18.0,Female,High school,Medium,No,10.8,8.9,4.7,3.0,3.0,No,Yes,Math,0
17.0,Male,High school,High,Yes,9.1,5.6,4.2,3.0,2.0,No,Yes,History,0
14.0,Male,High school,High,Yes,18.6,8.0,4.9,3.0,5.0,Yes,Yes,Unknown,0
15.0,Female,College,Low,Yes,15.1,6.6,1.5,2.0,3.0,Yes,Yes,Science,0
17.0,Female,College,Medium,Yes,17.2,7.3,6.5,3.0,2.0,Yes,Yes,Science,0
16.0,Female,College,Low,No,13.1,6.1,3.8,3.0,5.0,No,Yes,Science,0
16.0,Male,High school,Medium,Yes,5.5,8.1,4.6,2.0,2.0,Yes,Yes,Geography,0
17.0,Female,High school,Medium,No,8.9,9.5,2.1,4.0,3.0,No,Yes,Science,0
13.0,Female,College,Medium,Yes,6.5,8.0,5.2,5.0,4.0,Yes,Yes,Math,0
14.0,Male,High school,Medium,Yes,6.3,8.5,1.5,4.0,3.0,Yes,No,History,0
14.0,Female,High school,High,Yes,10.0,7.5,2.4,4.0,4.0,Yes,Yes,Math,0
17.0,Male,No formal,Medium,Yes,10.1,8.6,5.5,1.0,1.0,No,Yes,Math,0
18.0,Male,High school,Medium,Yes,12.0,7.1,1.4,5.0,1.0,Yes,Yes,Science,0
12.0,Male,High school,Medium,Yes,2.1,7.8,3.3,3.0,3.0,No,No,Science,0
13.0,Male,Postgrad,Low,No,16.9,8.0,2.6,4.0,2.0,No,Yes,Science,0
14.0,Female,High school,Medium,No,17.0,8.0,5.1,4.0,3.0,Yes,Yes,Math,0
18.0,Male,Postgrad,Medium,Yes,17.1,7.2,1.9,2.0,3.0,No,Yes,English,0
17.0,Female,College,Medium,Yes,19.1,6.6,5.6,3.0,3.0,Yes,No,English,0
13.0,Female,College,Medium,No,7.8,8.0,3.2,5.0,3.0,Yes,Yes,Science,0
13.0,Prefer not to say,High school,Medium,Yes,7.5,7.4,5.8,5.0,3.0,Yes,Yes,English,0
15.0,Male,College,Medium,No,14.7,6.7,3.0,2.0,4.0,Yes,Yes,Math,0
17.0,Male,College,Medium,Yes,14.4,8.5,5.3,4.0,4.0,Yes,Yes,Science,0
17.0,Female,Postgrad,Low,Yes,6.9,9.0,6.9,5.0,5.0,Yes,Yes,Geography,0
17.0,Male,No formal,Low,No,9.7,9.0,2.6,1.0,1.0,Yes,Yes,Math,0
17.0,Female,High school,Medium,Yes,13.7,8.1,2.4,4.0,5.0,Yes,Yes,Geography,0
16.0,Female,High school,Low,No,9.0,8.0,2.6,5.0,4.0,Yes,Yes,Science,0
15.0,Male,High school,High,No,7.5,7.4,2.6,3.0,1.0,No,Yes,Science,0
15.0,Female,College,Medium,Yes,15.3,7.8,5.1,4.0,3.0,No,Yes,Geography,0
13.0,Male,High school,Medium,Yes,11.1,7.3,6.6,1.0,3.0,No,Yes,Geography,0
13.0,Male,High school,High,Yes,13.9,6.8,5.9,1.0,4.0,No,Yes,Science,0
15.0,Male,High school,Low,Yes,7.7,8.7,5.7,5.0,5.0,No,Yes,Science,0
15.0,Male,College,High,Yes,15.0,8.6,5.2,2.0,5.0,Yes,Yes,English,0
13.0,Female,High school,Low,No,14.1,6.9,5.7,2.0,3.0,Yes,Yes,Math,0
16.0,Male,College,Low,No,8.2,6.5,3.6,4.0,2.0,Yes,No,Science,0
12.0,Female,Postgrad,Medium,Yes,10.9,7.4,4.9,1.0,4.0,Yes,Yes,Unknown,0
18.0,Male,College,Medium,Yes,18.0,5.7,5.9,1.0,1.0,Yes,Yes,Unknown,0
17.0,Female,No formal,Medium,Yes,7.4,7.4,2.9,5.0,3.0,No,Yes,English,0
12.0,Male,College,High,Yes,9.9,7.0,1.0,5.0,3.0,No,Yes,History,0
13.0,Male,High school,Medium,No,15.0,8.7,6.3,1.0,1.0,No,Yes,Math,0
17.0,Male,College,Low,Yes,9.3,6.2,3.4,3.0,2.0,No,Yes,Math,0
13.0,Male,No formal,Low,Yes,8.4,6.8,4.1,1.0,1.0,No,Yes,History,0
14.0,Female,High school,Medium,Yes,15.5,7.7,4.2,2.0,4.0,Yes,Yes,English,0
17.0,Female,High school,Medium,Yes,15.1,7.2,3.8,5.0,1.0,No,Yes,Math,0
15.0,Female,No formal,Low,Yes,8.1,6.6,6.8,5.0,4.0,Yes,Yes,Science,0
18.0,Female,No formal,Medium,Yes,15.5,8.3,2.7,1.0,4.0,No,Yes,Unknown,0
17.0,Male,High school,High,No,10.5,7.7,2.7,2.0,1.0,Yes,Yes,History,0
14.0,Male,High school,Low,Yes,13.1,7.1,5.4,3.0,4.0,Yes,Yes,English,0
17.0,Female,Postgrad,Low,Yes,14.6,7.9,3.3,2.0,4.0,Yes,Yes,Math,0
13.0,Female,College,Medium,No,16.8,11.1,4.2,5.0,5.0,Yes,Yes,Science,0
18.0,Male,College,Medium,Yes,12.8,7.6,2.0,4.0,5.0,Yes,Yes,Science,0
16.0,Female,High school,Low,Yes,10.0,8.0,5.5,4.0,4.0,Yes,Yes,Math,0
14.0,Female,College,Medium,Yes,14.0,9.8,2.9,3.0,1.0,Yes,Yes,Science,0
14.0,Female,High school,Medium,No,6.2,9.3,3.1,2.0,2.0,Yes,Yes,English,0
14.0,Female,College,Medium,Yes,11.5,6.7,3.1,1.0,2.0,No,Yes,History,0
16.0,Male,College,High,Yes,13.0,7.0,2.0,2.0,2.0,No,Yes,Math,0
16.0,Female,No formal,Medium,Yes,17.7,9.0,2.6,4.0,2.0,Yes,Yes,Math,0
13.0,Male,No formal,Medium,No,11.1,6.8,5.2,3.0,4.0,Yes,Yes,Math,0
18.0,Male,No formal,Medium,Yes,19.4,7.0,4.3,3.0,3.0,Yes,Yes,Unknown,0
12.0,Female,No formal,Medium,Yes,7.7,8.3,3.2,3.0,3.0,Yes,Yes,Science,0
13.0,Male,College,High,Yes,9.7,6.1,4.0,2.0,2.0,Yes,Yes,History,0
13.0,Female,Postgrad,Medium,Yes,4.8,7.9,2.7,5.0,2.0,Yes,Yes,Math,0
14.0,Female,High school,Low,Yes,12.1,7.2,2.7,2.0,3.0,No,Yes,Science,0
18.0,Male,Postgrad,High,No,12.4,6.8,4.3,4.0,5.0,Yes,Yes,History,0
16.0,Female,High school,Medium,Yes,11.8,7.8,3.9,4.0,3.0,No,Yes,Math,0
13.0,Male,High school,Medium,No,13.5,9.0,5.7,1.0,2.0,Yes,Yes,Science,0
13.0,Female,College,Medium,No,11.4,8.0,4.0,4.0,3.0,No,Yes,English,0
13.0,Prefer not to say,High school,Low,No,11.6,7.1,4.6,5.0,3.0,Yes,Yes,Geography,0
13.0,Female,College,Medium,Yes,14.9,8.7,3.0,4.0,3.0,Yes,Yes,English,0
17.0,Female,High school,Low,No,16.9,7.0,5.0,3.0,2.0,No,Yes,Math,0
16.0,Female,Postgrad,Medium,Yes,9.0,6.1,3.6,1.0,5.0,Yes,Yes,Geography,0
17.0,Male,Postgrad,Low,Yes,12.8,6.1,4.5,5.0,5.0,No,No,English,0
12.0,Female,High school,High,No,11.6,9.5,5.0,4.0,3.0,Yes,Yes,Science,0
12.0,Female,High school,High,Yes,6.3,7.4,1.7,5.0,3.0,No,Yes,Math,0
13.0,Male,College,Medium,Yes,11.5,6.7,4.7,4.0,2.0,Yes,Yes,English,0
16.0,Male,High school,Medium,Yes,20.3,7.4,5.9,3.0,5.0,Yes,Yes,English,0
16.0,Prefer not to say,High school,Low,No,6.6,6.7,2.9,3.0,3.0,Yes,Yes,English,0
14.0,Female,High school,Low,Yes,9.1,7.1,4.7,2.0,2.0,Yes,Yes,Science,0
17.0,Male,High school,Low,No,8.1,6.0,3.6,2.0,1.0,Yes,Yes,Science,0
16.0,Female,High school,Low,Yes,4.9,7.7,4.4,2.0,1.0,Yes,Yes,Geography,0
16.0,Male,High school,Medium,Yes,15.9,8.6,2.3,1.0,4.0,No,Yes,Math,0
18.0,Female,Postgrad,Low,Yes,16.7,8.0,2.1,1.0,1.0,Yes,Yes,English,0
13.0,Male,High school,Medium,Yes,16.6,6.7,2.7,4.0,3.0,No,Yes,Math,0
18.0,Female,Postgrad,Low,Yes,11.9,6.5,2.8,3.0,4.0,No,Yes,Science,0
13.0,Female,College,Medium,Yes,4.1,6.2,3.0,5.0,5.0,Yes,Yes,English,0
15.0,Male,No formal,High,Yes,13.9,7.9,3.7,3.0,2.0,Yes,Yes,Science,0
13.0,Male,College,Low,Yes,12.9,8.3,4.5,5.0,1.0,Yes,Yes,History,0
13.0,Female,No formal,Medium,Yes,15.8,8.0,6.2,1.0,3.0,No,Yes,English,0
14.0,Male,College,Low,Yes,14.1,6.9,4.3,2.0,4.0,Yes,Yes,English,0
14.0,Male,College,Low,Yes,8.2,7.3,2.9,5.0,3.0,Yes,Yes,English,0
13.0,Male,College,Medium,Yes,7.5,5.8,3.9,3.0,4.0,Yes,Yes,Math,0
16.0,Female,Postgrad,Medium,Yes,10.6,6.2,4.2,5.0,2.0,Yes,Yes,Geography,0
17.0,Female,College,High,Yes,15.3,7.0,2.8,1.0,5.0,No,Yes,History,0
13.0,Male,Postgrad,Medium,Yes,6.3,7.7,5.4,4.0,1.0,Yes,Yes,Unknown,0
17.0,Male,High school,Medium,No,11.9,9.0,5.1,3.0,5.0,Yes,Yes,History,0
13.0,Male,High school,High,Yes,7.4,7.8,5.9,4.0,4.0,Yes,Yes,Science,0
14.0,Male,High school,Low,Yes,15.0,7.8,5.2,1.0,1.0,Yes,Yes,Science,0
13.0,Female,High school,High,Yes,6.0,6.9,6.5,1.0,1.0,Yes,No,Unknown,0
13.0,Male,College,Medium,Yes,12.8,7.7,3.6,3.0,3.0,Yes,Yes,English,0
17.0,Prefer not to say,Postgrad,Medium,Yes,16.8,6.6,5.7,4.0,2.0,No,Yes,Unknown,0
14.0,Female,High school,Medium,Yes,13.7,6.8,1.5,3.0,3.0,Yes,Yes,English,0
13.0,Prefer not to say,High school,Medium,Yes,13.7,8.9,1.0,5.0,1.0,No,Yes,Science,0
12.0,Male,College,Low,No,13.0,5.9,1.2,2.0,1.0,Yes,Yes,Math,0
17.0,Male,College,High,Yes,5.9,5.4,7.3,4.0,5.0,Yes,Yes,Math,0
14.0,Female,Postgrad,Medium,No,14.6,8.8,1.3,3.0,3.0,Yes,Yes,English,0
13.0,Female,High school,High,Yes,12.5,7.1,5.5,3.0,3.0,Yes,Yes,Math,0
17.0,Female,College,Medium,Yes,12.8,7.5,6.4,4.0,1.0,Yes,Yes,Math,0
18.0,Female,High school,Medium,Yes,12.6,6.8,2.0,3.0,3.0,Yes,Yes,Science,0
18.0,Male,College,High,Yes,16.0,5.6,5.9,5.0,2.0,No,Yes,Science,0
17.0,Prefer not to say,Postgrad,Low,Yes,9.9,7.1,5.3,5.0,2.0,No,Yes,History,0
14.0,Male,College,Medium,No,10.0,6.7,3.2,2.0,3.0,Yes,Yes,Math,0
14.0,Male,Postgrad,Low,Yes,12.4,6.8,4.0,4.0,4.0,Yes,Yes,Math,0
14.0,Female,No formal,Medium,Yes,12.9,7.0,1.0,2.0,4.0,No,Yes,Science,0
12.0,Male,High school,Low,Yes,8.1,6.6,2.5,2.0,3.0,No,Yes,English,0
12.0,Female,High school,Medium,No,6.9,7.4,4.7,2.0,2.0,No,Yes,Geography,0
13.0,Female,High school,Low,No,9.1,7.1,2.2,1.0,2.0,Yes,No,English,0
16.0,Female,College,Medium,No,8.6,6.5,6.4,1.0,2.0,Yes,Yes,Math,0
12.0,Female,Postgrad,Low,Yes,3.1,7.8,4.0,5.0,5.0,No,Yes,English,0
17.0,Male,No formal,Medium,Yes,12.9,7.3,3.7,2.0,2.0,Yes,Yes,English,0
16.0,Female,High school,High,Yes,14.6,6.7,5.5,1.0,1.0,No,Yes,English,0
13.0,Female,High school,Low,Yes,2.3,7.5,5.3,4.0,2.0,Yes,Yes,History,0
18.0,Female,College,High,Yes,10.8,7.9,1.7,3.0,4.0,Yes,Yes,English,0
17.0,Female,College,High,Yes,13.7,6.9,3.5,3.0,1.0,No,Yes,Science,0
13.0,Female,High school,Low,Yes,5.7,9.9,3.3,2.0,1.0,Yes,Yes,Math,0
13.0,Male,High school,Medium,Yes,10.9,6.2,4.6,5.0,5.0,Yes,Yes,Geography,0
17.0,Female,College,Low,Yes,10.9,7.3,3.1,1.0,5.0,No,No,Science,0
18.0,Female,College,Low,Yes,12.2,7.6,3.9,4.0,3.0,Yes,Yes,Science,0
15.0,Female,College,Medium,Yes,14.6,7.2,4.3,1.0,5.0,No,Yes,Math,0
14.0,Male,Postgrad,Medium,Yes,17.2,6.2,6.3,2.0,2.0,Yes,Yes,Geography,0
15.0,Male,College,Low,Yes,13.7,9.6,3.5,2.0,5.0,Yes,No,History,0
16.0,Male,No formal,Medium,Yes,12.5,5.9,1.7,2.0,5.0,Yes,Yes,History,0
17.0,Female,College,Medium,No,14.5,7.0,3.2,5.0,3.0,Yes,Yes,Unknown,0
15.0,Female,College,Low,Yes,14.7,7.0,3.3,2.0,1.0,Yes,Yes,Science,0
12.0,Male,College,Low,Yes,12.5,6.2,3.1,4.0,2.0,No,Yes,Math,0
15.0,Female,Postgrad,Medium,Yes,11.5,8.3,6.0,2.0,1.0,No,Yes,English,0
17.0,Male,High school,Low,Yes,13.3,8.5,2.0,5.0,3.0,Yes,Yes,English,0
14.0,Female,No formal,Medium,Yes,12.9,8.6,5.9,2.0,3.0,Yes,No,Math,0
17.0,Male,No formal,Medium,Yes,7.0,8.0,5.0,2.0,4.0,Yes,Yes,Unknown,0
17.0,Prefer not to say,College,Medium,Yes,14.4,7.4,4.6,3.0,1.0,Yes,Yes,History,0
15.0,Female,College,High,Yes,10.0,8.8,2.7,1.0,3.0,Yes,Yes,Science,0
17.0,Female,College,Medium,Yes,12.9,7.9,3.3,4.0,1.0,Yes,Yes,Science,0
16.0,Male,No formal,Medium,Yes,12.2,6.1,5.6,1.0,3.0,No,Yes,Math,0
15.0,Female,High school,High,Yes,9.9,8.4,3.8,2.0,1.0,Yes,Yes,Science,0
16.0,Female,College,Medium,No,9.4,8.5,3.3,3.0,1.0,Yes,Yes,English,0
12.0,Male,College,Medium,No,11.5,9.5,4.0,4.0,1.0,Yes,Yes,English,0
13.0,Male,College,High,Yes,6.3,6.7,3.0,4.0,2.0,Yes,Yes,Science,0
17.0,Male,High school,Low,Yes,7.6,8.1,3.6,2.0,1.0,Yes,Yes,English,0
16.0,Female,College,Medium,Yes,18.4,8.0,5.2,3.0,3.0,No,Yes,Geography,0
12.0,Female,College,Medium,No,11.8,8.4,4.5,3.0,5.0,Yes,Yes,English,0
18.0,Female,College,Medium,Yes,16.0,6.3,1.9,1.0,4.0,Yes,Yes,Science,0
14.0,Female,High school,High,Yes,12.4,8.1,4.5,3.0,2.0,Yes,Yes,History,0
12.0,Male,College,Medium,Yes,13.6,7.5,5.4,5.0,2.0,No,Yes,History,0
12.0,Female,Postgrad,Low,No,15.1,7.8,3.6,3.0,2.0,No,Yes,Unknown,0
14.0,Male,College,Medium,Yes,20.0,8.3,2.1,2.0,4.0,No,Yes,Math,0
12.0,Female,College,Medium,Yes,4.5,8.3,2.1,5.0,3.0,Yes,Yes,English,0
12.0,Male,Postgrad,Medium,Yes,8.9,7.9,3.8,4.0,3.0,Yes,Yes,History,0
18.0,Male,Postgrad,Low,No,15.3,8.0,2.3,3.0,1.0,No,Yes,Science,0
16.0,Male,College,High,Yes,12.3,5.6,2.3,2.0,3.0,No,Yes,Unknown,0
15.0,Male,College,Medium,Yes,11.8,7.1,3.0,1.0,2.0,No,Yes,Math,0
16.0,Male,College,High,Yes,7.8,8.3,4.8,3.0,4.0,No,No,History,0
16.0,Male,College,Medium,Yes,15.4,6.3,6.2,3.0,1.0,Yes,Yes,English,0
14.0,Male,Postgrad,High,Yes,10.3,8.6,5.8,5.0,5.0,Yes,Yes,Science,0
16.0,Male,Postgrad,Medium,Yes,12.4,6.8,1.1,1.0,4.0,Yes,Yes,Unknown,0
14.0,Female,No formal,High,Yes,11.5,7.2,2.8,3.0,4.0,Yes,Yes,Science,0
16.0,Male,High school,Low,Yes,9.2,10.2,4.5,3.0,3.0,No,Yes,English,0
14.0,Female,No formal,Medium,No,15.2,8.3,3.4,1.0,4.0,No,Yes,Math,0
12.0,Female,College,Medium,Yes,12.3,7.2,4.3,1.0,1.0,Yes,Yes,Unknown,0
18.0,Female,College,High,Yes,9.4,7.3,2.3,2.0,1.0,Yes,Yes,History,0
13.0,Female,High school,Low,No,10.9,6.8,3.2,4.0,3.0,Yes,Yes,Science,0
14.0,Female,College,High,Yes,8.5,7.7,2.6,1.0,5.0,No,Yes,Math,0
16.0,Male,College,High,No,13.9,7.0,3.2,3.0,2.0,Yes,Yes,History,0
15.0,Male,College,High,Yes,4.6,8.3,1.5,4.0,3.0,Yes,Yes,Science,0
17.0,Prefer not to say,College,High,Yes,15.6,5.7,2.0,4.0,1.0,Yes,Yes,Science,0
18.0,Male,Postgrad,Medium,Yes,13.0,9.5,1.7,3.0,4.0,Yes,Yes,Science,0
13.0,Female,College,Medium,No,15.4,8.4,6.0,1.0,2.0,Yes,Yes,History,0
15.0,Male,High school,Medium,No,12.5,6.6,2.9,5.0,1.0,Yes,No,Science,0
13.0,Female,College,Medium,Yes,10.7,7.7,3.8,5.0,1.0,Yes,Yes,English,0
12.0,Male,High school,High,No,8.7,5.2,2.6,2.0,1.0,Yes,Yes,Science,0
16.0,Male,No formal,Medium,Yes,13.5,7.6,3.0,3.0,5.0,Yes,No,Math,0
15.0,Male,High school,Medium,Yes,13.1,8.9,3.5,4.0,1.0,Yes,Yes,History,0
13.0,Male,College,Low,Yes,7.5,7.2,2.4,4.0,1.0,Yes,Yes,Geography,0
15.0,Female,College,Medium,Yes,9.0,6.0,2.4,4.0,3.0,No,Yes,History,0
14.0,Prefer not to say,High school,Medium,Yes,13.1,6.8,6.4,2.0,1.0,No,Yes,Geography,0
15.0,Female,Postgrad,Medium,No,13.8,7.4,3.5,3.0,2.0,Yes,Yes,Math,0
15.0,Male,College,Low,Yes,8.9,8.2,5.4,3.0,3.0,Yes,Yes,Math,0
16.0,Female,High school,Low,Yes,11.6,7.8,2.1,5.0,3.0,Yes,Yes,Science,0
16.0,Male,Postgrad,Medium,No,17.7,5.5,7.2,5.0,1.0,No,Yes,History,0
18.0,Female,High school,Medium,Yes,15.4,7.9,6.1,2.0,1.0,Yes,Yes,History,0
17.0,Female,Postgrad,High,Yes,16.8,10.3,3.7,5.0,4.0,No,Yes,Science,0
14.0,Male,High school,Low,No,15.6,7.9,4.2,1.0,1.0,Yes,Yes,Math,0
15.0,Female,College,Medium,Yes,8.0,7.1,3.8,2.0,1.0,Yes,Yes,Math,0
13.0,Female,High school,High,Yes,9.5,8.5,1.8,4.0,2.0,Yes,Yes,Math,0
17.0,Female,College,Low,Yes,15.0,7.9,3.5,3.0,5.0,No,Yes,Science,0
14.0,Male,High school,Medium,No,14.4,8.0,2.0,3.0,1.0,Yes,No,English,0
16.0,Female,Postgrad,Low,Yes,11.7,7.0,3.3,2.0,3.0,No,Yes,Science,0
18.0,Female,College,Medium,Yes,11.9,6.9,5.7,5.0,5.0,Yes,Yes,Science,0
16.0,Male,Postgrad,Medium,No,16.3,7.9,4.7,1.0,2.0,Yes,Yes,Math,0
15.0,Female,College,Medium,No,9.4,9.6,4.4,2.0,4.0,Yes,Yes,Math,0
13.0,Female,College,High,Yes,7.3,7.1,1.4,3.0,2.0,Yes,Yes,Science,0
17.0,Male,College,Medium,Yes,10.5,8.7,5.5,4.0,2.0,No,Yes,Math,0
13.0,Female,Postgrad,Low,Yes,10.3,7.2,3.3,4.0,2.0,Yes,Yes,Math,0
17.0,Female,College,Low,Yes,9.3,6.5,3.4,5.0,5.0,No,Yes,Science,0
15.0,Male,High school,Low,Yes,15.2,8.2,2.7,4.0,5.0,Yes,Yes,Science,0
13.0,Female,High school,Medium,Yes,9.5,7.7,2.1,2.0,4.0,No,Yes,Geography,0
16.0,Female,Postgrad,Medium,Yes,13.9,7.1,2.7,5.0,2.0,Yes,Yes,Science,0
17.0,Male,No formal,Medium,No,13.3,7.2,4.1,5.0,5.0,Yes,Yes,Math,0
17.0,Female,College,Low,Yes,7.2,7.5,2.9,4.0,2.0,Yes,Yes,Unknown,0
16.0,Male,College,Medium,Yes,12.2,6.6,2.9,3.0,1.0,Yes,Yes,Math,0
17.0,Female,College,High,Yes,19.8,7.1,3.6,5.0,3.0,Yes,Yes,History,0
18.0,Male,Postgrad,Low,Yes,17.3,7.3,1.7,2.0,4.0,Yes,No,English,0
12.0,Female,High school,High,Yes,7.7,8.2,4.3,4.0,5.0,Yes,Yes,Science,0
15.0,Male,College,Low,Yes,12.3,7.6,2.3,4.0,1.0,Yes,Yes,Science,0
12.0,Female,College,High,Yes,6.9,8.1,4.1,2.0,4.0,Yes,Yes,Science,0
13.0,Male,No formal,High,Yes,13.9,9.7,3.2,2.0,3.0,No,Yes,Science,0
12.0,Female,College,Low,Yes,8.1,8.1,1.2,5.0,2.0,Yes,Yes,History,0
18.0,Female,Postgrad,Medium,Yes,15.7,7.2,4.0,4.0,3.0,No,Yes,Science,0
18.0,Female,College,High,Yes,11.5,8.5,2.7,3.0,1.0,Yes,Yes,Science,0
18.0,Female,No formal,High,Yes,14.8,7.5,4.4,4.0,1.0,No,Yes,Unknown,0
15.0,Female,Postgrad,High,Yes,13.4,7.1,1.9,5.0,5.0,Yes,Yes,Geography,0
16.0,Male,High school,Medium,No,16.7,7.9,4.9,2.0,2.0,Yes,Yes,Geography,0
13.0,Female,High school,Low,Yes,15.3,6.2,6.6,1.0,2.0,No,Yes,English,0
18.0,Female,College,Low,No,17.5,7.4,2.0,2.0,3.0,Yes,Yes,Science,0
18.0,Male,High school,Low,Yes,11.1,7.4,1.0,3.0,1.0,Yes,Yes,Geography,0
16.0,Female,College,Low,No,14.7,5.7,2.1,4.0,5.0,Yes,Yes,Science,0
12.0,Male,High school,Medium,Yes,11.8,8.9,3.7,4.0,5.0,Yes,Yes,English,0
14.0,Male,College,Low,No,9.8,7.5,4.4,5.0,5.0,Yes,Yes,Unknown,0
14.0,Male,College,Medium,No,9.3,8.8,3.4,3.0,1.0,Yes,Yes,Science,0
17.0,Female,No formal,Low,No,14.8,6.7,4.0,3.0,5.0,Yes,Yes,Geography,0
13.0,Female,High school,Medium,Yes,12.2,7.4,4.2,5.0,4.0,Yes,No,English,0
15.0,Female,Postgrad,Medium,Yes,4.8,7.0,2.2,3.0,5.0,Yes,Yes,History,0
16.0,Male,High school,Low,Yes,11.8,6.7,3.3,1.0,1.0,Yes,Yes,Math,0
16.0,Male,College,Medium,Yes,13.1,7.6,5.2,4.0,5.0,Yes,Yes,Unknown,0
14.0,Female,College,High,Yes,8.5,7.3,3.4,5.0,2.0,Yes,Yes,History,0
16.0,Female,Postgrad,Low,No,15.5,5.6,4.7,3.0,5.0,Yes,Yes,Math,0
16.0,Prefer not to say,Postgrad,Low,Yes,10.5,9.0,2.3,3.0,3.0,Yes,Yes,English,0
15.0,Female,No formal,High,No,14.8,7.2,2.9,1.0,1.0,Yes,Yes,Unknown,0
16.0,Female,College,Low,No,9.4,6.3,4.7,5.0,5.0,Yes,Yes,English,0
12.0,Female,College,Low,Yes,10.4,8.7,2.8,4.0,2.0,No,Yes,Math,0
12.0,Male,High school,Low,No,6.9,7.2,5.1,2.0,5.0,No,Yes,English,0
16.0,Female,College,Medium,Yes,3.1,6.5,4.1,4.0,4.0,No,Yes,Math,0
15.0,Male,High school,Medium,No,10.5,7.6,7.2,5.0,2.0,Yes,Yes,History,0
13.0,Prefer not to say,Postgrad,High,No,7.6,7.8,4.8,1.0,3.0,Yes,Yes,Science,0
15.0,Male,College,Medium,No,15.4,7.6,3.2,1.0,2.0,Yes,Yes,English,0
12.0,Female,Postgrad,High,Yes,8.8,9.1,4.7,2.0,2.0,No,Yes,Geography,0
17.0,Female,College,High,No,13.5,8.3,5.3,4.0,1.0,Yes,Yes,Math,0
17.0,Male,No formal,Medium,Yes,5.9,8.4,7.6,3.0,3.0,Yes,Yes,Math,0
13.0,Female,College,High,Yes,5.1,6.4,5.0,5.0,4.0,Yes,No,Unknown,0
18.0,Male,High school,Medium,Yes,18.4,8.0,1.5,3.0,3.0,Yes,Yes,Science,0
15.0,Female,College,Low,No,12.8,5.8,4.8,3.0,4.0,No,No,Geography,0
15.0,Female,High school,Medium,No,10.0,9.1,1.9,5.0,4.0,Yes,Yes,Science,0
16.0,Female,College,Medium,Yes,9.8,6.2,4.9,5.0,4.0,No,Yes,English,0
14.0,Male,College,Low,Yes,11.4,6.9,7.8,3.0,4.0,Yes,Yes,Math,0
12.0,Male,College,High,Yes,3.6,7.1,4.3,5.0,1.0,No,Yes,History,0
13.0,Male,College,Low,No,11.9,7.2,4.4,4.0,4.0,No,Yes,History,0
16.0,Female,College,Medium,Yes,9.5,6.5,2.2,4.0,4.0,Yes,Yes,Science,0
17.0,Male,College,Low,No,8.1,9.1,1.4,3.0,4.0,Yes,Yes,Math,0
14.0,Female,Postgrad,Medium,No,17.8,8.0,4.3,1.0,5.0,Yes,Yes,Science,0
15.0,Female,College,Medium,Yes,17.4,7.4,4.3,4.0,1.0,Yes,Yes,Geography,0
15.0,Female,High school,High,Yes,7.5,6.6,4.2,5.0,2.0,Yes,Yes,Math,0
18.0,Female,College,Medium,Yes,20.4,7.4,4.2,4.0,4.0,Yes,Yes,Unknown,0
13.0,Female,College,Low,No,12.2,7.2,3.2,4.0,2.0,Yes,Yes,English,0
16.0,Male,Postgrad,Medium,Yes,13.8,9.7,2.3,3.0,2.0,Yes,Yes,Math,0
12.0,Female,High school,Medium,Yes,5.8,9.9,3.7,1.0,2.0,Yes,Yes,Unknown,0
14.0,Prefer not to say,No formal,High,Yes,12.3,7.9,2.3,1.0,1.0,Yes,Yes,Math,0
18.0,Male,High school,Medium,Yes,10.7,8.6,3.9,2.0,5.0,No,Yes,Geography,0
17.0,Female,No formal,High,Yes,14.6,9.2,5.4,2.0,1.0,Yes,Yes,Science,0
15.0,Female,Postgrad,Low,Yes,12.4,7.2,3.8,5.0,3.0,Yes,Yes,Geography,0
12.0,Female,No formal,High,Yes,9.8,6.6,5.7,1.0,1.0,No,Yes,Science,0
13.0,Male,High school,Low,Yes,15.1,6.3,3.6,3.0,5.0,Yes,Yes,Science,0
16.0,Female,High school,High,Yes,17.0,7.1,4.9,4.0,3.0,Yes,Yes,English,0
12.0,Female,High school,High,Yes,15.8,6.8,3.5,3.0,3.0,Yes,Yes,Math,0
12.0,Male,No formal,Medium,No,4.0,8.6,6.7,3.0,1.0,No,Yes,Math,0
15.0,Male,No formal,Low,Yes,6.4,6.7,4.9,1.0,2.0,No,Yes,Science,0
18.0,Female,High school,Medium,Yes,17.0,8.1,3.0,5.0,2.0,Yes,Yes,Unknown,0
17.0,Male,College,Medium,Yes,8.9,9.1,4.6,2.0,1.0,Yes,Yes,Unknown,0
13.0,Female,College,Medium,No,12.5,7.5,3.2,2.0,1.0,No,Yes,Math,0
14.0,Male,Postgrad,Medium,Yes,9.8,5.8,5.1,5.0,1.0,Yes,Yes,Math,0
12.0,Male,College,Low,No,7.4,6.9,3.9,3.0,5.0,Yes,Yes,History,0
13.0,Male,Postgrad,High,Yes,14.8,6.9,3.6,2.0,1.0,Yes,Yes,Math,0
16.0,Female,High school,Low,Yes,10.6,6.8,2.0,1.0,5.0,No,Yes,Geography,0
13.0,Female,Postgrad,Low,Yes,13.3,11.1,5.3,1.0,3.0,Yes,Yes,English,0
16.0,Male,College,Medium,Yes,13.8,6.5,2.9,3.0,3.0,Yes,Yes,Science,0
17.0,Female,College,Medium,Yes,11.6,5.8,3.4,3.0,5.0,No,Yes,Science,0
18.0,Male,No formal,High,Yes,13.6,7.7,6.1,2.0,3.0,Yes,Yes,English,0
17.0,Female,No formal,Medium,Yes,12.1,8.8,5.5,4.0,4.0,Yes,Yes,Math,0
15.0,Female,College,Medium,No,5.8,8.3,3.8,2.0,1.0,Yes,Yes,History,0
14.0,Male,College,High,Yes,11.5,9.1,2.4,5.0,2.0,Yes,Yes,Math,0
16.0,Female,High school,Medium,Yes,15.8,8.2,2.7,2.0,3.0,No,Yes,English,0
12.0,Female,High school,Medium,No,7.7,9.3,4.3,2.0,5.0,Yes,Yes,Science,0
18.0,Female,High school,Medium,Yes,9.6,5.7,3.7,1.0,5.0,No,Yes,Math,0
15.0,Female,High school,Medium,Yes,9.1,7.2,3.6,3.0,4.0,No,Yes,Math,0
12.0,Female,High school,High,Yes,10.7,7.5,5.7,1.0,2.0,Yes,No,Science,0
12.0,Prefer not to say,Postgrad,High,Yes,9.2,7.2,2.1,1.0,5.0,Yes,Yes,Math,0
14.0,Male,High school,High,Yes,14.1,7.4,1.4,5.0,5.0,Yes,Yes,English,0
14.0,Prefer not to say,College,High,Yes,9.7,8.0,2.7,5.0,4.0,Yes,Yes,Math,0
14.0,Male,College,High,Yes,7.9,7.9,2.9,2.0,2.0,Yes,Yes,Math,0
14.0,Male,No formal,Low,Yes,11.1,7.5,3.1,3.0,2.0,No,Yes,Math,0
17.0,Male,College,Medium,Yes,13.0,8.0,5.1,4.0,1.0,Yes,Yes,Science,0
16.0,Female,Postgrad,High,Yes,11.7,8.7,2.9,2.0,3.0,Yes,Yes,English,0
18.0,Male,College,High,Yes,8.5,8.8,4.5,3.0,2.0,Yes,Yes,Science,0
12.0,Female,High school,Low,Yes,10.2,6.7,1.9,1.0,2.0,Yes,Yes,Science,0
16.0,Female,College,Medium,Yes,15.2,6.9,2.1,4.0,1.0,Yes,Yes,History,0
14.0,Female,High school,Medium,Yes,9.6,8.6,5.1,5.0,2.0,Yes,Yes,Science,0
16.0,Female,High school,Low,Yes,12.0,6.3,3.6,2.0,3.0,Yes,Yes,Unknown,0
12.0,Female,No formal,Medium,Yes,12.8,6.4,4.5,2.0,4.0,Yes,Yes,Science,0
15.0,Male,High school,Low,No,7.8,9.1,3.0,1.0,3.0,Yes,Yes,English,0
16.0,Male,High school,Medium,Yes,15.3,9.5,1.4,2.0,3.0,No,Yes,Unknown,0
15.0,Male,College,Low,No,19.1,7.8,3.8,1.0,3.0,Yes,Yes,Geography,0
16.0,Male,High school,Medium,No,11.1,6.4,1.9,3.0,4.0,Yes,Yes,Geography,0
13.0,Female,College,High,Yes,11.2,7.0,5.0,2.0,3.0,Yes,Yes,English,0
17.0,Male,College,High,No,16.3,8.4,4.2,5.0,2.0,Yes,Yes,Science,0
16.0,Male,College,Low,Yes,7.8,7.8,5.1,5.0,1.0,Yes,Yes,Science,0
17.0,Male,College,Low,No,15.8,7.6,1.4,5.0,2.0,No,Yes,Math,0
15.0,Male,College,High,Yes,10.1,6.9,3.8,5.0,3.0,No,Yes,History,0
15.0,Male,College,Medium,Yes,12.7,7.1,3.4,4.0,1.0,Yes,Yes,English,0
14.0,Female,High school,Low,Yes,12.9,5.8,2.0,4.0,3.0,Yes,Yes,Math,0
16.0,Female,High school,Medium,Yes,12.4,8.5,4.1,2.0,4.0,No,Yes,Science,0
18.0,Male,No formal,High,No,16.0,7.8,6.7,4.0,1.0,Yes,Yes,Science,0
13.0,Female,College,Low,No,16.6,7.0,2.4,3.0,5.0,Yes,Yes,Math,0
16.0,Male,College,High,No,12.2,6.7,4.0,3.0,2.0,Yes,Yes,Math,0
15.0,Female,Postgrad,Low,No,8.6,9.2,2.4,1.0,4.0,Yes,Yes,English,0
13.0,Female,College,Low,Yes,7.9,8.8,2.4,5.0,2.0,Yes,Yes,Science,0
18.0,Female,College,Medium,No,14.7,5.9,2.0,1.0,4.0,Yes,Yes,English,0
16.0,Female,Postgrad,High,Yes,14.3,6.6,2.6,2.0,1.0,Yes,Yes,Unknown,0
16.0,Female,College,Medium,No,12.5,6.9,3.8,2.0,2.0,No,Yes,History,0
14.0,Female,High school,Medium,No,11.6,5.7,6.4,1.0,2.0,Yes,Yes,Unknown,0
14.0,Female,College,Medium,Yes,10.1,6.9,7.3,3.0,4.0,Yes,Yes,Unknown,0
17.0,Male,College,Medium,Yes,16.7,9.1,4.1,4.0,2.0,Yes,Yes,History,0
15.0,Female,College,High,Yes,13.8,8.4,3.0,2.0,2.0,Yes,Yes,Science,0
17.0,Male,High school,High,Yes,12.6,5.5,4.3,5.0,2.0,Yes,Yes,English,0
16.0,Male,College,Medium,No,13.8,7.0,3.6,4.0,1.0,Yes,Yes,Math,0
15.0,Female,High school,Medium,No,12.8,8.1,2.1,3.0,1.0,Yes,Yes,History,0
16.0,Male,College,Medium,Yes,15.6,7.4,1.0,2.0,1.0,No,Yes,Science,0
15.0,Female,High school,Medium,No,13.1,8.7,5.3,5.0,4.0,Yes,Yes,Science,0
13.0,Female,High school,Low,Yes,10.4,9.1,3.8,1.0,1.0,Yes,Yes,English,0
18.0,Male,High school,Low,Yes,8.6,6.9,4.7,4.0,3.0,No,Yes,Math,0
12.0,Female,College,Medium,No,9.1,6.8,3.0,5.0,2.0,No,Yes,Science,0
16.0,Male,High school,Medium,Yes,5.4,7.6,1.8,5.0,5.0,Yes,Yes,Math,0
18.0,Male,High school,Low,Yes,11.8,5.4,1.8,5.0,2.0,Yes,Yes,History,0
13.0,Female,High school,Medium,No,9.4,6.3,4.8,5.0,2.0,No,No,Science,0
13.0,Female,High school,High,Yes,6.6,7.7,2.4,4.0,4.0,Yes,No,English,0
18.0,Male,College,Medium,Yes,15.8,8.0,2.1,5.0,3.0,No,Yes,English,0
12.0,Male,College,High,Yes,6.5,6.0,3.5,1.0,4.0,Yes,Yes,Science,0
17.0,Prefer not to say,College,Medium,No,14.2,7.9,3.9,2.0,3.0,Yes,Yes,Science,0
17.0,Prefer not to say,High school,Medium,Yes,11.3,7.5,1.9,5.0,4.0,Yes,Yes,Math,0
17.0,Male,College,Medium,No,14.4,8.6,5.5,3.0,3.0,Yes,Yes,Science,0
12.0,Male,High school,Medium,Yes,6.8,10.0,1.6,1.0,4.0,Yes,No,Math,0
15.0,Female,College,Medium,Yes,10.9,6.9,2.8,5.0,5.0,Yes,Yes,Science,0
15.0,Male,College,High,No,8.5,5.9,2.6,2.0,3.0,No,Yes,Science,0
15.0,Female,High school,Medium,Yes,8.9,8.3,4.2,2.0,2.0,Yes,Yes,Unknown,0
15.0,Male,High school,Low,Yes,13.1,6.0,4.7,1.0,5.0,No,Yes,History,0
16.0,Female,College,Medium,Yes,15.5,9.1,1.1,3.0,1.0,Yes,Yes,Math,0
17.0,Female,College,Low,Yes,13.2,6.0,4.6,2.0,3.0,No,No,Unknown,0
18.0,Female,College,Medium,Yes,10.5,7.2,2.7,5.0,1.0,Yes,Yes,Math,0
16.0,Female,High school,Medium,No,14.3,7.6,6.5,4.0,1.0,Yes,Yes,English,0
15.0,Male,Postgrad,High,No,17.6,6.9,4.1,3.0,5.0,Yes,Yes,Unknown,0
12.0,Male,College,Medium,Yes,5.4,8.5,2.1,5.0,4.0,Yes,Yes,Science,0
18.0,Male,College,Medium,Yes,11.9,9.0,3.1,3.0,3.0,Yes,Yes,Math,0
18.0,Male,No formal,Low,Yes,13.6,8.3,1.6,2.0,1.0,No,Yes,Unknown,0
14.0,Male,High school,Medium,No,9.8,7.4,5.5,5.0,1.0,Yes,Yes,Unknown,0
12.0,Prefer not to say,College,High,Yes,11.6,5.7,6.3,1.0,4.0,No,Yes,Math,0
17.0,Female,High school,Low,No,6.5,7.9,5.3,4.0,3.0,Yes,Yes,Geography,0
12.0,Prefer not to say,No formal,Medium,No,9.5,9.5,3.9,4.0,1.0,No,Yes,Unknown,0
13.0,Female,High school,Medium,Yes,9.5,5.5,2.9,5.0,2.0,Yes,No,Science,0
17.0,Male,High school,Low,Yes,12.7,8.4,2.7,2.0,3.0,Yes,Yes,Unknown,0
16.0,Female,High school,Medium,Yes,7.5,7.6,5.0,3.0,3.0,No,Yes,Science,0
14.0,Female,College,Low,Yes,9.8,7.3,5.4,3.0,2.0,Yes,Yes,Math,0
17.0,Female,College,High,Yes,15.9,5.9,3.1,5.0,3.0,Yes,Yes,Math,0
17.0,Female,College,Low,Yes,13.9,7.0,3.5,5.0,5.0,No,Yes,Geography,0
15.0,Male,College,Medium,Yes,13.3,7.3,4.5,1.0,4.0,Yes,Yes,Science,0
14.0,Male,College,Medium,Yes,14.2,7.3,2.3,5.0,3.0,Yes,Yes,Science,0
13.0,Male,College,Low,Yes,10.2,10.2,4.8,3.0,1.0,Yes,Yes,English,0
14.0,Male,No formal,High,Yes,8.1,6.7,6.5,3.0,2.0,Yes,Yes,English,0
17.0,Female,Postgrad,Medium,Yes,8.2,6.7,1.0,2.0,2.0,No,Yes,History,0
14.0,Female,High school,Medium,No,12.8,5.8,1.4,5.0,4.0,Yes,Yes,English,0
18.0,Female,High school,Medium,Yes,12.1,7.4,5.9,3.0,3.0,Yes,Yes,Unknown,0
12.0,Male,No formal,High,Yes,10.0,8.2,5.0,3.0,5.0,Yes,Yes,Science,0
16.0,Female,High school,High,Yes,13.1,6.7,5.7,5.0,2.0,Yes,Yes,Science,0
17.0,Female,High school,Medium,Yes,12.0,7.8,3.0,5.0,5.0,Yes,Yes,Unknown,0
13.0,Male,High school,Low,No,10.2,9.8,4.0,4.0,5.0,Yes,No,Math,0
17.0,Female,College,Medium,Yes,15.9,7.8,4.0,2.0,4.0,No,No,Science,0
13.0,Female,College,High,Yes,10.9,7.9,1.2,4.0,3.0,Yes,No,Unknown,0
15.0,Female,No formal,Medium,No,13.8,7.8,2.9,5.0,3.0,Yes,Yes,Math,0
18.0,Female,Postgrad,Medium,No,16.7,8.2,2.9,1.0,1.0,No,Yes,English,0
17.0,Male,College,High,Yes,5.7,7.4,2.5,5.0,1.0,Yes,No,Science,0
14.0,Male,High school,Low,Yes,6.3,5.2,1.0,2.0,1.0,Yes,Yes,Science,0
16.0,Female,College,High,Yes,19.1,8.9,5.3,5.0,3.0,No,Yes,History,0
13.0,Female,College,Medium,No,9.7,7.5,3.2,2.0,2.0,No,Yes,Math,0
15.0,Female,College,Low,No,6.3,6.7,1.0,4.0,2.0,No,Yes,Unknown,0
17.0,Female,Postgrad,Medium,Yes,10.4,7.2,3.1,1.0,5.0,Yes,Yes,English,0
17.0,Female,No formal,Medium,Yes,14.9,8.4,3.9,2.0,3.0,Yes,Yes,Math,0
12.0,Female,No formal,Medium,No,7.8,7.7,6.2,2.0,5.0,Yes,Yes,Math,0
17.0,Female,No formal,Medium,Yes,14.0,7.8,3.9,5.0,5.0,Yes,No,History,0
16.0,Male,College,High,Yes,16.9,8.1,5.2,1.0,3.0,Yes,Yes,Science,0
17.0,Prefer not to say,College,Medium,Yes,15.1,6.9,5.4,2.0,5.0,Yes,Yes,Science,0
14.0,Male,High school,High,Yes,13.8,6.6,4.2,3.0,2.0,Yes,Yes,History,0
16.0,Female,College,Medium,Yes,5.9,7.8,2.3,4.0,4.0,Yes,Yes,History,0
12.0,Male,Postgrad,Medium,No,13.2,7.0,3.9,2.0,4.0,Yes,Yes,Math,0
17.0,Male,College,Medium,Yes,5.8,7.7,1.5,3.0,2.0,No,No,Math,0
18.0,Female,Postgrad,Medium,Yes,4.8,6.6,2.9,3.0,5.0,Yes,Yes,Science,0
17.0,Male,College,Medium,No,9.2,6.5,2.0,3.0,4.0,Yes,Yes,History,0
18.0,Male,College,Low,Yes,16.6,7.5,5.6,1.0,2.0,No,Yes,Math,0
13.0,Female,College,Medium,Yes,4.1,8.9,3.5,3.0,5.0,Yes,Yes,Math,0
12.0,Male,High school,Medium,Yes,5.1,9.6,2.1,3.0,2.0,Yes,Yes,Math,0
16.0,Female,Postgrad,Low,Yes,5.6,7.3,3.8,2.0,2.0,No,Yes,Science,0
13.0,Female,College,Low,No,10.3,8.6,7.5,4.0,1.0,Yes,Yes,Science,0
14.0,Male,High school,Medium,Yes,9.9,9.5,5.8,2.0,1.0,No,No,English,0
17.0,Female,No formal,High,Yes,9.5,8.2,4.1,5.0,1.0,Yes,Yes,Math,0
17.0,Prefer not to say,High school,Low,Yes,10.7,7.2,3.6,3.0,1.0,Yes,Yes,History,0
18.0,Female,High school,High,No,10.1,7.1,2.8,1.0,1.0,Yes,Yes,History,0
13.0,Male,Postgrad,Medium,Yes,18.0,6.3,5.7,2.0,2.0,Yes,Yes,Geography,0
17.0,Female,College,Medium,No,13.7,7.2,3.6,5.0,4.0,Yes,Yes,Math,0
13.0,Female,High school,High,Yes,7.5,6.8,1.0,2.0,3.0,Yes,Yes,Science,0
12.0,Female,College,Medium,Yes,4.7,8.2,3.3,1.0,3.0,No,Yes,Math,0
16.0,Female,High school,Medium,No,10.9,6.0,5.1,5.0,5.0,Yes,Yes,History,0
13.0,Prefer not to say,Postgrad,Medium,Yes,10.1,6.5,2.9,5.0,3.0,No,Yes,Math,0
14.0,Male,Postgrad,Low,Yes,9.6,7.4,2.8,2.0,5.0,Yes,Yes,English,0
15.0,Female,College,High,No,6.2,6.9,6.8,4.0,1.0,Yes,Yes,Science,0
17.0,Male,High school,Low,Yes,7.6,7.3,2.3,1.0,1.0,Yes,Yes,Math,0
17.0,Male,College,Medium,No,9.3,6.8,4.4,5.0,4.0,Yes,Yes,Math,0
14.0,Female,College,Medium,Yes,12.0,6.9,3.9,4.0,1.0,Yes,Yes,History,0
15.0,Male,High school,High,Yes,10.7,8.5,5.8,4.0,5.0,No,Yes,Math,0
17.0,Female,Postgrad,High,No,13.8,7.5,3.8,5.0,1.0,No,Yes,Science,0
13.0,Prefer not to say,No formal,High,No,9.3,6.5,3.5,2.0,2.0,Yes,Yes,History,0
12.0,Female,College,Low,Yes,7.5,8.5,2.1,2.0,1.0,Yes,Yes,Math,0
12.0,Female,College,Medium,Yes,10.3,8.9,2.6,3.0,4.0,Yes,Yes,English,0
14.0,Female,High school,Medium,No,7.3,6.0,1.7,4.0,4.0,No,Yes,Science,0
12.0,Male,High school,High,Yes,10.0,7.4,2.3,2.0,5.0,No,Yes,Math,0
18.0,Female,College,Medium,Yes,16.0,7.5,2.5,3.0,2.0,Yes,Yes,History,0
15.0,Male,College,Medium,Yes,17.0,5.4,7.8,2.0,1.0,Yes,Yes,Math,0
13.0,Male,College,Low,Yes,13.3,8.8,2.6,1.0,4.0,No,No,Science,0
14.0,Female,Postgrad,Medium,No,12.6,5.8,5.7,5.0,1.0,Yes,Yes,Science,0
18.0,Male,Postgrad,Medium,Yes,10.9,8.1,5.6,3.0,4.0,No,Yes,Science,0
13.0,Male,High school,Medium,No,12.1,8.0,4.8,5.0,4.0,Yes,Yes,History,0
18.0,Prefer not to say,College,High,Yes,12.7,7.1,7.5,2.0,1.0,Yes,Yes,English,0
13.0,Female,College,Low,No,10.8,8.8,6.9,3.0,4.0,Yes,Yes,English,0
17.0,Male,College,Medium,No,12.0,8.0,3.8,5.0,4.0,Yes,Yes,History,0
18.0,Female,College,Low,Yes,13.4,6.2,4.7,4.0,2.0,No,Yes,Science,0
17.0,Male,Postgrad,High,Yes,14.9,7.1,4.1,2.0,1.0,No,Yes,History,0
18.0,Prefer not to say,College,High,Yes,14.7,8.5,5.2,2.0,3.0,No,Yes,Math,0
13.0,Male,High school,Medium,Yes,10.7,6.8,4.2,3.0,2.0,Yes,Yes,English,0
12.0,Female,No formal,Medium,Yes,5.6,7.4,3.5,4.0,5.0,Yes,No,Math,0
17.0,Male,College,Medium,No,12.0,7.7,4.2,1.0,5.0,Yes,Yes,Geography,0
18.0,Female,College,High,Yes,13.2,6.6,2.6,5.0,5.0,Yes,Yes,Math,0
13.0,Female,Postgrad,Low,Yes,9.1,7.1,4.7,4.0,4.0,Yes,Yes,Math,0
16.0,Female,Postgrad,Medium,No,15.4,8.9,2.2,1.0,3.0,Yes,Yes,Geography,0
12.0,Male,Postgrad,Medium,Yes,7.6,6.9,4.5,1.0,5.0,Yes,Yes,Science,0
16.0,Female,College,Low,Yes,13.3,7.4,4.0,5.0,3.0,Yes,Yes,English,0
12.0,Female,High school,High,Yes,6.7,7.3,1.0,5.0,5.0,Yes,Yes,English,0
16.0,Male,High school,Low,Yes,4.1,8.2,5.6,1.0,5.0,Yes,Yes,English,0
12.0,Male,High school,Medium,Yes,11.0,7.1,3.8,1.0,2.0,Yes,Yes,Math,0
18.0,Male,Postgrad,Low,No,10.0,6.4,2.9,3.0,3.0,No,Yes,Science,0
16.0,Female,College,Low,Yes,10.5,9.6,7.1,3.0,5.0,Yes,Yes,Math,0
16.0,Female,No formal,High,Yes,14.9,6.5,7.2,5.0,1.0,Yes,No,Science,0
14.0,Male,College,Low,No,16.7,9.4,5.2,4.0,3.0,Yes,Yes,Geography,0
15.0,Female,College,Medium,Yes,17.6,7.2,5.7,4.0,1.0,No,Yes,Geography,0
15.0,Male,No formal,Medium,Yes,10.2,6.7,3.7,4.0,2.0,Yes,Yes,English,0
13.0,Female,College,High,Yes,10.8,7.8,3.6,5.0,1.0,Yes,No,Math,0
16.0,Female,College,Medium,Yes,15.9,8.0,1.5,4.0,3.0,No,No,Math,0
12.0,Male,College,Medium,No,15.0,8.7,2.5,4.0,3.0,No,Yes,Science,0
17.0,Male,High school,Low,No,8.2,8.5,5.0,1.0,1.0,Yes,Yes,Math,0
15.0,Male,High school,Medium,No,10.6,9.0,4.2,2.0,5.0,Yes,Yes,Math,0
13.0,Female,High school,Low,Yes,11.7,6.6,4.4,5.0,1.0,Yes,Yes,Science,0
14.0,Female,Postgrad,Low,No,8.9,6.2,5.9,2.0,5.0,Yes,No,History,0
15.0,Female,High school,Medium,Yes,14.7,6.0,2.5,1.0,1.0,Yes,Yes,Science,0
17.0,Male,College,Low,Yes,11.2,7.0,3.6,4.0,2.0,Yes,Yes,English,0
13.0,Male,No formal,Medium,Yes,12.6,7.5,4.0,4.0,3.0,Yes,Yes,Science,0
18.0,Female,College,Low,No,8.4,8.4,5.3,2.0,1.0,No,Yes,Science,0
17.0,Male,College,High,Yes,10.7,9.1,2.0,5.0,2.0,Yes,Yes,History,0
13.0,Female,Postgrad,Medium,Yes,12.3,7.1,6.2,5.0,2.0,Yes,Yes,English,0
14.0,Female,College,Medium,No,12.3,7.2,4.2,4.0,3.0,Yes,Yes,English,0
16.0,Male,No formal,Medium,No,16.9,7.1,5.1,5.0,1.0,Yes,Yes,Unknown,0
17.0,Male,College,Medium,Yes,18.8,6.5,3.3,3.0,1.0,Yes,Yes,Unknown,0
15.0,Female,High school,High,Yes,10.6,8.5,4.6,5.0,1.0,Yes,Yes,Math,0
15.0,Female,High school,Medium,Yes,11.8,7.2,4.6,4.0,1.0,Yes,Yes,Math,0
18.0,Male,Postgrad,High,Yes,17.7,6.1,5.3,1.0,5.0,Yes,Yes,Science,0
16.0,Female,High school,Low,Yes,15.9,9.1,4.5,1.0,2.0,Yes,No,History,0
18.0,Female,College,Low,Yes,10.9,7.6,3.9,5.0,5.0,Yes,Yes,Science,0
16.0,Female,Postgrad,Medium,Yes,10.3,5.2,3.9,5.0,1.0,No,Yes,Math,0
15.0,Female,High school,Medium,Yes,19.3,8.9,3.7,1.0,3.0,Yes,Yes,Math,0
14.0,Male,College,Low,Yes,8.2,7.3,4.5,1.0,2.0,Yes,Yes,Math,0
16.0,Female,High school,High,Yes,13.9,6.9,2.1,4.0,5.0,Yes,Yes,English,0
17.0,Female,High school,Medium,Yes,17.1,6.7,4.3,5.0,5.0,Yes,Yes,History,0
13.0,Male,College,Medium,Yes,7.5,6.1,3.1,1.0,3.0,No,Yes,Science,0
16.0,Male,College,Medium,Yes,7.6,7.7,3.0,3.0,5.0,Yes,No,Science,0
12.0,Female,High school,Medium,Yes,7.7,6.2,7.1,3.0,4.0,Yes,No,Math,0
14.0,Male,College,Medium,Yes,12.5,7.8,3.6,1.0,2.0,Yes,Yes,Unknown,0
13.0,Male,College,High,Yes,12.8,6.8,3.5,5.0,1.0,Yes,Yes,History,0
16.0,Female,College,High,No,18.7,7.8,4.2,4.0,4.0,Yes,Yes,Science,0
15.0,Male,College,Low,Yes,12.7,7.4,2.8,2.0,4.0,No,Yes,History,0
15.0,Male,College,Low,Yes,12.7,7.0,4.8,5.0,5.0,No,Yes,Geography,0
13.0,Male,High school,Medium,Yes,3.9,8.6,2.7,4.0,2.0,No,Yes,Math,0
12.0,Male,College,Low,No,12.9,9.1,4.2,5.0,2.0,Yes,Yes,Math,0
13.0,Male,College,Medium,Yes,17.3,5.5,2.8,2.0,1.0,Yes,Yes,Math,0
13.0,Male,College,Medium,Yes,10.0,7.2,3.2,1.0,2.0,Yes,Yes,Unknown,0
13.0,Female,Postgrad,High,No,12.2,7.2,7.0,1.0,4.0,Yes,Yes,Science,0
15.0,Female,College,Medium,No,7.9,7.0,3.4,2.0,5.0,Yes,Yes,English,0
18.0,Male,College,Medium,Yes,14.5,7.6,5.4,2.0,1.0,Yes,Yes,Science,0
15.0,Male,College,High,No,12.7,8.8,2.7,5.0,2.0,Yes,Yes,Science,0
12.0,Female,High school,Medium,Yes,13.3,8.6,6.0,1.0,2.0,No,Yes,English,0
16.0,Prefer not to say,College,Low,Yes,10.1,7.4,6.6,5.0,5.0,No,Yes,Math,0
17.0,Male,No formal,Low,Yes,11.4,8.4,1.0,4.0,4.0,Yes,Yes,English,0
13.0,Male,College,Medium,No,10.3,8.7,5.4,4.0,3.0,Yes,Yes,Math,0
14.0,Male,College,Medium,No,11.6,8.6,4.7,1.0,1.0,Yes,Yes,Math,0
15.0,Female,High school,Low,Yes,16.6,5.6,1.0,5.0,4.0,Yes,No,Math,0
12.0,Male,No formal,Medium,Yes,12.6,9.3,4.4,4.0,3.0,Yes,Yes,English,0
17.0,Female,College,High,Yes,10.5,6.3,3.4,2.0,5.0,Yes,Yes,Science,0
13.0,Male,High school,Low,No,5.5,5.6,7.2,5.0,1.0,No,Yes,Science,0
17.0,Female,College,Medium,No,16.7,7.4,1.7,2.0,4.0,Yes,Yes,Math,0
12.0,Female,High school,Medium,Yes,16.6,8.1,3.8,3.0,2.0,Yes,Yes,History,0
14.0,Female,High school,Medium,Yes,9.4,7.2,1.9,3.0,4.0,Yes,No,English,0
16.0,Female,College,Medium,Yes,19.2,7.6,1.8,2.0,2.0,Yes,Yes,Math,0
18.0,Male,College,Medium,Yes,16.3,7.0,4.3,4.0,3.0,No,Yes,Unknown,0
17.0,Male,High school,High,No,20.0,6.8,5.2,3.0,5.0,Yes,Yes,Science,0
16.0,Male,College,Low,No,17.1,8.5,1.8,5.0,5.0,Yes,No,Science,0
18.0,Male,High school,Low,No,17.2,7.9,2.6,3.0,3.0,Yes,Yes,Math,0
17.0,Male,No formal,Medium,Yes,8.3,7.6,2.3,1.0,4.0,Yes,Yes,Science,0
18.0,Male,Postgrad,Low,No,11.1,7.2,3.4,1.0,1.0,Yes,Yes,Science,0
17.0,Male,Postgrad,Low,Yes,10.3,8.2,4.0,1.0,1.0,Yes,Yes,Science,0
17.0,Male,College,Low,Yes,9.3,5.6,5.4,3.0,4.0,Yes,Yes,Unknown,0
12.0,Male,No formal,High,Yes,12.5,8.8,2.3,2.0,5.0,Yes,Yes,Math,0
18.0,Prefer not to say,High school,Medium,No,15.5,7.8,4.6,3.0,1.0,No,Yes,History,0
13.0,Female,High school,High,Yes,11.8,7.5,5.9,2.0,3.0,Yes,Yes,Math,0
16.0,Male,High school,Medium,Yes,11.9,9.0,3.8,4.0,5.0,Yes,Yes,Math,0
17.0,Male,College,High,Yes,17.9,7.0,5.0,2.0,3.0,Yes,Yes,Math,0
16.0,Female,High school,Low,Yes,9.6,9.9,2.5,1.0,1.0,No,Yes,Geography,0
17.0,Female,High school,Medium,Yes,11.8,6.3,5.1,5.0,2.0,Yes,No,Science,0
18.0,Female,High school,Medium,Yes,14.6,7.7,5.5,5.0,2.0,No,Yes,Science,0
18.0,Female,College,Medium,No,14.9,7.4,4.1,1.0,5.0,Yes,Yes,Unknown,0
15.0,Female,High school,High,Yes,12.0,8.1,4.0,2.0,3.0,Yes,Yes,Science,0
17.0,Female,High school,Medium,Yes,10.7,7.0,4.0,3.0,5.0,Yes,Yes,Math,0
17.0,Female,College,Low,No,16.3,8.2,2.9,2.0,5.0,Yes,Yes,Math,0
13.0,Female,College,Medium,No,4.5,5.9,4.3,4.0,3.0,Yes,Yes,Science,0
15.0,Female,College,High,Yes,12.7,6.8,5.2,1.0,4.0,Yes,Yes,History,0
18.0,Female,No formal,High,Yes,19.3,5.5,5.4,3.0,1.0,Yes,Yes,History,0
17.0,Male,College,Medium,Yes,16.2,7.7,1.0,1.0,3.0,No,Yes,Math,0
15.0,Female,High school,High,Yes,7.2,6.1,3.1,4.0,1.0,No,Yes,English,0
15.0,Female,College,Low,Yes,16.1,7.2,5.9,5.0,3.0,No,Yes,Math,0
18.0,Female,No formal,Medium,Yes,15.7,6.3,4.2,2.0,2.0,No,Yes,Unknown,0
18.0,Female,College,High,Yes,11.5,8.6,3.3,1.0,5.0,No,Yes,History,0
15.0,Female,High school,High,Yes,11.8,8.4,1.3,5.0,3.0,Yes,Yes,Science,0
15.0,Female,College,Low,Yes,10.1,5.6,5.1,3.0,3.0,Yes,Yes,History,0
15.0,Female,College,High,No,12.1,8.5,4.3,3.0,2.0,Yes,Yes,Math,0
18.0,Male,Postgrad,Medium,Yes,18.7,6.7,5.1,3.0,5.0,Yes,Yes,History,0
18.0,Male,Postgrad,Medium,Yes,19.4,7.6,5.3,5.0,2.0,Yes,Yes,Science,0
12.0,Male,College,Medium,Yes,7.0,7.9,1.6,2.0,3.0,No,Yes,Math,0
13.0,Female,High school,Low,Yes,10.1,6.2,2.7,4.0,4.0,Yes,Yes,Science,0
18.0,Male,High school,Low,No,8.5,8.7,4.3,3.0,5.0,Yes,Yes,Math,0
14.0,Male,Postgrad,Medium,No,16.2,8.1,1.0,3.0,2.0,Yes,Yes,Unknown,0
18.0,Female,High school,Low,No,18.6,8.4,2.1,3.0,2.0,No,No,Science,0
13.0,Male,No formal,Medium,Yes,5.4,8.7,3.3,2.0,2.0,Yes,Yes,Science,0
18.0,Male,College,Medium,Yes,13.5,7.0,2.3,4.0,1.0,Yes,Yes,Math,0
14.0,Male,College,Medium,Yes,10.6,8.4,2.3,4.0,3.0,Yes,Yes,Math,0
15.0,Male,High school,Medium,Yes,6.4,7.6,4.2,1.0,3.0,Yes,Yes,Math,0
18.0,Male,College,Medium,Yes,12.5,6.9,3.4,4.0,1.0,Yes,Yes,Math,0
13.0,Male,College,Medium,Yes,14.8,8.4,4.8,3.0,1.0,Yes,Yes,Math,0
15.0,Male,College,Medium,Yes,11.5,7.8,4.5,3.0,1.0,No,Yes,Science,0
16.0,Male,College,Medium,Yes,9.9,7.8,3.1,4.0,5.0,Yes,Yes,Math,0
16.0,Female,College,Medium,No,20.9,9.7,2.9,3.0,2.0,No,Yes,History,0
13.0,Female,High school,High,Yes,11.0,10.3,3.6,4.0,3.0,No,Yes,Science,0
17.0,Male,College,Medium,Yes,19.8,8.9,2.3,5.0,1.0,Yes,Yes,History,0
17.0,Male,No formal,Low,No,10.6,7.8,1.4,1.0,2.0,Yes,Yes,Math,0
18.0,Female,Postgrad,Medium,No,18.1,9.0,3.6,2.0,4.0,Yes,Yes,Math,0
18.0,Female,College,Medium,Yes,9.3,9.0,5.0,3.0,5.0,Yes,Yes,Math,0
17.0,Male,College,Low,Yes,17.7,7.3,3.4,2.0,4.0,Yes,Yes,Unknown,0
17.0,Male,College,Medium,No,12.4,8.2,3.7,5.0,4.0,No,Yes,Science,0
14.0,Female,High school,Medium,Yes,11.9,7.8,2.7,5.0,3.0,Yes,Yes,Science,0
18.0,Prefer not to say,Postgrad,Medium,Yes,16.6,7.7,2.6,4.0,2.0,No,Yes,Unknown,0
16.0,Female,Postgrad,Low,No,12.1,9.5,6.0,3.0,5.0,Yes,Yes,Science,0
14.0,Male,Postgrad,Medium,Yes,9.8,7.7,5.3,4.0,1.0,No,Yes,Math,0
16.0,Female,High school,High,Yes,10.0,9.4,4.9,1.0,5.0,Yes,Yes,Math,0
17.0,Female,High school,Medium,No,17.2,7.3,4.7,2.0,3.0,Yes,Yes,Science,0
14.0,Female,College,High,Yes,8.2,9.2,5.9,5.0,2.0,Yes,Yes,Math,0
13.0,Female,College,Medium,Yes,11.1,6.9,4.7,4.0,1.0,Yes,Yes,Science,0
16.0,Female,College,Low,Yes,10.5,8.6,2.4,4.0,1.0,Yes,Yes,Science,0
14.0,Female,High school,Medium,Yes,8.6,7.8,4.7,5.0,5.0,No,Yes,Math,0
16.0,Female,College,High,Yes,17.7,7.5,2.2,1.0,3.0,Yes,Yes,Unknown,0
15.0,Male,College,Medium,Yes,9.2,8.9,5.0,4.0,1.0,Yes,Yes,Science,0
17.0,Female,College,Medium,Yes,15.4,8.1,5.0,1.0,5.0,Yes,Yes,English,0
15.0,Female,High school,Medium,Yes,14.6,6.7,5.2,4.0,4.0,Yes,Yes,Geography,0
15.0,Male,College,Medium,Yes,13.7,7.3,2.6,5.0,3.0,No,Yes,Math,0
18.0,Female,College,Medium,Yes,16.9,7.0,3.1,3.0,2.0,Yes,Yes,Math,0
17.0,Male,High school,Medium,No,9.6,5.8,5.4,5.0,5.0,No,Yes,History,0
18.0,Male,College,High,Yes,11.7,8.5,4.2,4.0,1.0,No,Yes,Science,0
16.0,Male,Postgrad,Medium,Yes,15.2,7.1,5.5,5.0,2.0,Yes,Yes,English,0
14.0,Male,High school,High,Yes,7.9,5.7,1.6,3.0,5.0,Yes,Yes,Science,0
17.0,Male,College,Medium,No,18.6,6.5,4.3,4.0,4.0,Yes,No,Science,0
15.0,Male,Postgrad,High,No,8.4,7.9,3.1,4.0,2.0,Yes,Yes,Unknown,0
17.0,Female,Postgrad,High,No,12.6,6.2,3.7,5.0,4.0,No,Yes,History,0
16.0,Prefer not to say,Postgrad,Low,No,11.8,8.7,2.9,1.0,1.0,No,Yes,Science,0
14.0,Female,College,Medium,Yes,10.2,6.5,5.4,4.0,1.0,No,Yes,Science,0
12.0,Female,College,High,Yes,13.9,9.1,3.9,1.0,5.0,Yes,Yes,Math,0
14.0,Female,High school,Medium,Yes,11.6,7.9,4.2,2.0,5.0,Yes,No,History,0
17.0,Male,High school,Medium,Yes,12.1,6.9,2.3,4.0,4.0,No,Yes,Science,0
15.0,Male,College,Medium,Yes,13.2,8.0,3.7,5.0,1.0,Yes,Yes,Math,0
16.0,Female,Postgrad,Low,No,10.5,7.8,3.7,5.0,4.0,No,Yes,Science,0
17.0,Male,College,Medium,Yes,11.2,5.2,4.6,3.0,2.0,No,Yes,Science,0
18.0,Female,Postgrad,Medium,No,13.7,8.1,6.4,4.0,3.0,Yes,Yes,Unknown,0
17.0,Female,High school,High,Yes,10.1,7.9,3.8,5.0,5.0,No,Yes,Science,0
13.0,Male,College,High,Yes,10.1,8.5,6.6,5.0,3.0,Yes,Yes,Math,0
15.0,Female,Postgrad,Medium,No,13.1,7.8,3.7,4.0,2.0,Yes,Yes,Math,0
18.0,Female,College,Low,Yes,14.6,7.0,4.9,5.0,3.0,Yes,Yes,History,0
18.0,Female,High school,Medium,No,14.6,5.6,4.3,3.0,2.0,Yes,Yes,Math,0
15.0,Male,Postgrad,Medium,Yes,13.0,6.9,2.4,1.0,3.0,No,Yes,Science,0
18.0,Female,College,Medium,No,15.5,8.2,1.0,3.0,4.0,Yes,Yes,Science,0
16.0,Female,High school,Low,Yes,10.8,7.2,1.5,4.0,2.0,Yes,Yes,History,0
17.0,Female,College,Medium,Yes,16.2,7.9,3.2,2.0,1.0,No,Yes,Math,0
12.0,Female,College,Low,No,2.3,6.8,5.1,3.0,1.0,Yes,No,History,0
18.0,Female,No formal,Medium,Yes,10.5,10.1,6.5,3.0,1.0,Yes,Yes,Math,0
17.0,Male,Postgrad,High,Yes,10.3,7.9,2.6,3.0,5.0,No,Yes,Math,0
18.0,Prefer not to say,High school,High,Yes,19.6,6.7,2.2,1.0,3.0,No,Yes,Science,0
14.0,Female,Postgrad,Medium,Yes,9.7,7.4,5.7,3.0,2.0,Yes,Yes,Science,0
14.0,Male,Postgrad,Low,No,14.5,6.9,5.5,3.0,5.0,Yes,Yes,Math,0
17.0,Female,No formal,Low,Yes,13.2,8.4,4.4,4.0,3.0,Yes,Yes,Unknown,0
14.0,Male,High school,Medium,Yes,7.2,9.7,2.2,5.0,2.0,Yes,Yes,Geography,0
17.0,Male,High school,Low,Yes,9.8,9.2,3.5,1.0,1.0,Yes,Yes,English,0
14.0,Male,College,High,Yes,15.1,7.3,3.5,3.0,1.0,Yes,Yes,History,0
18.0,Male,College,High,Yes,12.6,7.8,4.4,5.0,3.0,Yes,No,Math,0
15.0,Prefer not to say,College,Medium,Yes,9.1,7.1,4.0,1.0,5.0,No,Yes,History,0
18.0,Female,High school,Medium,Yes,19.5,5.8,3.4,2.0,1.0,No,Yes,History,0
14.0,Male,College,Low,Yes,11.7,9.4,4.0,1.0,3.0,Yes,No,History,0
14.0,Male,High school,High,No,16.7,8.3,2.7,1.0,5.0,No,Yes,Math,0
15.0,Male,College,Medium,No,9.3,5.6,1.7,3.0,1.0,Yes,Yes,Geography,0
17.0,Female,Postgrad,Medium,Yes,14.4,6.9,7.6,2.0,1.0,Yes,Yes,Science,0
15.0,Male,High school,Low,No,11.5,8.4,3.1,5.0,4.0,Yes,Yes,Science,0
18.0,Male,College,Medium,Yes,12.3,7.7,3.6,2.0,2.0,Yes,Yes,Science,0
15.0,Male,High school,High,Yes,13.8,6.4,4.6,5.0,4.0,Yes,Yes,Geography,0
13.0,Prefer not to say,High school,Medium,Yes,10.8,6.8,2.9,3.0,2.0,Yes,Yes,Science,0
14.0,Female,High school,Medium,No,4.2,4.8,5.6,3.0,3.0,Yes,Yes,English,0
13.0,Female,Postgrad,Medium,Yes,7.3,7.8,4.8,1.0,5.0,Yes,Yes,Geography,0
14.0,Male,High school,Medium,Yes,10.3,9.0,5.8,3.0,2.0,No,Yes,History,0
16.0,Male,Postgrad,Medium,Yes,4.7,7.5,2.5,4.0,5.0,Yes,Yes,Science,0
13.0,Female,High school,Medium,Yes,15.2,7.3,4.7,3.0,1.0,No,Yes,Math,0
15.0,Male,High school,High,Yes,17.5,7.1,4.5,4.0,4.0,No,Yes,Science,0
18.0,Female,College,Low,Yes,14.1,7.0,2.5,2.0,4.0,Yes,Yes,Science,0
15.0,Female,No formal,Medium,Yes,10.6,9.5,2.7,5.0,5.0,Yes,Yes,Science,0
17.0,Prefer not to say,College,Medium,Yes,11.0,7.5,5.5,4.0,3.0,No,No,English,0
12.0,Female,College,Medium,Yes,10.0,6.1,1.9,2.0,5.0,Yes,Yes,Unknown,0
14.0,Male,College,High,Yes,11.8,9.3,4.1,5.0,3.0,Yes,No,Geography,0
18.0,Male,Postgrad,Medium,No,18.6,8.7,4.3,5.0,5.0,Yes,Yes,Unknown,0
17.0,Female,College,High,Yes,10.5,8.9,3.1,4.0,5.0,Yes,Yes,Math,0
13.0,Male,College,Medium,Yes,1.0,6.6,5.5,3.0,2.0,No,Yes,Unknown,0
15.0,Female,High school,Medium,Yes,14.7,7.9,5.7,1.0,2.0,Yes,Yes,Geography,0
13.0,Female,College,Medium,Yes,7.5,8.1,3.1,4.0,1.0,Yes,Yes,Math,0
13.0,Male,High school,Medium,Yes,7.8,6.4,4.5,3.0,1.0,Yes,Yes,Science,0
16.0,Female,High school,High,Yes,11.4,8.5,1.0,3.0,3.0,No,Yes,Science,0
12.0,Female,College,High,Yes,4.1,8.1,3.9,1.0,5.0,Yes,No,Geography,0
12.0,Female,Postgrad,High,Yes,5.3,7.3,2.3,2.0,3.0,Yes,Yes,English,0
17.0,Female,College,High,Yes,18.3,7.6,3.8,4.0,4.0,Yes,Yes,Science,0
12.0,Female,College,Low,No,9.1,8.2,1.9,2.0,5.0,Yes,Yes,Unknown,0
17.0,Male,Postgrad,High,No,14.7,7.1,5.0,1.0,5.0,Yes,Yes,Math,0
13.0,Female,High school,High,Yes,12.1,6.3,3.2,4.0,1.0,Yes,Yes,History,0
15.0,Male,Postgrad,High,Yes,14.7,7.4,2.4,1.0,4.0,Yes,Yes,Math,0
18.0,Male,Postgrad,Medium,Yes,14.3,6.1,5.0,3.0,2.0,No,Yes,Math,0
14.0,Male,College,Medium,Yes,7.9,7.5,5.2,5.0,4.0,Yes,Yes,English,0
15.0,Female,Postgrad,Medium,No,16.0,6.9,4.9,3.0,3.0,Yes,Yes,Math,0
17.0,Male,High school,Low,Yes,12.4,6.7,3.1,5.0,2.0,No,No,Math,0
13.0,Male,No formal,High,Yes,6.1,7.1,5.7,4.0,2.0,No,Yes,Math,0
16.0,Female,Postgrad,Medium,No,10.9,7.1,2.4,2.0,4.0,Yes,Yes,Unknown,0
13.0,Male,High school,Medium,No,4.2,8.2,3.7,3.0,5.0,Yes,Yes,Math,0
17.0,Female,College,High,No,7.6,6.3,5.9,2.0,5.0,Yes,Yes,Math,0
17.0,Male,College,Medium,Yes,15.4,6.2,3.2,5.0,2.0,Yes,Yes,History,0
16.0,Female,College,Medium,No,8.2,4.8,3.6,4.0,2.0,Yes,Yes,English,0
12.0,Female,College,Medium,No,7.2,7.3,4.1,1.0,4.0,No,Yes,Science,0
16.0,Female,College,Medium,Yes,11.9,7.2,5.4,3.0,3.0,Yes,Yes,Math,0
17.0,Female,Postgrad,Medium,No,7.0,6.8,3.4,1.0,1.0,No,Yes,Unknown,0
13.0,Male,No formal,High,Yes,15.9,7.7,5.5,2.0,4.0,Yes,Yes,Math,0
12.0,Female,College,Medium,Yes,18.1,7.9,6.0,5.0,4.0,Yes,Yes,Science,0
15.0,Male,High school,Low,Yes,5.6,7.7,5.4,5.0,5.0,Yes,Yes,History,0
14.0,Female,High school,High,Yes,10.8,7.5,2.5,1.0,4.0,Yes,Yes,English,0
17.0,Male,College,Medium,Yes,18.5,10.6,1.4,4.0,2.0,Yes,Yes,English,0
14.0,Male,College,Medium,Yes,16.7,8.0,5.8,2.0,2.0,Yes,Yes,English,0
13.0,Female,College,Medium,No,7.7,5.5,4.5,3.0,2.0,No,Yes,English,0
12.0,Female,College,Medium,Yes,12.4,7.5,1.6,4.0,3.0,Yes,Yes,Science,0
13.0,Male,High school,High,Yes,12.3,8.0,3.6,3.0,2.0,No,Yes,History,0
12.0,Female,High school,Low,Yes,8.0,6.8,3.7,1.0,4.0,Yes,Yes,English,0
14.0,Male,College,Medium,Yes,14.8,8.0,5.9,4.0,1.0,Yes,Yes,English,0
13.0,Female,High school,Medium,Yes,7.5,6.5,1.7,3.0,2.0,Yes,Yes,Math,0
13.0,Male,High school,Low,No,7.1,8.4,4.2,2.0,1.0,Yes,No,Science,0
15.0,Female,College,Medium,No,13.3,6.0,4.1,3.0,2.0,Yes,Yes,Science,0
17.0,Female,College,Medium,Yes,14.3,8.5,4.5,2.0,5.0,Yes,Yes,Geography,0
13.0,Female,High school,High,Yes,15.7,6.0,4.3,3.0,2.0,Yes,Yes,Math,0
15.0,Female,No formal,Medium,Yes,10.4,8.0,4.6,5.0,5.0,Yes,Yes,English,0
18.0,Female,College,Low,Yes,17.3,8.2,1.2,5.0,2.0,Yes,Yes,Science,0
12.0,Female,High school,Medium,Yes,7.2,6.8,3.2,4.0,2.0,Yes,Yes,Geography,0
12.0,Female,Postgrad,Medium,Yes,8.4,6.7,4.1,3.0,1.0,No,Yes,Science,0
17.0,Female,College,Low,No,11.2,8.6,3.8,5.0,2.0,No,Yes,Science,0
17.0,Female,College,Low,No,9.2,8.0,4.8,3.0,2.0,No,No,Unknown,0
18.0,Female,College,Medium,Yes,18.9,9.1,5.7,1.0,1.0,Yes,Yes,History,0
16.0,Male,High school,Low,Yes,11.6,7.9,4.2,5.0,1.0,Yes,Yes,Unknown,0
17.0,Female,College,Low,Yes,12.3,7.1,4.1,3.0,2.0,No,Yes,Science,0
17.0,Female,College,Medium,Yes,17.7,9.2,5.6,2.0,1.0,No,Yes,Science,0
18.0,Prefer not to say,College,Medium,No,13.2,8.9,7.1,3.0,4.0,Yes,Yes,Math,0
16.0,Male,College,Medium,Yes,16.5,6.1,2.5,5.0,3.0,No,Yes,Science,0
14.0,Female,Postgrad,Low,Yes,11.2,7.2,3.0,3.0,2.0,Yes,Yes,Math,0
12.0,Female,College,Medium,Yes,4.9,8.7,3.7,5.0,5.0,Yes,Yes,Math,0
17.0,Male,College,Medium,Yes,18.8,7.8,4.1,4.0,4.0,Yes,Yes,Science,0
13.0,Male,College,Medium,No,10.1,7.9,1.8,5.0,4.0,Yes,Yes,Unknown,0
16.0,Female,High school,High,Yes,10.4,6.3,5.6,3.0,5.0,No,Yes,Math,0
15.0,Prefer not to say,Postgrad,Low,No,17.9,6.3,6.6,5.0,2.0,Yes,Yes,Science,0
18.0,Female,College,High,Yes,17.5,7.3,3.6,5.0,1.0,Yes,Yes,Geography,0
16.0,Male,College,Low,Yes,15.4,6.4,3.7,2.0,2.0,Yes,No,History,0
15.0,Male,High school,Medium,Yes,7.7,6.6,2.5,3.0,3.0,Yes,Yes,History,0
17.0,Male,No formal,Medium,Yes,10.0,9.1,2.0,5.0,1.0,Yes,Yes,History,0
18.0,Male,College,Low,Yes,11.4,8.3,6.1,4.0,1.0,No,Yes,Math,0
16.0,Male,High school,Low,No,11.2,7.3,5.7,4.0,4.0,Yes,Yes,Science,0
17.0,Female,High school,Low,Yes,13.8,8.9,3.8,3.0,4.0,Yes,No,Unknown,0
18.0,Male,College,Medium,Yes,13.2,7.0,4.0,1.0,2.0,Yes,Yes,Science,0
16.0,Female,College,Low,No,11.7,8.7,5.6,3.0,5.0,No,Yes,English,0
17.0,Male,College,Low,Yes,10.5,6.2,3.7,2.0,1.0,Yes,Yes,Unknown,0
15.0,Female,High school,Medium,No,12.7,8.1,2.8,4.0,5.0,No,Yes,Math,0
12.0,Male,College,Low,No,12.2,9.1,6.3,3.0,2.0,Yes,Yes,Science,0
12.0,Male,High school,Low,Yes,7.5,8.9,3.9,4.0,3.0,No,Yes,Math,0
13.0,Female,College,Low,No,10.4,6.3,3.6,2.0,4.0,Yes,Yes,English,0
12.0,Male,No formal,Low,Yes,7.9,8.2,5.6,3.0,3.0,Yes,Yes,Geography,0
14.0,Male,College,Medium,No,10.7,7.8,1.7,3.0,4.0,No,Yes,Science,0
16.0,Prefer not to say,College,Low,Yes,18.4,8.4,4.4,2.0,4.0,Yes,Yes,Geography,0
18.0,Female,High school,Medium,No,17.1,7.8,6.6,3.0,2.0,No,Yes,Science,0
14.0,Female,College,Medium,Yes,2.5,7.0,5.9,4.0,2.0,No,Yes,Math,0
12.0,Prefer not to say,Postgrad,Low,No,5.6,7.1,3.0,4.0,4.0,Yes,Yes,Unknown,0
17.0,Female,Postgrad,Medium,Yes,17.4,8.2,4.6,1.0,3.0,Yes,Yes,Unknown,0
12.0,Female,Postgrad,Medium,Yes,5.1,6.7,8.7,5.0,2.0,Yes,Yes,Geography,0
13.0,Female,High school,High,Yes,9.8,8.0,5.2,2.0,2.0,No,Yes,Math,0
14.0,Male,High school,Low,No,10.6,8.2,5.1,5.0,4.0,Yes,Yes,Geography,0
13.0,Male,College,Low,No,12.1,8.6,1.9,5.0,2.0,No,Yes,English,0
14.0,Male,High school,Medium,Yes,8.0,7.6,5.4,3.0,4.0,No,Yes,English,0
15.0,Female,College,Medium,Yes,14.5,10.1,3.6,5.0,2.0,No,Yes,Math,0
13.0,Female,Postgrad,Medium,Yes,11.8,7.3,1.6,4.0,4.0,Yes,Yes,Math,0
17.0,Male,High school,Low,Yes,14.0,8.5,2.8,3.0,2.0,Yes,Yes,Math,0
17.0,Female,College,Medium,Yes,9.2,6.6,2.1,2.0,1.0,Yes,Yes,History,0
17.0,Female,High school,Low,No,7.7,8.2,4.1,5.0,2.0,No,Yes,Science,0
18.0,Male,College,Medium,No,11.2,7.3,1.8,3.0,2.0,No,Yes,Math,0
15.0,Male,High school,Medium,No,9.5,6.7,1.6,4.0,3.0,No,Yes,Science,0
16.0,Female,No formal,Low,Yes,11.9,7.7,3.3,4.0,3.0,Yes,Yes,Math,0
13.0,Male,College,Medium,No,6.2,6.0,2.6,4.0,5.0,Yes,Yes,Science,0
13.0,Prefer not to say,College,Medium,Yes,7.2,7.2,5.1,3.0,1.0,No,Yes,Math,0
14.0,Male,Postgrad,Medium,Yes,12.9,6.9,3.9,5.0,4.0,Yes,Yes,English,0
12.0,Prefer not to say,Postgrad,Medium,No,12.7,9.0,4.5,2.0,3.0,Yes,Yes,Math,0
16.0,Female,Postgrad,Low,Yes,12.5,7.1,5.0,3.0,5.0,No,Yes,English,0
14.0,Female,College,High,Yes,10.1,9.1,3.8,2.0,4.0,Yes,Yes,Geography,0
13.0,Female,College,Low,Yes,8.3,6.0,7.0,2.0,2.0,Yes,Yes,Science,0
15.0,Male,College,High,Yes,8.2,6.0,4.5,1.0,2.0,Yes,Yes,English,0
13.0,Female,No formal,Medium,Yes,9.9,7.2,4.9,5.0,4.0,Yes,Yes,Math,0
17.0,Female,High school,Low,No,16.9,7.7,6.5,4.0,2.0,Yes,Yes,Math,0
12.0,Female,College,Low,Yes,6.4,8.4,6.4,4.0,5.0,Yes,Yes,Science,0
14.0,Female,College,Low,Yes,19.0,7.4,1.8,4.0,3.0,Yes,Yes,History,0
17.0,Female,College,Low,Yes,13.1,5.9,6.8,4.0,2.0,Yes,Yes,History,0
16.0,Female,No formal,High,Yes,15.4,8.3,4.7,2.0,5.0,Yes,Yes,English,0
13.0,Female,High school,Medium,Yes,9.7,7.2,6.3,5.0,5.0,Yes,Yes,Science,0
12.0,Male,College,Medium,Yes,12.3,7.8,3.2,5.0,3.0,No,Yes,Math,0
16.0,Female,College,Medium,Yes,12.3,7.9,4.4,2.0,2.0,No,Yes,Science,0
13.0,Female,High school,Low,Yes,11.9,6.5,5.0,5.0,4.0,Yes,Yes,Math,0
16.0,Male,College,High,Yes,16.9,6.7,3.5,4.0,3.0,Yes,Yes,English,0
17.0,Male,College,Medium,Yes,16.9,7.2,4.8,4.0,3.0,Yes,Yes,Math,0
14.0,Female,Postgrad,Medium,Yes,6.2,7.4,4.9,1.0,5.0,Yes,Yes,Unknown,0
14.0,Female,High school,Medium,Yes,8.1,8.7,4.8,5.0,4.0,Yes,Yes,Math,0
15.0,Male,College,Low,Yes,12.3,5.6,2.8,2.0,1.0,No,Yes,Math,0
18.0,Female,High school,Low,Yes,10.1,7.9,3.8,5.0,5.0,Yes,Yes,Math,0
14.0,Male,Postgrad,High,Yes,12.7,3.9,2.7,4.0,2.0,No,Yes,Math,0
17.0,Male,College,High,Yes,6.2,7.2,1.5,5.0,2.0,Yes,Yes,Geography,0
17.0,Male,High school,Medium,Yes,18.8,6.5,1.8,4.0,4.0,Yes,Yes,Science,0
14.0,Female,College,Low,No,11.9,6.1,5.7,3.0,4.0,Yes,Yes,Math,0
14.0,Female,College,High,Yes,13.3,7.0,3.7,2.0,5.0,No,No,Math,0
17.0,Male,College,Medium,No,10.9,7.4,4.2,4.0,1.0,Yes,Yes,Science,0
15.0,Female,College,Medium,Yes,10.8,6.8,3.0,5.0,1.0,Yes,Yes,English,0
16.0,Male,High school,Medium,Yes,11.1,8.5,3.5,2.0,4.0,Yes,Yes,Math,0
13.0,Male,College,Medium,Yes,7.6,8.4,3.0,2.0,5.0,Yes,Yes,Science,0
18.0,Male,College,Low,Yes,19.2,8.3,4.2,3.0,3.0,Yes,Yes,Science,0
14.0,Prefer not to say,College,Medium,Yes,12.3,6.1,6.0,1.0,4.0,Yes,Yes,History,0
17.0,Female,College,Medium,Yes,10.1,10.0,3.9,3.0,2.0,Yes,Yes,Science,0
15.0,Female,High school,Medium,Yes,6.9,7.3,2.9,3.0,3.0,Yes,Yes,English,0
17.0,Female,College,Medium,Yes,11.3,6.4,8.3,1.0,1.0,Yes,Yes,Math,0
14.0,Prefer not to say,High school,Low,No,10.0,7.9,3.4,5.0,3.0,Yes,Yes,Math,0
14.0,Male,High school,Low,Yes,7.9,7.9,4.0,5.0,5.0,Yes,Yes,Science,0
14.0,Female,College,Low,Yes,8.2,8.3,6.5,3.0,1.0,Yes,Yes,Science,0
13.0,Male,High school,Medium,Yes,10.9,6.9,1.4,1.0,3.0,No,No,Geography,0
13.0,Male,Postgrad,Medium,Yes,6.1,7.6,3.8,4.0,4.0,No,Yes,History,0
18.0,Female,College,Medium,No,17.1,6.8,6.1,2.0,4.0,Yes,Yes,Geography,0
12.0,Male,College,Low,Yes,9.4,8.4,4.2,2.0,2.0,Yes,Yes,English,0
16.0,Male,College,Medium,Yes,11.4,6.6,2.0,1.0,4.0,Yes,Yes,History,0
16.0,Male,No formal,High,Yes,17.6,8.5,2.8,4.0,3.0,No,Yes,Science,0
15.0,Female,College,Medium,Yes,16.5,8.2,3.4,2.0,2.0,Yes,Yes,Math,0
17.0,Female,No formal,Medium,No,16.3,7.9,7.4,5.0,3.0,Yes,Yes,History,0
14.0,Male,College,Medium,Yes,12.1,6.4,6.1,4.0,5.0,No,Yes,Science,0
17.0,Male,Postgrad,Medium,Yes,10.7,7.9,3.7,5.0,1.0,Yes,Yes,Math,0
14.0,Female,High school,High,Yes,8.6,6.7,3.0,3.0,1.0,Yes,Yes,Science,0
18.0,Male,High school,Low,No,14.6,6.6,2.0,5.0,2.0,Yes,Yes,Math,0
15.0,Male,College,Medium,Yes,6.5,8.3,5.2,5.0,2.0,Yes,Yes,Math,0
16.0,Male,No formal,High,No,8.8,8.0,5.9,3.0,2.0,Yes,Yes,Math,0
14.0,Male,College,High,No,12.8,7.9,1.1,2.0,3.0,Yes,Yes,Math,0
14.0,Male,No formal,Medium,Yes,12.3,6.2,4.9,4.0,2.0,Yes,Yes,Geography,0
18.0,Female,College,High,Yes,16.2,7.9,3.9,3.0,3.0,Yes,Yes,English,0
18.0,Male,High school,High,No,15.4,7.2,3.4,5.0,2.0,Yes,Yes,Science,0
13.0,Female,High school,High,Yes,11.7,7.2,6.4,5.0,4.0,Yes,Yes,Math,0
16.0,Prefer not to say,No formal,Medium,Yes,13.9,8.3,3.5,4.0,2.0,Yes,Yes,English,0
13.0,Male,Postgrad,Medium,Yes,12.9,8.1,4.5,1.0,5.0,Yes,Yes,English,0
18.0,Male,College,Medium,No,17.8,7.6,2.1,5.0,3.0,No,Yes,Science,0
14.0,Male,College,Low,No,11.5,7.4,2.2,4.0,4.0,No,Yes,Math,0
14.0,Male,College,Medium,Yes,12.4,6.9,5.4,2.0,3.0,Yes,Yes,Geography,0
16.0,Male,College,Medium,No,12.5,7.8,4.9,3.0,2.0,Yes,Yes,Math,0
14.0,Female,No formal,Medium,Yes,10.3,9.4,5.7,5.0,4.0,Yes,Yes,Math,0
12.0,Male,High school,Medium,Yes,8.2,6.0,6.5,4.0,2.0,Yes,Yes,English,0
18.0,Female,No formal,Medium,No,22.9,8.0,3.5,1.0,4.0,Yes,Yes,Science,0
18.0,Male,Postgrad,Medium,Yes,15.3,7.5,5.2,2.0,5.0,Yes,Yes,Science,0
14.0,Female,College,Low,No,7.9,7.4,2.9,4.0,3.0,Yes,Yes,History,0
12.0,Male,College,Medium,No,5.3,7.3,2.2,4.0,4.0,No,Yes,Geography,0
14.0,Female,High school,Low,Yes,13.6,6.7,5.4,4.0,5.0,Yes,Yes,History,0
13.0,Male,College,Low,No,17.4,6.2,3.5,4.0,3.0,Yes,Yes,Math,0
17.0,Male,College,Medium,Yes,15.9,9.2,4.6,2.0,4.0,Yes,No,Geography,0
14.0,Male,College,Medium,Yes,5.4,6.9,4.9,5.0,1.0,Yes,Yes,Math,0
17.0,Female,College,Medium,No,12.3,8.0,3.7,1.0,4.0,Yes,Yes,Unknown,0
12.0,Male,High school,High,Yes,12.2,7.7,4.1,5.0,5.0,Yes,Yes,Math,0
17.0,Female,College,Medium,Yes,12.4,7.7,3.8,5.0,3.0,Yes,Yes,Math,0
16.0,Female,High school,Low,Yes,19.6,6.9,4.1,3.0,4.0,No,Yes,Math,0
17.0,Male,College,High,No,10.6,7.2,2.9,4.0,1.0,Yes,Yes,Math,0
17.0,Female,High school,Low,Yes,13.6,7.0,6.3,5.0,4.0,Yes,Yes,Math,0
16.0,Male,College,Low,Yes,11.7,6.8,2.6,5.0,3.0,Yes,No,Science,0
12.0,Female,College,Medium,Yes,12.5,7.0,2.5,5.0,2.0,No,Yes,Unknown,0
17.0,Male,High school,Medium,No,13.8,8.3,4.5,4.0,3.0,Yes,Yes,Math,0
16.0,Male,High school,Low,Yes,8.6,8.5,4.8,2.0,5.0,Yes,Yes,Geography,0
14.0,Prefer not to say,College,Medium,No,14.1,7.5,2.3,3.0,2.0,Yes,Yes,Science,0
15.0,Male,High school,Medium,No,11.8,8.7,6.3,5.0,3.0,Yes,No,Science,0
13.0,Male,Postgrad,Medium,Yes,6.9,9.4,6.9,1.0,5.0,Yes,Yes,Science,0
16.0,Female,High school,Low,No,14.3,7.9,4.2,5.0,2.0,Yes,Yes,English,0
14.0,Female,College,Low,Yes,10.6,7.8,5.5,4.0,2.0,No,Yes,History,0
13.0,Female,College,Medium,Yes,2.0,7.4,4.1,4.0,5.0,No,Yes,English,0
15.0,Female,No formal,Medium,No,6.5,6.4,2.7,4.0,4.0,Yes,Yes,Unknown,0
15.0,Female,High school,Medium,Yes,9.8,9.7,4.3,3.0,5.0,Yes,Yes,History,0
13.0,Male,College,High,Yes,14.6,7.2,7.3,1.0,4.0,Yes,No,Math,0
14.0,Female,High school,Low,No,13.1,7.2,5.3,5.0,2.0,No,Yes,Math,0
12.0,Female,High school,Medium,Yes,6.9,8.4,3.8,4.0,3.0,Yes,Yes,Math,0
16.0,Female,College,Low,Yes,13.6,9.0,5.4,5.0,1.0,Yes,Yes,Science,0
17.0,Female,College,Medium,Yes,9.6,9.3,5.0,1.0,1.0,Yes,Yes,Math,0
16.0,Male,High school,Medium,Yes,16.9,7.4,5.0,1.0,1.0,Yes,Yes,Science,0
15.0,Prefer not to say,High school,Medium,Yes,10.9,6.4,3.7,1.0,3.0,Yes,No,History,0
16.0,Female,College,Medium,No,8.5,6.8,7.1,5.0,1.0,No,Yes,Science,0
16.0,Female,Postgrad,Medium,No,13.2,6.9,1.5,2.0,4.0,Yes,Yes,Math,0
12.0,Male,Postgrad,Low,Yes,11.2,7.5,2.4,4.0,1.0,Yes,Yes,Math,0
13.0,Female,College,Low,No,8.4,6.5,6.4,5.0,1.0,Yes,Yes,Science,0
13.0,Male,College,High,Yes,11.9,7.2,4.8,4.0,4.0,Yes,Yes,Science,0
17.0,Male,College,Medium,Yes,6.5,6.2,5.7,4.0,2.0,No,Yes,Science,0
13.0,Male,College,High,Yes,7.9,7.5,4.0,5.0,3.0,Yes,Yes,Math,0
17.0,Female,College,Low,Yes,14.8,9.1,3.2,2.0,4.0,Yes,Yes,Unknown,0
15.0,Female,College,Medium,Yes,16.0,9.2,4.0,2.0,3.0,Yes,Yes,English,0
15.0,Female,College,Medium,Yes,13.3,9.1,6.1,1.0,4.0,Yes,Yes,English,0
18.0,Female,No formal,High,No,13.4,5.5,3.7,5.0,5.0,No,Yes,Unknown,0
17.0,Female,No formal,Medium,Yes,13.4,8.1,4.5,5.0,3.0,Yes,Yes,Science,0
18.0,Female,College,High,Yes,13.0,6.8,5.3,5.0,2.0,No,Yes,Geography,0
15.0,Female,College,High,Yes,7.1,6.7,6.8,3.0,1.0,Yes,Yes,Math,0
18.0,Male,Postgrad,Medium,Yes,21.3,9.4,3.3,2.0,1.0,Yes,No,Math,0
16.0,Female,High school,Medium,Yes,13.9,7.4,4.6,5.0,1.0,No,Yes,Science,0
13.0,Male,College,Low,Yes,8.9,9.2,3.3,3.0,3.0,No,Yes,Math,0
14.0,Male,High school,High,No,8.2,7.5,2.3,3.0,2.0,No,Yes,Science,0
15.0,Male,High school,Medium,No,12.3,8.3,4.1,1.0,2.0,No,No,Math,0
12.0,Female,College,High,No,15.3,9.5,1.9,2.0,3.0,Yes,Yes,Science,0
13.0,Male,College,Low,Yes,10.5,7.1,3.7,4.0,4.0,Yes,Yes,Science,0
16.0,Male,Postgrad,High,Yes,11.0,9.7,7.6,4.0,2.0,Yes,Yes,English,0
13.0,Female,College,Low,Yes,12.8,9.2,4.8,5.0,2.0,No,No,Geography,0
16.0,Female,College,Medium,Yes,12.3,7.1,2.1,1.0,5.0,Yes,Yes,Geography,0
17.0,Female,High school,Medium,Yes,14.0,7.4,5.6,2.0,4.0,No,Yes,Math,0
18.0,Female,No formal,Medium,Yes,17.7,8.0,2.3,4.0,2.0,No,Yes,Math,0
14.0,Female,Postgrad,Medium,No,11.7,5.0,2.7,3.0,4.0,No,Yes,Math,0
15.0,Male,College,Low,Yes,12.1,6.3,6.3,1.0,2.0,Yes,Yes,Math,0
17.0,Female,No formal,High,Yes,16.5,6.3,4.2,3.0,2.0,No,Yes,Math,0
15.0,Male,College,Medium,Yes,15.3,7.5,3.5,3.0,4.0,No,Yes,History,0
15.0,Female,High school,Medium,Yes,14.4,7.2,5.6,4.0,1.0,Yes,Yes,Science,0
12.0,Male,Postgrad,Medium,No,8.9,8.9,4.9,2.0,2.0,Yes,Yes,Math,0
14.0,Male,No formal,High,Yes,13.7,7.4,3.8,4.0,2.0,No,Yes,Math,0
15.0,Male,College,Medium,Yes,12.2,8.5,5.5,3.0,4.0,Yes,Yes,Geography,0
12.0,Female,College,Medium,Yes,5.7,8.3,7.5,2.0,1.0,Yes,Yes,Geography,0
17.0,Prefer not to say,High school,Medium,Yes,10.1,7.4,3.8,3.0,3.0,No,Yes,English,0
14.0,Male,College,Medium,Yes,9.7,6.5,5.3,1.0,3.0,Yes,Yes,Unknown,0
14.0,Female,High school,Medium,Yes,4.7,10.6,4.7,2.0,4.0,Yes,Yes,Unknown,0
13.0,Female,High school,Medium,Yes,12.5,7.9,4.7,3.0,3.0,Yes,Yes,English,0
16.0,Female,No formal,Low,Yes,14.4,7.3,1.7,5.0,5.0,No,Yes,History,0
18.0,Female,Postgrad,Low,Yes,18.6,7.4,3.1,2.0,3.0,Yes,Yes,Math,0
18.0,Male,High school,Low,No,12.8,7.0,4.3,3.0,2.0,Yes,Yes,Unknown,0
15.0,Male,High school,Medium,Yes,13.4,8.9,2.2,1.0,2.0,Yes,Yes,Geography,0
14.0,Female,High school,Low,Yes,11.8,7.7,3.6,2.0,1.0,Yes,Yes,English,0
13.0,Male,College,Low,No,9.7,7.9,3.2,2.0,3.0,Yes,Yes,English,0
13.0,Male,High school,High,Yes,13.6,7.6,6.4,1.0,5.0,No,Yes,Science,0
13.0,Female,High school,High,Yes,4.1,7.8,2.7,5.0,1.0,No,Yes,History,0
12.0,Female,High school,Medium,No,1.7,5.8,5.3,5.0,3.0,No,Yes,History,0
18.0,Female,High school,Medium,No,17.3,7.9,7.7,5.0,5.0,Yes,Yes,English,0
16.0,Male,High school,Medium,No,17.0,8.3,4.1,5.0,4.0,Yes,Yes,Unknown,0
16.0,Male,College,Low,Yes,11.0,7.3,4.0,4.0,3.0,Yes,No,Math,0
13.0,Male,College,Low,No,6.2,7.6,2.9,4.0,1.0,Yes,Yes,Geography,0
17.0,Male,High school,Medium,Yes,8.5,8.3,4.7,1.0,4.0,Yes,No,Science,0
14.0,Female,College,Medium,Yes,13.6,7.8,1.2,3.0,3.0,Yes,No,English,0
12.0,Male,College,Low,Yes,7.5,8.2,3.8,4.0,1.0,Yes,Yes,Science,0
16.0,Male,College,Low,Yes,15.2,7.4,2.6,5.0,2.0,Yes,Yes,Math,0
17.0,Female,College,Low,Yes,8.8,7.8,3.1,1.0,4.0,No,Yes,Math,0
15.0,Female,College,Medium,Yes,10.1,8.2,3.8,5.0,1.0,Yes,Yes,Science,0
17.0,Female,High school,Medium,Yes,8.3,7.3,3.9,3.0,4.0,No,Yes,Unknown,0
17.0,Male,High school,Low,Yes,12.9,6.7,3.9,2.0,4.0,Yes,Yes,Math,0
17.0,Female,College,Low,Yes,9.9,7.1,6.6,5.0,3.0,Yes,Yes,Science,0
17.0,Male,High school,Medium,Yes,10.4,8.5,5.3,4.0,5.0,Yes,Yes,English,0
14.0,Female,High school,Low,No,16.4,8.2,4.1,3.0,1.0,Yes,Yes,History,0
15.0,Male,College,Medium,Yes,16.5,7.7,2.7,4.0,5.0,Yes,Yes,Science,0
14.0,Female,College,High,Yes,8.0,7.2,1.8,2.0,5.0,Yes,Yes,Science,0
13.0,Female,Postgrad,Medium,Yes,14.3,8.0,4.0,5.0,3.0,No,Yes,Unknown,0
18.0,Female,Postgrad,Medium,No,12.7,6.2,1.1,3.0,1.0,Yes,No,Science,0
13.0,Female,Postgrad,Medium,Yes,14.2,5.7,8.1,5.0,1.0,Yes,Yes,Math,0
15.0,Male,High school,Medium,Yes,14.6,7.6,5.3,3.0,3.0,Yes,Yes,Geography,0
17.0,Male,Postgrad,Low,Yes,10.9,8.3,3.7,3.0,1.0,No,Yes,Math,0
15.0,Male,No formal,High,Yes,15.3,9.5,4.1,1.0,5.0,Yes,Yes,Math,0
15.0,Male,High school,Medium,Yes,12.3,8.5,3.3,4.0,3.0,Yes,Yes,English,0
17.0,Female,College,Low,Yes,7.0,5.4,3.6,5.0,3.0,Yes,Yes,Math,0
18.0,Female,Postgrad,Low,Yes,21.0,6.5,4.7,2.0,3.0,Yes,Yes,Math,0
16.0,Female,College,Medium,Yes,13.8,6.3,4.8,5.0,4.0,No,Yes,Math,0
15.0,Female,High school,Low,Yes,12.8,8.3,2.2,4.0,5.0,Yes,Yes,Math,0
18.0,Male,Postgrad,Medium,Yes,16.0,7.8,4.3,2.0,2.0,No,Yes,Math,0
16.0,Female,College,Medium,Yes,16.9,7.2,4.3,1.0,3.0,No,No,Science,0
15.0,Female,High school,Medium,Yes,6.3,6.5,1.8,3.0,4.0,Yes,Yes,English,0
16.0,Male,College,Medium,Yes,17.7,8.1,2.5,4.0,5.0,No,Yes,Science,0
18.0,Male,College,Medium,No,15.4,6.6,4.5,4.0,4.0,No,Yes,Math,0
17.0,Female,College,Medium,Yes,16.4,6.6,3.5,1.0,4.0,No,Yes,Math,0
17.0,Female,College,Medium,Yes,8.8,7.7,2.4,5.0,2.0,Yes,Yes,Science,0
15.0,Male,Postgrad,Low,Yes,12.5,7.7,3.0,3.0,3.0,Yes,Yes,Unknown,0
17.0,Male,College,Medium,No,14.9,7.3,4.4,3.0,5.0,Yes,Yes,Science,0
13.0,Female,College,Medium,Yes,5.7,7.3,5.8,3.0,1.0,Yes,Yes,English,0
16.0,Female,High school,High,Yes,13.9,7.8,4.6,1.0,2.0,Yes,No,Science,0
18.0,Male,College,Medium,Yes,14.4,8.2,2.4,2.0,3.0,Yes,Yes,Science,0
16.0,Male,High school,Medium,No,15.9,8.1,2.9,5.0,2.0,No,Yes,Unknown,0
15.0,Female,Postgrad,High,Yes,17.2,7.7,2.4,4.0,5.0,No,Yes,History,0
17.0,Male,High school,Medium,No,17.1,8.5,4.7,5.0,5.0,No,Yes,Science,0
12.0,Male,College,Medium,No,14.9,7.0,2.5,5.0,5.0,Yes,Yes,Science,0
17.0,Male,High school,Medium,No,13.6,8.3,6.7,4.0,2.0,Yes,Yes,Unknown,0
15.0,Female,College,Medium,No,11.2,6.7,5.0,3.0,4.0,Yes,Yes,Science,0
13.0,Male,High school,Medium,Yes,11.7,7.0,3.2,4.0,2.0,No,Yes,English,0
13.0,Female,College,Medium,Yes,14.0,8.6,3.7,5.0,2.0,Yes,No,Unknown,0
14.0,Male,Postgrad,Low,No,14.1,6.9,3.6,4.0,5.0,Yes,Yes,Math,0
16.0,Male,College,Medium,Yes,13.9,8.8,6.2,2.0,3.0,Yes,Yes,English,0
14.0,Female,College,Low,Yes,10.5,6.8,1.9,4.0,1.0,Yes,Yes,Science,0
14.0,Male,College,Medium,Yes,6.5,8.0,1.1,1.0,1.0,Yes,Yes,Science,0
14.0,Male,High school,Low,Yes,11.0,7.7,5.7,5.0,1.0,Yes,Yes,Science,0
17.0,Male,Postgrad,Medium,Yes,13.5,8.9,3.8,2.0,5.0,Yes,Yes,Science,0
18.0,Female,Postgrad,High,Yes,9.0,5.8,2.9,1.0,2.0,No,Yes,English,0
17.0,Female,College,Medium,Yes,8.7,8.6,4.1,5.0,4.0,Yes,Yes,English,0
17.0,Male,High school,Medium,Yes,11.3,7.5,3.7,3.0,3.0,No,Yes,Geography,0
13.0,Female,College,Medium,No,10.2,7.4,6.7,1.0,5.0,Yes,Yes,Math,0
14.0,Male,College,Medium,No,13.7,8.6,3.5,2.0,2.0,Yes,Yes,Science,0
16.0,Female,Postgrad,Low,No,11.8,7.6,5.6,1.0,4.0,No,Yes,Unknown,0
17.0,Female,No formal,Low,No,14.9,6.8,5.1,4.0,4.0,Yes,Yes,Math,0
17.0,Female,No formal,Medium,Yes,5.0,9.4,3.0,4.0,1.0,Yes,Yes,English,0
16.0,Female,Postgrad,Medium,Yes,16.3,9.5,2.5,5.0,4.0,Yes,Yes,Math,0
13.0,Female,College,Low,Yes,15.2,6.9,2.2,3.0,5.0,Yes,Yes,Math,0
14.0,Female,College,Medium,No,9.6,7.5,3.4,3.0,2.0,Yes,Yes,Science,0
17.0,Female,High school,Medium,Yes,16.4,8.1,4.9,2.0,2.0,Yes,Yes,Math,0
16.0,Female,No formal,High,No,16.5,8.2,4.0,5.0,1.0,No,Yes,Math,0
14.0,Female,College,Medium,No,7.5,8.4,3.6,1.0,4.0,Yes,Yes,Science,0
18.0,Female,College,Medium,Yes,15.6,6.0,3.0,5.0,2.0,Yes,Yes,Science,0
16.0,Female,Postgrad,Medium,No,12.4,8.7,4.2,4.0,4.0,Yes,Yes,Unknown,0
16.0,Male,College,Low,Yes,11.2,9.5,3.6,1.0,2.0,Yes,Yes,History,0
16.0,Male,College,Medium,No,10.6,6.6,3.2,3.0,5.0,No,Yes,History,0
12.0,Male,Postgrad,Medium,Yes,10.1,6.8,4.8,3.0,4.0,Yes,Yes,Science,0
14.0,Male,No formal,High,No,15.9,7.5,3.7,1.0,3.0,Yes,Yes,Geography,0
18.0,Female,College,Medium,Yes,15.9,6.6,2.5,3.0,2.0,Yes,Yes,Math,0
13.0,Male,Postgrad,High,Yes,5.5,8.2,1.6,4.0,3.0,Yes,No,Science,0
14.0,Prefer not to say,No formal,High,Yes,11.7,7.4,5.2,5.0,1.0,Yes,Yes,Math,0
14.0,Male,College,High,Yes,5.0,7.2,7.2,4.0,4.0,Yes,Yes,Math,0
17.0,Female,High school,High,Yes,11.8,6.2,4.6,5.0,3.0,No,No,Science,0
16.0,Male,College,Medium,Yes,11.8,7.4,3.1,5.0,5.0,Yes,Yes,Science,0
15.0,Male,Postgrad,High,Yes,17.2,6.5,2.9,2.0,5.0,No,Yes,Science,0
12.0,Male,College,High,Yes,6.6,8.0,3.2,2.0,5.0,No,Yes,Unknown,0
16.0,Female,No formal,High,Yes,11.8,7.7,4.3,2.0,1.0,Yes,Yes,Math,0
18.0,Male,Postgrad,High,Yes,11.9,6.7,3.3,5.0,1.0,Yes,Yes,Science,0
15.0,Female,College,Medium,No,7.4,8.4,4.4,3.0,4.0,No,Yes,Science,0
18.0,Male,College,High,Yes,18.4,7.9,5.0,2.0,5.0,No,Yes,Math,0
13.0,Female,Postgrad,Low,Yes,20.1,7.0,3.3,1.0,3.0,Yes,Yes,Science,0
15.0,Female,College,High,Yes,4.7,7.8,3.3,3.0,4.0,Yes,Yes,Math,0
12.0,Male,No formal,Medium,No,13.0,8.0,2.8,3.0,1.0,Yes,Yes,Science,0
12.0,Male,Postgrad,Low,Yes,6.0,6.3,3.6,3.0,5.0,Yes,Yes,Math,0
13.0,Male,High school,Medium,Yes,12.6,7.1,1.6,3.0,3.0,Yes,Yes,Unknown,0
17.0,Female,High school,Medium,No,11.8,8.2,4.6,5.0,5.0,Yes,Yes,Math,0
13.0,Male,College,Low,Yes,8.0,8.7,1.2,1.0,2.0,Yes,Yes,English,0
17.0,Female,No formal,Medium,No,14.2,7.1,2.3,4.0,1.0,Yes,No,History,0
16.0,Female,Postgrad,High,Yes,8.9,7.6,3.8,4.0,5.0,Yes,Yes,English,0
18.0,Male,College,High,Yes,16.5,6.3,4.3,5.0,4.0,Yes,Yes,English,0
16.0,Male,College,Medium,Yes,7.1,8.5,3.5,5.0,5.0,No,Yes,Science,0
12.0,Female,College,Medium,Yes,5.9,7.9,6.6,2.0,3.0,Yes,Yes,English,0
16.0,Male,College,Medium,Yes,10.5,7.2,2.0,1.0,5.0,Yes,Yes,Science,0
12.0,Female,College,Medium,Yes,5.3,8.1,4.5,3.0,3.0,Yes,Yes,Science,0
17.0,Male,College,Medium,Yes,15.7,6.6,5.0,4.0,3.0,Yes,Yes,Math,0
14.0,Male,High school,Low,Yes,12.0,7.5,1.8,3.0,4.0,Yes,Yes,English,0
18.0,Female,Postgrad,Medium,No,12.8,7.9,4.6,4.0,1.0,Yes,Yes,Math,0
17.0,Female,College,Medium,Yes,9.9,8.0,1.0,1.0,2.0,Yes,Yes,Math,0
15.0,Female,College,Medium,Yes,13.9,8.4,3.6,1.0,2.0,No,Yes,Math,0
16.0,Female,Postgrad,Low,No,5.4,9.1,5.6,4.0,1.0,Yes,Yes,Science,0
16.0,Male,College,High,No,6.6,8.3,3.6,5.0,1.0,No,Yes,Math,0
14.0,Female,No formal,Low,No,11.4,6.6,4.2,3.0,1.0,Yes,Yes,Math,0
12.0,Female,Postgrad,Medium,Yes,7.0,7.5,2.1,3.0,1.0,Yes,Yes,History,0
16.0,Female,No formal,Medium,No,11.2,8.4,4.2,3.0,2.0,Yes,Yes,Math,0
18.0,Male,Postgrad,High,Yes,15.7,6.8,3.3,4.0,5.0,No,No,Math,0
16.0,Female,College,Medium,Yes,19.0,8.0,3.3,1.0,2.0,Yes,Yes,Math,0
16.0,Female,College,Medium,No,10.6,9.2,4.3,2.0,2.0,Yes,Yes,History,0
15.0,Female,College,High,Yes,15.4,9.3,3.9,2.0,3.0,No,Yes,Math,0
15.0,Female,Postgrad,High,Yes,15.0,6.9,3.0,3.0,3.0,Yes,No,Science,0
14.0,Male,High school,Medium,No,17.7,8.5,2.5,5.0,4.0,Yes,Yes,Geography,0
17.0,Male,High school,High,Yes,15.6,8.3,6.5,5.0,4.0,Yes,Yes,Science,0
12.0,Female,High school,High,Yes,5.3,6.9,2.5,2.0,4.0,Yes,Yes,English,0
13.0,Female,High school,Medium,Yes,7.7,8.8,4.4,3.0,4.0,Yes,Yes,English,0
16.0,Female,High school,Medium,Yes,13.4,9.1,3.2,5.0,2.0,Yes,Yes,Math,0
16.0,Male,High school,Low,Yes,15.8,10.0,4.0,3.0,4.0,No,Yes,English,0
14.0,Female,No formal,Medium,Yes,2.6,7.3,3.8,2.0,5.0,No,Yes,English,0
15.0,Female,College,Medium,Yes,13.4,7.2,7.8,4.0,1.0,Yes,Yes,Math,0
15.0,Male,No formal,Medium,Yes,8.0,7.9,5.8,4.0,1.0,Yes,Yes,Math,0
16.0,Female,College,Medium,Yes,15.0,7.0,3.8,4.0,5.0,Yes,Yes,English,0
15.0,Male,High school,Medium,Yes,14.9,9.1,5.0,4.0,3.0,Yes,Yes,History,0
14.0,Female,High school,High,Yes,13.8,7.4,5.8,4.0,5.0,No,Yes,History,0
14.0,Female,High school,Low,Yes,12.6,6.8,7.3,4.0,1.0,Yes,Yes,Math,0
17.0,Male,College,High,Yes,15.1,8.0,4.8,2.0,5.0,Yes,No,History,0
12.0,Male,High school,Medium,Yes,7.7,6.0,1.3,3.0,4.0,Yes,Yes,Math,0
17.0,Male,College,High,No,10.8,9.1,2.6,5.0,2.0,Yes,Yes,Science,0
14.0,Female,No formal,High,Yes,12.2,8.1,3.8,5.0,5.0,No,No,Unknown,0
12.0,Male,High school,Medium,No,7.9,8.0,5.1,2.0,1.0,Yes,No,Unknown,0
16.0,Male,High school,High,No,11.6,6.7,3.9,2.0,2.0,Yes,Yes,Science,0
16.0,Female,High school,High,Yes,9.6,7.8,2.8,3.0,1.0,Yes,Yes,Math,0
15.0,Male,High school,Low,Yes,12.0,8.6,3.8,1.0,1.0,Yes,Yes,Math,0
15.0,Female,College,High,Yes,9.6,7.3,3.0,4.0,1.0,Yes,Yes,Math,0
14.0,Male,High school,High,Yes,18.5,6.3,2.9,2.0,1.0,Yes,Yes,Math,0
12.0,Male,College,Low,Yes,17.0,7.1,6.6,1.0,4.0,No,Yes,Science,0
18.0,Female,High school,Medium,No,16.8,9.4,4.3,4.0,4.0,No,Yes,Science,0
15.0,Male,High school,Medium,Yes,10.5,9.2,3.6,3.0,5.0,Yes,Yes,Science,0
16.0,Female,High school,High,No,10.6,7.8,7.3,3.0,1.0,Yes,Yes,Science,0
16.0,Female,Postgrad,Medium,Yes,15.8,9.2,2.4,2.0,5.0,No,No,Unknown,0
14.0,Female,College,Medium,Yes,9.9,8.2,7.0,1.0,4.0,Yes,Yes,English,0
16.0,Male,No formal,High,Yes,18.2,6.9,2.0,2.0,4.0,Yes,Yes,Math,0
14.0,Male,High school,Low,Yes,7.7,7.5,7.3,3.0,3.0,No,Yes,Geography,0
12.0,Female,Postgrad,Medium,Yes,7.6,7.2,6.9,4.0,4.0,No,Yes,Science,0
12.0,Female,College,Medium,Yes,9.9,8.1,4.2,4.0,3.0,Yes,Yes,Geography,0
15.0,Male,College,Low,No,14.7,7.2,4.0,1.0,5.0,Yes,Yes,Math,0
12.0,Female,College,High,Yes,5.1,9.0,1.4,1.0,5.0,No,Yes,History,0
18.0,Female,Postgrad,Low,Yes,15.0,8.6,3.5,1.0,2.0,Yes,Yes,Unknown,0
17.0,Male,College,Low,No,6.6,8.5,5.8,5.0,1.0,Yes,Yes,History,0
12.0,Male,High school,Medium,Yes,10.7,7.7,1.0,3.0,5.0,Yes,Yes,Science,0
16.0,Male,Postgrad,High,Yes,13.0,8.0,4.0,5.0,3.0,Yes,Yes,Science,0
13.0,Female,No formal,Medium,No,6.7,9.0,1.9,5.0,1.0,Yes,Yes,Science,0
15.0,Male,College,Medium,Yes,19.0,7.6,3.2,5.0,1.0,Yes,Yes,English,0
18.0,Female,College,Medium,No,13.2,6.6,2.2,2.0,2.0,Yes,Yes,English,0
14.0,Male,College,Low,Yes,9.7,6.1,2.8,3.0,4.0,Yes,No,Math,0
16.0,Female,Postgrad,Low,Yes,4.6,7.9,4.8,2.0,4.0,Yes,Yes,Math,0
18.0,Female,High school,Medium,Yes,14.8,7.9,3.1,4.0,5.0,No,Yes,Math,0
14.0,Female,College,High,No,15.5,7.2,4.4,4.0,2.0,No,Yes,Math,0
12.0,Female,Postgrad,High,Yes,11.2,6.9,6.6,1.0,1.0,Yes,Yes,English,0
13.0,Female,College,High,Yes,7.4,8.1,1.7,3.0,3.0,Yes,Yes,Science,0
14.0,Female,High school,Medium,Yes,19.7,8.0,4.8,4.0,5.0,Yes,Yes,Unknown,0
17.0,Female,High school,Low,No,14.5,8.7,5.6,1.0,4.0,Yes,Yes,Science,0
17.0,Male,College,Low,Yes,17.3,7.7,3.5,5.0,5.0,No,Yes,Unknown,0
15.0,Female,College,Medium,Yes,13.2,6.4,1.7,4.0,5.0,Yes,Yes,Science,0
12.0,Male,College,Low,No,6.6,8.3,2.2,5.0,4.0,Yes,Yes,Science,0
16.0,Female,College,Medium,Yes,13.4,7.4,6.5,4.0,2.0,No,Yes,English,0
12.0,Female,College,Medium,Yes,1.3,7.5,1.7,1.0,4.0,No,Yes,Math,0
13.0,Male,Postgrad,Low,Yes,7.4,8.1,5.5,4.0,3.0,No,Yes,Unknown,0
18.0,Female,College,Low,Yes,12.0,8.3,3.0,4.0,4.0,Yes,Yes,Math,0
14.0,Male,College,High,Yes,10.4,6.3,4.5,2.0,1.0,No,Yes,Math,0
15.0,Prefer not to say,Postgrad,Medium,Yes,11.6,8.0,1.3,5.0,4.0,Yes,Yes,Math,0
15.0,Female,High school,Low,No,8.7,8.5,4.7,4.0,1.0,Yes,Yes,English,0
16.0,Female,College,Medium,Yes,14.6,7.0,2.2,5.0,4.0,Yes,Yes,Science,0
15.0,Female,College,Low,Yes,11.4,6.9,5.9,2.0,1.0,No,Yes,Math,0
16.0,Female,Postgrad,High,Yes,16.7,7.0,1.2,5.0,3.0,Yes,Yes,History,0
16.0,Female,High school,Low,Yes,13.1,6.7,2.4,2.0,4.0,Yes,Yes,Science,0
13.0,Male,Postgrad,Medium,No,9.1,7.1,2.0,4.0,3.0,Yes,Yes,Science,0
12.0,Male,High school,High,No,10.1,8.6,6.6,1.0,5.0,Yes,Yes,Math,0
16.0,Male,High school,Medium,No,9.5,7.3,5.5,2.0,5.0,Yes,Yes,English,0
15.0,Male,High school,Medium,Yes,7.8,6.9,6.9,4.0,1.0,Yes,Yes,Math,0
15.0,Female,High school,High,Yes,7.9,7.8,2.8,5.0,4.0,Yes,Yes,Math,0
15.0,Prefer not to say,High school,Medium,Yes,6.5,7.6,7.3,4.0,3.0,No,Yes,English,0
16.0,Female,High school,Medium,Yes,15.9,5.0,6.5,2.0,5.0,No,No,Math,0
18.0,Female,College,Medium,No,17.3,6.7,2.6,2.0,1.0,Yes,Yes,Math,0
18.0,Male,High school,Low,Yes,12.6,7.9,2.3,1.0,4.0,No,Yes,Math,0
14.0,Male,College,Medium,Yes,10.2,8.0,1.0,1.0,4.0,No,Yes,Science,0
14.0,Male,College,Low,Yes,10.3,7.8,2.7,1.0,5.0,Yes,Yes,History,0
17.0,Female,College,High,No,11.3,9.8,5.6,2.0,5.0,No,Yes,History,0
15.0,Female,College,High,Yes,14.4,8.2,4.8,3.0,3.0,Yes,Yes,Science,0
13.0,Female,College,Low,Yes,8.6,7.3,3.4,2.0,3.0,Yes,Yes,History,0
15.0,Male,No formal,Medium,Yes,17.4,8.1,4.7,3.0,3.0,Yes,Yes,Science,0
17.0,Male,College,Medium,No,18.1,9.8,5.9,4.0,5.0,Yes,Yes,History,0
15.0,Male,College,High,Yes,11.8,9.0,3.7,2.0,2.0,No,Yes,English,0
18.0,Male,High school,Medium,Yes,8.4,8.0,6.6,5.0,4.0,Yes,Yes,Science,0
12.0,Male,Postgrad,Medium,No,8.9,7.5,4.8,4.0,2.0,Yes,Yes,Science,0
13.0,Female,High school,Medium,Yes,13.2,7.4,2.0,3.0,4.0,Yes,No,Math,0
14.0,Female,No formal,High,Yes,18.7,8.7,3.3,3.0,1.0,No,Yes,Math,0
16.0,Male,College,Medium,Yes,13.8,9.2,4.6,3.0,3.0,Yes,Yes,Science,0
15.0,Female,Postgrad,Medium,Yes,11.0,7.0,5.2,3.0,2.0,Yes,Yes,Unknown,0
18.0,Female,Postgrad,Medium,Yes,21.1,6.9,2.0,5.0,4.0,Yes,Yes,Geography,0
17.0,Female,Postgrad,Medium,No,14.2,7.9,5.3,4.0,4.0,Yes,Yes,Math,0
15.0,Male,College,Low,Yes,8.9,6.7,3.7,3.0,5.0,Yes,Yes,Science,0
15.0,Male,Postgrad,Medium,Yes,12.4,6.3,3.0,4.0,2.0,No,Yes,Science,0
14.0,Female,College,Low,No,10.1,6.9,4.0,5.0,3.0,No,Yes,Geography,0
18.0,Male,High school,Low,No,16.1,9.0,4.0,1.0,3.0,Yes,Yes,Unknown,0
15.0,Prefer not to say,No formal,Low,Yes,15.5,5.6,3.3,5.0,4.0,No,Yes,Math,0
18.0,Male,Postgrad,Low,Yes,8.2,6.8,3.8,2.0,2.0,No,Yes,English,0
17.0,Male,High school,High,Yes,10.2,5.7,4.2,1.0,5.0,No,No,Math,0
13.0,Female,Postgrad,Medium,Yes,8.5,7.9,2.3,2.0,2.0,Yes,Yes,History,0
15.0,Female,High school,Low,Yes,11.5,8.0,1.2,4.0,3.0,No,Yes,Unknown,0
15.0,Male,High school,Medium,Yes,11.7,5.9,2.2,5.0,4.0,Yes,Yes,Geography,0
16.0,Female,College,Medium,Yes,13.0,7.5,7.5,1.0,4.0,Yes,Yes,Science,0
18.0,Female,College,Low,Yes,9.8,7.6,1.7,5.0,2.0,Yes,Yes,Math,0
14.0,Female,Postgrad,Medium,No,6.7,5.9,6.5,5.0,4.0,Yes,Yes,Science,0
13.0,Male,College,Medium,No,8.5,8.6,4.6,5.0,3.0,Yes,Yes,English,0
13.0,Male,High school,Medium,Yes,10.9,6.9,2.2,2.0,5.0,Yes,Yes,Science,0
13.0,Male,High school,Low,Yes,11.2,7.4,1.9,4.0,1.0,Yes,Yes,Math,0
13.0,Male,High school,Medium,No,12.0,8.5,3.0,1.0,4.0,Yes,Yes,History,0
13.0,Male,College,Low,Yes,7.5,8.2,3.8,3.0,3.0,Yes,Yes,Math,0
17.0,Male,College,High,Yes,10.7,7.9,6.1,3.0,1.0,No,Yes,Math,0
13.0,Prefer not to say,College,High,Yes,10.6,8.1,6.4,1.0,1.0,No,Yes,English,0
18.0,Female,Postgrad,Medium,Yes,7.0,6.4,1.3,2.0,1.0,No,Yes,Geography,0
13.0,Prefer not to say,High school,Medium,Yes,5.4,8.5,3.0,5.0,2.0,No,No,Unknown,0
16.0,Female,College,Low,Yes,12.2,7.1,2.7,4.0,1.0,No,Yes,Science,0
13.0,Prefer not to say,High school,Medium,Yes,11.9,7.2,3.8,4.0,4.0,Yes,Yes,Science,0
15.0,Male,No formal,Low,Yes,6.9,8.1,3.3,2.0,3.0,Yes,Yes,Math,0
16.0,Male,No formal,Medium,Yes,7.8,7.5,4.1,5.0,2.0,Yes,Yes,Science,0
17.0,Male,Postgrad,High,No,15.6,8.4,6.9,2.0,1.0,Yes,Yes,Math,0
17.0,Male,High school,Low,Yes,17.4,8.1,3.6,1.0,2.0,Yes,Yes,Science,0
13.0,Male,College,High,No,11.1,7.3,4.8,1.0,2.0,Yes,Yes,History,0
13.0,Female,High school,Medium,Yes,14.5,6.3,5.0,5.0,3.0,Yes,Yes,Math,0
17.0,Male,College,Medium,Yes,12.6,8.7,2.9,3.0,4.0,Yes,No,Math,0
16.0,Male,High school,Medium,Yes,17.3,7.5,3.2,2.0,5.0,Yes,Yes,Science,0
14.0,Female,College,Medium,Yes,8.8,7.1,3.9,1.0,4.0,No,Yes,Geography,0
12.0,Female,Postgrad,Low,Yes,12.9,7.1,7.5,5.0,3.0,Yes,No,Math,0
18.0,Female,Postgrad,High,Yes,13.4,7.3,1.9,3.0,1.0,Yes,Yes,Math,0
13.0,Female,College,Medium,No,6.9,5.7,4.4,5.0,5.0,Yes,Yes,Math,0
16.0,Female,College,High,Yes,12.1,7.2,5.1,1.0,3.0,Yes,Yes,Math,0
12.0,Female,College,Medium,No,6.6,6.9,4.8,5.0,5.0,Yes,Yes,Unknown,0
13.0,Female,College,Low,Yes,9.9,6.0,2.0,2.0,5.0,No,Yes,History,0
12.0,Female,Postgrad,Low,No,8.8,8.2,4.4,5.0,5.0,Yes,Yes,Science,0
16.0,Male,College,Medium,Yes,10.6,8.3,5.3,4.0,3.0,Yes,Yes,Math,0
14.0,Female,No formal,Medium,No,10.2,7.8,5.7,2.0,1.0,Yes,Yes,Math,0
17.0,Male,No formal,Medium,Yes,8.0,7.2,1.8,5.0,1.0,No,Yes,History,0
18.0,Female,College,Low,No,17.1,8.0,3.5,2.0,4.0,Yes,Yes,Geography,0
16.0,Male,Postgrad,Low,No,16.3,7.7,5.2,5.0,2.0,Yes,Yes,English,0
13.0,Male,College,High,No,6.1,7.0,6.5,5.0,2.0,Yes,Yes,English,0
15.0,Male,College,Low,Yes,7.7,7.8,3.9,4.0,3.0,No,Yes,Math,0
17.0,Male,College,Medium,Yes,11.8,7.8,4.1,1.0,2.0,Yes,Yes,English,0
16.0,Male,High school,Medium,No,10.7,6.3,3.8,2.0,2.0,Yes,Yes,English,0
12.0,Male,Postgrad,Medium,No,9.8,9.0,2.8,4.0,2.0,Yes,Yes,Science,0
12.0,Prefer not to say,No formal,High,Yes,11.8,7.4,5.2,3.0,5.0,Yes,Yes,Math,0
17.0,Male,College,Medium,Yes,14.4,8.5,2.9,2.0,1.0,Yes,Yes,Science,0
16.0,Male,Postgrad,Medium,Yes,13.1,7.7,4.3,3.0,4.0,Yes,Yes,Science,0
18.0,Male,High school,Low,No,13.0,7.3,1.9,2.0,1.0,Yes,Yes,Unknown,0
14.0,Female,College,Medium,Yes,6.4,7.8,2.7,5.0,1.0,No,Yes,Math,0
12.0,Male,No formal,Low,Yes,7.2,7.0,6.7,3.0,5.0,Yes,No,History,0
12.0,Male,No formal,Low,Yes,7.4,8.4,2.0,1.0,3.0,No,No,Science,0
14.0,Female,High school,High,Yes,8.4,7.5,2.7,3.0,4.0,Yes,Yes,Math,0
16.0,Male,College,High,Yes,11.6,8.7,4.7,5.0,4.0,No,Yes,Math,0
18.0,Female,College,Low,Yes,16.3,6.5,2.6,5.0,1.0,Yes,Yes,History,0
16.0,Female,College,Medium,No,12.0,7.1,5.6,2.0,5.0,No,Yes,History,0
13.0,Female,College,Medium,Yes,8.9,6.9,2.0,4.0,1.0,Yes,Yes,English,0
13.0,Female,College,Low,Yes,3.9,8.4,4.7,4.0,1.0,Yes,No,Geography,0
16.0,Male,College,Medium,No,13.9,5.9,2.1,5.0,5.0,Yes,Yes,Unknown,0
14.0,Male,No formal,Low,No,16.5,6.5,1.9,2.0,2.0,No,Yes,Science,0
17.0,Male,No formal,High,No,16.7,7.2,3.2,4.0,1.0,Yes,Yes,Math,0
14.0,Female,No formal,Low,Yes,15.8,9.6,2.9,2.0,2.0,Yes,Yes,Science,0
14.0,Male,High school,Medium,Yes,11.5,7.5,3.4,1.0,3.0,Yes,Yes,Science,0
13.0,Female,College,Medium,Yes,13.3,7.6,7.6,4.0,3.0,No,Yes,Math,0
17.0,Female,College,Medium,Yes,13.7,8.3,5.1,2.0,3.0,Yes,Yes,Geography,0
14.0,Female,College,High,Yes,13.1,8.1,5.4,3.0,4.0,Yes,No,English,0
17.0,Female,High school,Low,Yes,11.0,6.8,4.5,3.0,4.0,No,Yes,Science,0
18.0,Male,High school,Medium,No,16.1,6.6,3.1,5.0,1.0,No,Yes,Math,0
17.0,Female,College,Medium,No,14.2,7.1,1.8,4.0,2.0,No,No,English,0
16.0,Female,High school,Low,Yes,9.5,9.1,1.7,3.0,5.0,Yes,Yes,Unknown,0
17.0,Male,High school,Low,Yes,16.4,9.0,5.4,2.0,5.0,Yes,Yes,Math,0
18.0,Male,College,Medium,Yes,11.9,8.0,5.5,4.0,4.0,Yes,Yes,English,0
15.0,Male,College,High,Yes,4.8,7.5,4.8,1.0,5.0,No,Yes,English,0
16.0,Female,High school,Low,No,8.7,7.3,5.7,1.0,3.0,Yes,Yes,English,0
14.0,Male,College,Medium,Yes,9.3,8.0,5.8,5.0,4.0,Yes,Yes,Math,0
15.0,Male,College,High,Yes,14.4,9.4,4.5,4.0,4.0,No,Yes,Science,0
12.0,Female,High school,Low,Yes,13.4,6.7,4.2,5.0,4.0,Yes,Yes,Unknown,0
14.0,Male,High school,Medium,Yes,6.6,5.7,5.1,3.0,3.0,Yes,Yes,Math,0
16.0,Female,College,Medium,No,8.0,9.3,4.1,5.0,1.0,Yes,Yes,Math,0
16.0,Male,High school,Medium,Yes,6.7,8.7,1.2,5.0,1.0,Yes,Yes,Math,0
15.0,Female,Postgrad,Medium,No,12.2,8.2,4.2,3.0,4.0,No,Yes,Science,0
12.0,Female,High school,Medium,Yes,16.8,9.3,5.1,4.0,4.0,Yes,No,English,0
18.0,Female,High school,Low,Yes,17.6,6.6,4.1,2.0,1.0,Yes,Yes,Science,0
18.0,Male,Postgrad,Low,Yes,10.8,7.8,3.7,2.0,3.0,Yes,Yes,Math,0
14.0,Female,College,Low,No,7.5,8.9,6.8,3.0,5.0,No,Yes,Unknown,0
18.0,Female,No formal,Low,Yes,19.5,8.9,3.4,3.0,1.0,No,Yes,Science,0
16.0,Male,College,High,Yes,8.2,7.3,4.0,3.0,3.0,Yes,Yes,Science,0
13.0,Male,College,Low,Yes,14.8,7.0,2.5,4.0,5.0,Yes,Yes,Math,0
15.0,Female,High school,High,Yes,13.5,5.2,2.8,3.0,2.0,Yes,Yes,Science,0
14.0,Male,College,Medium,Yes,21.1,7.8,6.6,4.0,3.0,Yes,Yes,Math,0
16.0,Female,College,Medium,No,17.5,6.1,5.9,4.0,1.0,No,Yes,English,0
15.0,Female,High school,Medium,Yes,12.1,7.5,2.0,5.0,1.0,Yes,Yes,Unknown,0
15.0,Female,College,Low,Yes,8.6,9.4,4.7,4.0,4.0,Yes,Yes,Math,0
13.0,Male,College,Low,Yes,6.2,8.7,4.4,3.0,4.0,Yes,Yes,Math,0
18.0,Male,College,High,Yes,16.5,7.9,5.5,4.0,1.0,Yes,Yes,English,0
12.0,Male,No formal,Medium,No,9.2,8.2,3.2,2.0,3.0,Yes,Yes,Science,0
17.0,Female,High school,Medium,No,7.0,7.3,3.8,5.0,3.0,Yes,Yes,Unknown,0
17.0,Male,College,Medium,Yes,15.1,8.0,5.8,4.0,3.0,No,Yes,Science,0
15.0,Female,College,Medium,Yes,16.3,7.0,1.7,5.0,5.0,Yes,No,Math,0
15.0,Male,College,Low,No,16.2,8.1,3.1,2.0,3.0,Yes,Yes,Math,0
12.0,Prefer not to say,High school,Medium,Yes,8.6,7.7,3.0,1.0,2.0,Yes,Yes,English,0
14.0,Female,Postgrad,Medium,Yes,11.9,7.8,3.2,4.0,2.0,Yes,Yes,Science,0
16.0,Female,High school,Medium,No,14.9,8.2,2.8,5.0,2.0,Yes,Yes,Math,0
12.0,Female,College,Medium,Yes,13.1,9.1,4.7,4.0,3.0,Yes,Yes,Math,0
14.0,Male,No formal,Medium,No,15.5,6.7,3.4,5.0,4.0,No,Yes,Math,0
17.0,Female,College,Low,No,10.5,7.1,3.4,3.0,1.0,No,Yes,Science,0
14.0,Female,Postgrad,Medium,Yes,7.2,7.6,3.8,2.0,3.0,No,Yes,History,0
18.0,Male,High school,Medium,No,18.7,8.6,2.8,5.0,1.0,Yes,No,Math,0
17.0,Female,College,High,Yes,18.5,7.9,4.9,4.0,1.0,No,Yes,English,0
17.0,Female,High school,Medium,Yes,14.2,7.1,6.8,2.0,4.0,Yes,Yes,Unknown,0
18.0,Prefer not to say,College,High,Yes,10.6,9.7,5.0,4.0,5.0,No,Yes,History,0
13.0,Male,College,Medium,Yes,12.8,6.2,2.8,5.0,5.0,Yes,Yes,Math,0
16.0,Male,College,Medium,Yes,16.0,6.8,7.6,5.0,3.0,Yes,Yes,Science,0
18.0,Female,College,High,Yes,16.8,6.3,2.6,4.0,3.0,No,Yes,Math,0
16.0,Female,No formal,Low,Yes,11.4,7.1,6.2,3.0,5.0,Yes,Yes,English,0
17.0,Female,College,Low,Yes,16.0,8.7,1.3,1.0,1.0,No,Yes,Math,0
13.0,Female,College,Medium,No,8.1,7.0,7.1,2.0,4.0,Yes,Yes,Math,0
12.0,Female,College,Medium,Yes,5.4,7.1,6.4,2.0,5.0,No,Yes,Unknown,0
15.0,Female,No formal,Medium,Yes,11.8,7.9,4.2,5.0,2.0,No,Yes,English,0
17.0,Female,High school,Medium,No,11.8,6.5,5.9,2.0,5.0,Yes,Yes,Math,0
15.0,Male,High school,Medium,Yes,7.4,8.6,4.5,1.0,4.0,No,Yes,Unknown,0
18.0,Prefer not to say,College,Medium,No,10.0,8.1,4.8,5.0,3.0,Yes,Yes,Math,0
17.0,Male,High school,Medium,Yes,8.4,6.7,2.7,3.0,4.0,Yes,Yes,Science,0
17.0,Male,High school,Low,Yes,11.6,6.8,3.4,5.0,2.0,Yes,Yes,Math,0
15.0,Male,No formal,High,Yes,12.3,7.1,5.9,3.0,2.0,Yes,Yes,Math,0
17.0,Male,College,Medium,Yes,19.3,8.5,7.0,5.0,5.0,No,Yes,English,0
15.0,Male,Postgrad,Medium,Yes,12.5,8.2,2.3,2.0,4.0,Yes,Yes,Math,0
13.0,Female,High school,Medium,Yes,15.0,7.0,2.6,1.0,1.0,Yes,Yes,Science,0
16.0,Male,High school,Low,Yes,14.0,8.7,3.2,1.0,4.0,Yes,No,Math,0
18.0,Male,College,Medium,No,12.1,7.3,4.4,5.0,5.0,No,Yes,Science,0
18.0,Male,High school,Medium,Yes,10.2,7.1,3.4,5.0,2.0,Yes,Yes,Math,0
14.0,Male,College,Medium,No,7.7,6.7,3.2,3.0,1.0,No,Yes,English,0
14.0,Male,College,Medium,Yes,6.6,8.5,3.6,4.0,1.0,Yes,Yes,Science,0
16.0,Male,College,Low,Yes,11.7,7.3,5.0,1.0,3.0,Yes,Yes,Science,0
15.0,Female,College,Low,Yes,6.8,7.4,3.5,3.0,3.0,No,No,Unknown,0
14.0,Male,Postgrad,Medium,No,14.8,9.7,2.1,5.0,3.0,Yes,Yes,Science,0
16.0,Male,High school,High,Yes,6.5,6.5,1.9,2.0,5.0,No,Yes,Math,0
12.0,Male,College,High,No,9.0,7.6,1.0,4.0,5.0,Yes,Yes,English,0
17.0,Male,Postgrad,High,No,19.3,6.4,3.3,4.0,2.0,Yes,Yes,Math,0
15.0,Female,Postgrad,Medium,Yes,14.8,6.9,3.6,5.0,1.0,Yes,Yes,Math,0
13.0,Male,No formal,High,Yes,8.3,8.5,4.3,5.0,3.0,No,Yes,Science,0
15.0,Female,High school,Medium,Yes,11.2,7.1,6.8,4.0,5.0,Yes,Yes,Science,0
17.0,Female,High school,Medium,Yes,18.4,7.3,4.0,1.0,2.0,Yes,Yes,Unknown,0
18.0,Male,No formal,Medium,No,13.0,8.8,1.0,5.0,2.0,No,Yes,Geography,0
17.0,Male,High school,Medium,No,14.8,6.8,3.3,2.0,1.0,No,Yes,Math,0
18.0,Female,College,High,Yes,13.4,7.2,3.7,2.0,3.0,Yes,Yes,History,0
18.0,Female,Postgrad,High,Yes,20.2,7.1,2.5,2.0,1.0,Yes,Yes,Math,0
15.0,Female,High school,High,Yes,9.9,6.9,5.2,5.0,4.0,Yes,Yes,History,0
14.0,Male,High school,Low,Yes,10.5,6.3,3.9,5.0,2.0,Yes,Yes,Science,0
16.0,Male,College,Medium,Yes,7.7,7.6,2.0,3.0,4.0,Yes,No,History,0
18.0,Male,High school,High,No,7.2,7.2,3.5,5.0,4.0,Yes,Yes,Geography,0
14.0,Female,Postgrad,Medium,Yes,10.9,7.8,1.7,2.0,3.0,Yes,Yes,Geography,0
17.0,Male,High school,Medium,Yes,15.4,7.9,1.0,1.0,1.0,No,Yes,Math,0
13.0,Male,Postgrad,Low,No,11.1,6.5,3.3,1.0,1.0,Yes,Yes,English,0
16.0,Female,College,Medium,Yes,6.0,7.9,5.5,3.0,5.0,Yes,Yes,Math,0
12.0,Male,High school,Low,Yes,9.6,5.8,2.0,4.0,1.0,No,Yes,Math,0
17.0,Female,College,High,Yes,7.7,6.9,4.8,3.0,5.0,Yes,Yes,Science,0
16.0,Female,High school,Medium,Yes,11.8,6.4,5.6,3.0,4.0,Yes,Yes,Science,0
18.0,Male,College,Medium,Yes,14.3,8.1,3.0,4.0,3.0,Yes,Yes,Unknown,0
14.0,Prefer not to say,High school,Low,Yes,14.9,8.0,4.2,2.0,3.0,No,Yes,Unknown,0
16.0,Female,No formal,High,Yes,4.7,7.5,2.3,1.0,5.0,No,No,Math,0
14.0,Female,Postgrad,High,Yes,11.2,5.9,5.7,4.0,2.0,Yes,Yes,Unknown,0
15.0,Female,College,Medium,Yes,10.9,7.1,4.4,5.0,3.0,Yes,Yes,Math,0
15.0,Female,High school,Low,Yes,11.8,9.1,7.0,3.0,5.0,Yes,Yes,Science,0
14.0,Female,College,Medium,Yes,17.8,6.6,2.5,3.0,4.0,Yes,Yes,Geography,0
17.0,Female,Postgrad,High,No,16.2,7.3,6.7,4.0,3.0,Yes,No,Science,0
14.0,Male,High school,High,Yes,8.8,9.5,6.6,2.0,1.0,Yes,Yes,Math,0
15.0,Male,Postgrad,Low,No,7.8,5.8,4.2,5.0,5.0,Yes,Yes,Science,0
17.0,Female,High school,Medium,No,10.1,7.3,2.6,3.0,4.0,Yes,Yes,Math,0
14.0,Female,High school,Medium,No,20.0,7.4,7.1,5.0,1.0,No,Yes,Math,0
13.0,Female,No formal,Low,No,11.1,6.5,4.7,2.0,5.0,Yes,Yes,Geography,0
17.0,Female,College,Low,Yes,13.1,8.3,5.7,5.0,3.0,No,Yes,Science,0
13.0,Male,College,Medium,Yes,15.0,6.8,3.9,4.0,2.0,Yes,Yes,Math,0
14.0,Female,Postgrad,Medium,Yes,12.1,7.7,2.4,1.0,2.0,Yes,Yes,English,0
12.0,Female,High school,High,Yes,15.3,6.5,3.7,2.0,4.0,Yes,No,History,0
14.0,Male,College,Medium,Yes,13.1,8.0,5.2,4.0,1.0,No,Yes,Math,0
18.0,Female,College,High,Yes,13.3,5.7,2.5,5.0,1.0,No,Yes,Geography,0
16.0,Male,College,Low,No,9.3,7.6,6.1,1.0,3.0,Yes,Yes,History,0
14.0,Male,College,Low,Yes,6.0,7.9,5.5,5.0,1.0,No,Yes,Science,0
12.0,Female,High school,Low,Yes,2.0,8.2,5.9,3.0,1.0,No,No,English,0
17.0,Female,High school,Medium,Yes,13.6,7.2,7.8,3.0,1.0,No,No,Science,0
12.0,Male,Postgrad,High,Yes,12.9,6.4,4.2,4.0,1.0,Yes,Yes,English,0
12.0,Male,No formal,High,No,3.3,8.8,4.3,4.0,1.0,Yes,Yes,Unknown,0
16.0,Male,College,Medium,No,14.1,5.0,5.5,3.0,2.0,Yes,Yes,History,0
17.0,Female,High school,Medium,No,9.6,8.7,2.9,3.0,4.0,Yes,Yes,English,0
18.0,Male,Postgrad,Medium,No,12.0,8.1,7.8,1.0,2.0,Yes,Yes,Science,0
15.0,Female,High school,High,No,14.2,6.0,6.0,5.0,2.0,Yes,No,History,0
13.0,Female,College,Low,No,10.9,5.5,3.8,5.0,5.0,Yes,Yes,Math,0
14.0,Male,College,High,Yes,10.4,6.6,2.7,5.0,3.0,No,Yes,History,0
12.0,Female,Postgrad,Medium,No,10.5,7.7,3.9,1.0,1.0,Yes,Yes,Geography,0
13.0,Female,College,High,Yes,9.4,8.6,3.8,1.0,4.0,No,Yes,Unknown,0
13.0,Female,College,Low,Yes,8.8,6.6,5.3,2.0,5.0,Yes,Yes,Science,0
17.0,Prefer not to say,High school,Medium,Yes,12.1,7.5,4.7,5.0,3.0,No,Yes,Science,0
17.0,Female,College,Low,Yes,19.4,8.7,2.4,5.0,3.0,Yes,Yes,English,0
17.0,Male,High school,Low,Yes,8.9,8.6,5.3,4.0,1.0,No,Yes,Geography,0
17.0,Female,High school,High,Yes,11.3,7.8,2.8,5.0,2.0,Yes,Yes,Unknown,0
12.0,Male,No formal,Medium,Yes,4.7,6.7,4.4,2.0,2.0,No,Yes,History,0
16.0,Female,College,Low,Yes,7.0,6.6,4.0,2.0,5.0,Yes,Yes,Math,0
18.0,Female,High school,Medium,Yes,14.2,7.0,4.8,5.0,2.0,Yes,Yes,Math,0
13.0,Male,College,Medium,No,11.1,7.9,5.1,5.0,4.0,Yes,Yes,Science,0
16.0,Female,College,Low,Yes,7.3,7.6,4.3,5.0,5.0,Yes,Yes,Unknown,0
13.0,Female,Postgrad,Medium,Yes,13.1,7.5,6.0,5.0,2.0,Yes,Yes,Science,0
16.0,Female,College,Low,No,14.3,6.8,3.7,2.0,1.0,Yes,Yes,Math,0
16.0,Female,No formal,High,Yes,10.8,8.0,4.4,5.0,1.0,Yes,Yes,Math,0
14.0,Female,High school,Low,Yes,5.5,9.2,2.4,4.0,3.0,Yes,Yes,Science,0
16.0,Female,High school,High,Yes,10.6,6.6,4.4,4.0,2.0,Yes,Yes,Math,0
14.0,Male,Postgrad,Low,Yes,10.3,8.8,3.8,1.0,3.0,Yes,Yes,Geography,0
18.0,Female,College,Low,No,9.3,7.8,6.5,5.0,5.0,Yes,Yes,English,0
18.0,Female,College,Medium,Yes,19.1,7.4,5.0,5.0,4.0,No,Yes,History,0
16.0,Female,Postgrad,Medium,Yes,13.1,5.9,4.2,2.0,5.0,Yes,Yes,Math,0
18.0,Male,College,Medium,Yes,10.7,6.1,7.3,5.0,2.0,No,Yes,English,0
17.0,Male,High school,Low,No,4.5,7.1,2.2,4.0,1.0,Yes,Yes,English,0
17.0,Male,College,High,Yes,13.4,7.8,4.3,5.0,2.0,Yes,Yes,Math,0
15.0,Male,High school,Medium,Yes,11.5,6.0,4.4,2.0,5.0,Yes,Yes,History,0
13.0,Female,Postgrad,Medium,Yes,16.2,9.5,5.4,5.0,4.0,No,Yes,Science,0
18.0,Female,Postgrad,Medium,No,11.2,7.2,3.2,5.0,5.0,No,Yes,Geography,0
14.0,Female,Postgrad,High,No,13.6,9.5,1.0,5.0,1.0,Yes,Yes,Science,0
13.0,Male,College,Medium,Yes,14.5,8.0,3.0,3.0,2.0,No,Yes,English,0
16.0,Female,College,Medium,Yes,11.0,5.9,2.3,4.0,5.0,Yes,Yes,Science,0
16.0,Male,College,High,No,9.1,7.4,7.2,4.0,1.0,Yes,Yes,Math,0
16.0,Male,High school,Low,No,9.6,8.7,6.6,3.0,5.0,Yes,Yes,Science,0
13.0,Male,High school,Low,No,9.2,6.7,4.2,2.0,3.0,No,Yes,Unknown,0
16.0,Male,High school,Low,No,11.5,7.3,4.6,3.0,2.0,Yes,No,English,0
12.0,Female,High school,High,Yes,6.1,5.6,3.6,5.0,2.0,Yes,Yes,Math,0
14.0,Female,Postgrad,High,Yes,9.5,8.8,3.3,4.0,1.0,No,Yes,Science,0
13.0,Female,Postgrad,Medium,Yes,9.4,8.0,5.5,2.0,1.0,No,Yes,Geography,0
17.0,Male,College,High,No,11.1,7.3,6.0,5.0,4.0,Yes,Yes,English,0
13.0,Female,High school,Medium,Yes,11.5,6.5,5.1,1.0,1.0,Yes,Yes,Science,0
17.0,Female,No formal,Low,Yes,17.2,6.7,3.3,5.0,3.0,Yes,Yes,Math,0
16.0,Female,College,Medium,No,14.6,8.4,3.2,2.0,1.0,Yes,Yes,Math,0
15.0,Male,College,Medium,Yes,6.7,7.4,3.7,2.0,5.0,Yes,Yes,English,0
15.0,Male,College,Medium,No,12.5,9.9,1.2,4.0,2.0,Yes,Yes,Math,0
17.0,Male,College,Medium,No,11.4,7.5,6.3,3.0,3.0,Yes,Yes,Science,0
16.0,Male,High school,Low,Yes,11.4,8.1,3.5,4.0,1.0,Yes,Yes,English,0
14.0,Male,Postgrad,Medium,Yes,11.8,7.1,2.1,2.0,2.0,No,No,Math,0
17.0,Female,No formal,High,Yes,14.0,8.5,5.2,4.0,4.0,Yes,Yes,English,0
13.0,Male,Postgrad,Medium,Yes,15.7,7.7,3.1,3.0,2.0,No,Yes,Science,0
17.0,Male,High school,Low,No,15.0,7.9,5.3,3.0,2.0,No,No,Math,0
12.0,Prefer not to say,High school,Medium,No,8.2,6.2,3.3,3.0,5.0,Yes,Yes,Math,0
15.0,Female,College,Medium,No,18.0,6.8,5.8,1.0,4.0,Yes,Yes,Science,0
16.0,Female,High school,High,Yes,11.6,8.0,6.9,4.0,1.0,No,Yes,Science,0
18.0,Female,Postgrad,Medium,Yes,15.3,7.7,3.7,4.0,1.0,Yes,No,English,0
15.0,Female,No formal,Medium,Yes,10.1,6.3,3.1,2.0,2.0,No,Yes,Math,0
13.0,Male,High school,Medium,No,11.6,9.2,3.4,4.0,4.0,No,Yes,Science,0
15.0,Female,College,Low,No,9.0,8.0,4.0,2.0,1.0,Yes,Yes,Science,0
13.0,Female,College,Medium,Yes,8.5,7.0,3.9,3.0,1.0,Yes,Yes,Math,0
13.0,Female,High school,High,Yes,6.0,7.6,5.9,3.0,2.0,Yes,Yes,English,0
16.0,Female,Postgrad,High,Yes,9.6,7.8,3.6,4.0,1.0,Yes,No,Science,0
13.0,Female,High school,Medium,Yes,7.0,7.8,5.5,4.0,4.0,Yes,No,Geography,0
16.0,Male,College,Low,Yes,4.6,5.5,5.0,5.0,1.0,Yes,Yes,Science,0
12.0,Male,College,Medium,Yes,4.5,7.1,3.4,1.0,3.0,Yes,Yes,History,0
17.0,Male,College,Low,Yes,15.0,7.5,4.8,2.0,1.0,Yes,Yes,Science,0
14.0,Male,College,Medium,Yes,16.9,6.6,2.9,3.0,5.0,Yes,Yes,Science,0
15.0,Male,High school,Medium,Yes,11.1,8.9,3.6,2.0,5.0,Yes,Yes,History,0
12.0,Male,High school,High,No,6.5,4.9,2.8,5.0,3.0,No,Yes,Science,0
16.0,Male,College,Low,Yes,15.9,8.6,5.5,3.0,3.0,No,Yes,Science,0
16.0,Male,No formal,High,Yes,13.0,6.8,2.2,5.0,5.0,No,Yes,Science,0
16.0,Female,College,Low,Yes,13.7,5.8,5.3,5.0,5.0,Yes,Yes,Math,0
16.0,Male,High school,Low,Yes,5.5,6.5,2.1,4.0,5.0,No,Yes,Math,0
13.0,Female,No formal,High,Yes,9.4,7.9,3.0,5.0,5.0,Yes,Yes,Unknown,0
15.0,Male,College,Low,Yes,16.9,7.0,3.4,5.0,1.0,No,Yes,Math,0
16.0,Male,High school,Low,Yes,10.5,7.8,5.2,5.0,4.0,Yes,Yes,Unknown,0
18.0,Female,High school,Low,Yes,11.1,6.5,3.4,3.0,3.0,Yes,Yes,English,0
14.0,Female,High school,Low,Yes,5.0,6.4,5.2,5.0,4.0,Yes,Yes,Math,0
14.0,Female,High school,Medium,No,13.7,8.4,3.1,2.0,3.0,No,Yes,Math,0
16.0,Female,College,Low,Yes,16.7,6.6,4.7,3.0,4.0,Yes,Yes,English,0
18.0,Female,High school,Low,Yes,9.6,7.3,4.3,3.0,2.0,No,Yes,Science,0
16.0,Prefer not to say,Postgrad,Medium,Yes,14.9,8.1,4.9,2.0,4.0,Yes,Yes,English,0
14.0,Female,Postgrad,Low,Yes,10.0,7.4,1.9,1.0,3.0,Yes,Yes,Math,0
12.0,Female,Postgrad,High,Yes,2.7,9.1,5.9,5.0,3.0,Yes,Yes,Math,0
16.0,Male,High school,Medium,No,15.1,6.6,4.0,4.0,3.0,Yes,Yes,Geography,0
16.0,Female,No formal,Medium,No,16.0,7.2,2.2,3.0,5.0,Yes,Yes,Unknown,0
17.0,Male,Postgrad,Medium,No,5.5,6.9,4.8,1.0,4.0,Yes,Yes,Geography,0
12.0,Prefer not to say,Postgrad,Medium,Yes,11.0,6.4,5.1,5.0,2.0,Yes,Yes,English,0
14.0,Male,Postgrad,Medium,No,11.7,7.4,4.1,4.0,2.0,Yes,Yes,Math,0
17.0,Male,College,Medium,No,17.8,8.5,2.7,1.0,5.0,Yes,Yes,History,0
16.0,Male,College,Medium,Yes,13.7,7.5,4.6,1.0,5.0,Yes,Yes,History,0
12.0,Female,College,Low,Yes,12.2,7.5,1.5,4.0,3.0,Yes,Yes,English,0
13.0,Female,Postgrad,Medium,Yes,4.7,8.1,5.5,5.0,1.0,Yes,Yes,English,0
12.0,Male,College,High,Yes,13.8,7.5,1.8,1.0,1.0,No,Yes,Math,0
16.0,Prefer not to say,College,Medium,Yes,7.6,9.0,3.8,1.0,5.0,No,Yes,Math,0
17.0,Male,College,High,Yes,14.3,7.9,2.0,2.0,3.0,Yes,Yes,English,0
15.0,Male,Postgrad,Medium,No,12.8,9.8,5.8,2.0,5.0,Yes,Yes,History,0
17.0,Female,Postgrad,Low,No,9.0,7.7,5.9,5.0,4.0,Yes,Yes,History,0
14.0,Prefer not to say,Postgrad,Medium,Yes,10.0,6.6,4.2,4.0,5.0,No,Yes,Math,0
17.0,Female,High school,Medium,Yes,14.9,7.5,5.5,5.0,4.0,Yes,Yes,Science,0
13.0,Female,College,High,Yes,11.5,8.0,2.7,5.0,2.0,Yes,Yes,Math,0
13.0,Female,Postgrad,Medium,Yes,9.6,6.6,4.3,2.0,3.0,No,No,Math,0
17.0,Male,College,High,Yes,10.0,6.6,3.0,4.0,2.0,Yes,Yes,Unknown,0
17.0,Male,College,Low,Yes,14.2,9.6,4.2,2.0,5.0,Yes,Yes,English,0
15.0,Female,College,High,No,12.2,6.9,3.2,5.0,3.0,Yes,No,Unknown,0
14.0,Female,Postgrad,Medium,No,3.1,9.1,2.4,3.0,1.0,No,Yes,Science,0
17.0,Female,College,Medium,Yes,12.5,7.9,3.8,1.0,1.0,No,Yes,English,0
14.0,Male,College,Medium,No,12.9,7.4,3.4,3.0,2.0,Yes,Yes,Math,0
12.0,Female,No formal,Medium,Yes,1.0,8.1,6.2,5.0,2.0,No,Yes,Math,0
13.0,Female,College,Low,Yes,16.6,6.3,2.9,5.0,2.0,Yes,Yes,Geography,0
14.0,Male,College,Medium,Yes,14.1,9.3,4.7,5.0,3.0,Yes,Yes,Science,0
15.0,Male,College,High,Yes,15.9,7.5,5.6,5.0,4.0,Yes,Yes,Geography,0
16.0,Female,Postgrad,Medium,Yes,16.8,8.6,2.2,3.0,4.0,Yes,Yes,Science,0
13.0,Female,College,Low,Yes,6.8,6.5,4.6,4.0,5.0,Yes,Yes,Geography,0
13.0,Female,College,Medium,Yes,9.7,8.2,6.1,5.0,1.0,Yes,Yes,English,0
14.0,Female,College,Medium,Yes,11.2,7.1,3.4,1.0,5.0,No,Yes,Geography,0
16.0,Male,High school,Low,No,4.3,5.4,1.5,2.0,5.0,Yes,Yes,Unknown,0
16.0,Female,College,Medium,Yes,11.4,8.5,4.8,5.0,3.0,No,Yes,Science,0
18.0,Male,No formal,High,No,12.5,7.9,3.1,2.0,1.0,Yes,No,Science,0
15.0,Female,High school,Medium,Yes,7.6,6.1,2.8,3.0,1.0,Yes,No,Math,0
15.0,Female,College,Low,Yes,13.6,7.9,3.6,1.0,1.0,Yes,Yes,Math,0
18.0,Male,College,Medium,No,16.4,7.4,5.2,4.0,3.0,No,Yes,Math,0
13.0,Male,No formal,High,No,9.5,8.8,2.8,2.0,3.0,Yes,Yes,English,0
13.0,Male,College,Low,No,7.8,9.6,2.7,2.0,5.0,Yes,Yes,Science,0
12.0,Prefer not to say,High school,Medium,Yes,6.4,7.2,2.9,3.0,4.0,No,Yes,Math,0
16.0,Female,No formal,Low,No,21.1,8.3,3.5,4.0,5.0,No,Yes,Math,0
15.0,Male,High school,Medium,Yes,14.7,8.4,4.4,1.0,2.0,Yes,Yes,Science,0
17.0,Male,College,Medium,Yes,11.9,6.7,2.5,3.0,2.0,Yes,Yes,Math,0
12.0,Male,High school,Low,Yes,7.3,7.4,5.4,2.0,2.0,Yes,Yes,Science,0
16.0,Male,College,Medium,Yes,13.8,7.5,4.2,4.0,5.0,No,Yes,Science,0
16.0,Female,No formal,High,No,15.2,8.7,4.8,5.0,4.0,Yes,Yes,Math,0
18.0,Female,College,Low,Yes,19.6,7.6,1.9,1.0,3.0,No,Yes,Math,0
15.0,Female,Postgrad,Low,No,15.1,6.9,2.3,2.0,5.0,Yes,No,English,0
14.0,Male,High school,High,No,11.0,8.0,2.9,5.0,5.0,No,Yes,History,0
15.0,Female,College,Medium,Yes,8.8,5.7,4.3,2.0,2.0,Yes,Yes,Math,0
13.0,Male,College,Medium,Yes,7.4,7.6,3.5,3.0,5.0,Yes,Yes,English,0
13.0,Female,Postgrad,Medium,No,8.2,6.2,4.3,3.0,1.0,No,Yes,Math,0
18.0,Female,College,Medium,No,18.4,5.6,3.0,3.0,4.0,Yes,Yes,Science,0
17.0,Male,Postgrad,Medium,Yes,10.5,8.1,2.0,4.0,2.0,Yes,Yes,Math,0
15.0,Male,College,High,No,8.0,7.4,3.8,2.0,2.0,Yes,Yes,Math,0
16.0,Female,College,Medium,Yes,10.5,8.1,1.6,4.0,5.0,Yes,Yes,English,0
15.0,Male,High school,Low,Yes,13.3,8.7,3.6,4.0,1.0,No,Yes,Math,0
15.0,Male,College,Low,Yes,14.7,8.6,5.4,5.0,3.0,No,Yes,Science,0
18.0,Male,High school,Medium,Yes,15.3,7.4,5.0,5.0,5.0,No,Yes,Math,0
16.0,Male,High school,Medium,Yes,12.0,8.1,3.5,2.0,5.0,Yes,Yes,English,0
13.0,Male,College,Medium,No,10.4,7.5,3.2,1.0,3.0,Yes,Yes,Math,0
12.0,Male,No formal,Medium,Yes,11.6,7.9,2.7,2.0,5.0,Yes,Yes,Math,0
13.0,Male,College,Medium,No,14.8,8.4,5.6,4.0,1.0,No,No,English,0
16.0,Female,College,High,Yes,10.2,9.6,4.9,2.0,4.0,Yes,Yes,History,0
15.0,Female,Postgrad,High,No,9.9,8.4,8.6,1.0,5.0,No,Yes,Geography,0
12.0,Female,College,Medium,No,10.6,6.4,4.6,4.0,1.0,No,Yes,Math,0
13.0,Female,College,Low,Yes,5.7,7.5,6.5,3.0,5.0,Yes,Yes,English,0
17.0,Male,College,Medium,Yes,13.9,7.6,2.6,2.0,3.0,No,Yes,Unknown,0
17.0,Female,High school,Low,Yes,12.6,7.4,1.3,4.0,5.0,Yes,No,History,0
15.0,Female,College,Medium,Yes,16.7,8.4,6.2,4.0,5.0,Yes,Yes,Math,0
17.0,Female,No formal,Medium,No,11.7,7.1,2.6,3.0,4.0,Yes,Yes,Science,0
13.0,Female,College,Medium,Yes,19.4,8.0,2.4,5.0,3.0,Yes,Yes,Science,0
14.0,Male,High school,High,Yes,18.8,6.7,6.6,5.0,2.0,No,Yes,Math,0
14.0,Female,High school,Low,Yes,10.7,8.4,7.0,4.0,2.0,Yes,Yes,Unknown,0
15.0,Male,Postgrad,High,Yes,10.6,8.9,2.2,4.0,5.0,Yes,Yes,Math,0
16.0,Female,High school,Medium,Yes,6.4,6.4,3.6,1.0,4.0,No,Yes,Geography,0
12.0,Male,High school,Medium,Yes,4.5,6.9,3.2,3.0,5.0,No,Yes,Math,0
12.0,Female,Postgrad,Medium,Yes,9.9,7.0,3.2,1.0,5.0,No,Yes,Science,0
18.0,Female,High school,Medium,No,17.1,7.8,5.8,3.0,3.0,Yes,No,History,0
14.0,Male,High school,Medium,Yes,12.9,8.4,3.7,3.0,2.0,Yes,No,Science,0
17.0,Male,College,Medium,Yes,11.4,6.7,6.8,1.0,4.0,Yes,Yes,Science,0
18.0,Prefer not to say,High school,Low,Yes,11.6,7.9,3.5,5.0,4.0,Yes,Yes,Math,0
17.0,Female,High school,Medium,Yes,14.9,7.1,3.2,1.0,4.0,No,Yes,Geography,0
13.0,Female,High school,High,Yes,6.9,7.9,5.4,3.0,5.0,No,Yes,Geography,0
17.0,Male,High school,Medium,Yes,15.7,7.6,4.0,5.0,5.0,Yes,Yes,Math,0
14.0,Male,Postgrad,Medium,No,11.5,9.2,5.6,2.0,2.0,Yes,Yes,Unknown,0
14.0,Male,High school,Medium,Yes,8.4,8.0,3.2,5.0,5.0,No,Yes,English,0
16.0,Male,High school,Low,Yes,8.5,7.1,4.0,4.0,2.0,No,Yes,Unknown,0
15.0,Female,Postgrad,Medium,Yes,12.3,8.1,2.1,3.0,4.0,No,No,Math,0
14.0,Male,College,Low,Yes,7.3,10.0,4.7,1.0,1.0,No,Yes,Math,0
16.0,Female,High school,Medium,Yes,9.3,7.5,4.0,3.0,5.0,Yes,Yes,Math,0
12.0,Male,Postgrad,Low,Yes,7.5,8.5,3.1,1.0,4.0,Yes,Yes,English,0
12.0,Male,College,High,Yes,5.6,8.3,6.1,2.0,2.0,No,No,Science,0
17.0,Female,College,High,Yes,11.9,6.9,8.1,4.0,1.0,Yes,Yes,Science,0
12.0,Female,No formal,High,No,8.3,6.4,2.0,4.0,2.0,Yes,Yes,Unknown,0
15.0,Male,College,Medium,Yes,8.3,6.2,3.7,3.0,5.0,Yes,Yes,Science,0
12.0,Male,Postgrad,High,No,5.9,7.5,4.3,4.0,4.0,Yes,Yes,Geography,0
16.0,Female,College,Medium,No,11.7,6.5,3.9,4.0,3.0,Yes,Yes,Math,0
13.0,Female,Postgrad,Medium,Yes,9.1,7.0,4.7,2.0,4.0,No,Yes,Science,0
13.0,Male,Postgrad,Medium,No,9.5,6.5,3.1,1.0,3.0,No,Yes,Science,0
14.0,Male,Postgrad,Medium,Yes,11.4,8.8,5.0,1.0,4.0,Yes,Yes,Science,0
13.0,Female,High school,Medium,Yes,6.1,8.4,5.5,3.0,5.0,Yes,Yes,Math,0
12.0,Female,College,Low,No,15.3,8.5,2.4,5.0,1.0,Yes,Yes,English,0
15.0,Female,College,Medium,Yes,13.9,5.2,3.6,4.0,5.0,No,Yes,History,0
13.0,Male,High school,Medium,No,13.4,6.4,3.0,4.0,5.0,No,Yes,Math,0
14.0,Female,Postgrad,Medium,Yes,12.8,7.5,4.6,4.0,3.0,Yes,No,Math,0
15.0,Prefer not to say,College,Low,No,15.0,6.8,4.4,1.0,2.0,Yes,Yes,Unknown,0
15.0,Male,High school,Medium,No,13.1,5.3,3.2,1.0,3.0,No,Yes,Math,0
16.0,Male,High school,High,Yes,16.1,7.0,3.0,1.0,3.0,Yes,Yes,Science,0
14.0,Male,Postgrad,Medium,Yes,2.5,7.7,4.3,5.0,3.0,Yes,Yes,Science,0
18.0,Female,College,Low,Yes,11.8,7.8,3.7,5.0,5.0,Yes,Yes,English,0
15.0,Male,No formal,Medium,Yes,13.2,8.3,3.8,5.0,2.0,Yes,Yes,Math,0
17.0,Prefer not to say,High school,High,Yes,11.1,5.9,5.5,4.0,4.0,Yes,Yes,Science,0
15.0,Female,Postgrad,Medium,Yes,14.5,9.8,2.4,4.0,1.0,No,Yes,English,0
18.0,Female,Postgrad,Medium,Yes,11.9,7.9,2.5,5.0,2.0,No,Yes,Math,0
14.0,Female,High school,Medium,No,9.3,6.0,7.0,1.0,1.0,Yes,Yes,Math,0
18.0,Female,College,High,Yes,15.4,7.8,3.5,5.0,3.0,No,Yes,Math,0
18.0,Female,Postgrad,Low,Yes,11.6,7.3,5.1,2.0,3.0,Yes,Yes,Science,0
16.0,Male,College,High,No,12.0,8.0,4.7,4.0,4.0,No,Yes,Math,0
18.0,Male,High school,High,Yes,8.5,6.8,2.9,1.0,1.0,No,Yes,Math,0
15.0,Female,High school,Low,Yes,9.3,7.6,2.9,4.0,5.0,No,Yes,Geography,0
15.0,Male,College,High,Yes,8.9,7.1,5.8,2.0,5.0,Yes,Yes,History,0
15.0,Female,High school,Medium,Yes,14.7,7.5,5.7,4.0,3.0,Yes,Yes,Math,0
15.0,Female,Postgrad,High,Yes,9.8,7.8,4.6,5.0,2.0,No,Yes,Math,0
13.0,Male,Postgrad,Low,Yes,8.2,7.9,3.9,2.0,3.0,No,Yes,Math,0
13.0,Female,College,Medium,No,12.9,6.9,3.1,4.0,2.0,Yes,Yes,Unknown,0
18.0,Female,College,Low,Yes,16.3,8.3,2.1,1.0,2.0,No,Yes,History,0
12.0,Male,High school,Low,Yes,10.0,9.5,3.2,4.0,4.0,Yes,No,Math,0
18.0,Male,College,Medium,Yes,16.6,7.3,4.2,1.0,4.0,Yes,Yes,Science,0
12.0,Male,College,Medium,Yes,12.3,10.3,7.1,2.0,3.0,Yes,Yes,Math,0
13.0,Female,College,Medium,Yes,13.2,8.4,6.4,2.0,1.0,No,Yes,Unknown,0
15.0,Female,College,Low,No,11.2,9.5,2.4,5.0,4.0,No,No,English,0
16.0,Female,High school,Medium,No,13.1,6.9,2.5,5.0,5.0,Yes,Yes,History,0
17.0,Female,College,Low,No,9.8,6.5,5.0,1.0,2.0,Yes,Yes,Science,0
17.0,Female,College,Medium,Yes,12.5,7.7,2.4,3.0,1.0,Yes,Yes,Science,0
16.0,Prefer not to say,High school,Low,No,15.6,8.9,1.1,5.0,4.0,Yes,No,Geography,0
13.0,Male,High school,Medium,Yes,12.3,5.9,3.3,3.0,5.0,Yes,Yes,Math,0
18.0,Male,High school,Medium,No,9.1,6.5,2.2,2.0,1.0,No,Yes,Math,0
14.0,Male,Postgrad,Low,Yes,3.4,7.7,3.5,3.0,1.0,No,Yes,Math,0
14.0,Male,High school,High,Yes,9.5,7.1,7.4,4.0,5.0,Yes,No,Science,0
12.0,Male,Postgrad,Medium,No,7.8,8.8,3.0,4.0,3.0,Yes,Yes,Math,0
16.0,Male,College,Medium,Yes,11.1,8.3,3.7,1.0,1.0,No,Yes,Geography,0
14.0,Female,High school,Medium,Yes,8.2,7.2,5.6,2.0,3.0,Yes,Yes,Unknown,0
16.0,Male,College,Medium,Yes,9.6,9.3,1.2,4.0,4.0,Yes,Yes,Math,0
16.0,Male,High school,High,Yes,16.7,9.1,3.3,2.0,5.0,Yes,Yes,Science,0
15.0,Male,College,Medium,No,4.0,7.2,4.9,4.0,5.0,Yes,Yes,Unknown,0
14.0,Male,High school,Low,Yes,10.0,6.8,2.5,3.0,5.0,No,No,History,0
17.0,Female,College,Medium,Yes,14.7,5.1,3.1,3.0,5.0,Yes,Yes,Science,0
13.0,Female,Postgrad,Medium,Yes,14.6,6.7,4.1,5.0,1.0,No,Yes,Math,0
17.0,Prefer not to say,No formal,Medium,Yes,12.2,8.5,4.8,4.0,2.0,Yes,Yes,Science,0
16.0,Prefer not to say,College,Low,Yes,19.3,6.3,3.4,5.0,3.0,Yes,Yes,History,0
15.0,Female,College,High,Yes,10.7,6.4,5.4,4.0,4.0,No,Yes,English,0
18.0,Female,High school,Medium,Yes,12.5,7.5,5.0,1.0,5.0,Yes,Yes,Science,0
14.0,Female,College,Medium,Yes,9.6,7.8,1.2,4.0,3.0,No,Yes,Science,0
17.0,Female,No formal,Medium,Yes,17.2,8.3,8.0,3.0,5.0,No,Yes,Science,0
13.0,Male,No formal,Low,Yes,11.6,7.2,2.8,4.0,3.0,No,Yes,Science,0
14.0,Female,High school,Medium,Yes,10.9,7.4,3.9,5.0,2.0,No,Yes,Science,0
14.0,Male,High school,Low,Yes,14.0,7.9,2.9,2.0,5.0,Yes,Yes,Science,0
14.0,Prefer not to say,High school,Low,No,7.7,6.8,3.5,2.0,5.0,Yes,Yes,English,0
13.0,Female,College,Medium,Yes,13.0,5.8,6.5,3.0,4.0,No,No,Science,0
16.0,Female,College,Low,No,8.6,7.1,5.6,5.0,3.0,No,Yes,Math,0
17.0,Female,No formal,Low,No,9.0,8.8,5.0,4.0,5.0,Yes,Yes,Science,0
15.0,Male,High school,Low,No,10.5,7.2,4.1,4.0,2.0,Yes,Yes,Unknown,0
15.0,Male,High school,Medium,Yes,17.7,6.9,6.9,1.0,1.0,Yes,Yes,Science,0
12.0,Female,College,Medium,Yes,9.5,7.1,3.0,1.0,4.0,Yes,No,English,0
18.0,Male,High school,Medium,Yes,13.1,6.4,3.6,3.0,1.0,No,No,Math,0
13.0,Female,High school,High,Yes,11.7,7.1,1.9,4.0,2.0,Yes,Yes,Science,0
16.0,Female,High school,Medium,Yes,14.0,6.1,3.1,5.0,2.0,No,Yes,Math,0
15.0,Female,High school,High,Yes,13.5,6.1,3.7,1.0,1.0,No,Yes,Science,0
18.0,Prefer not to say,No formal,Medium,Yes,19.0,9.2,6.5,4.0,1.0,Yes,Yes,Science,0
18.0,Male,Postgrad,Medium,No,9.1,7.6,5.4,3.0,5.0,Yes,No,English,0
15.0,Male,College,Medium,Yes,7.6,7.5,4.7,2.0,3.0,No,Yes,Science,0
16.0,Female,High school,Medium,Yes,10.9,9.4,6.2,1.0,3.0,Yes,Yes,English,0
17.0,Male,High school,High,Yes,12.1,9.2,2.9,5.0,2.0,Yes,No,Geography,0
16.0,Prefer not to say,Postgrad,Low,No,14.2,7.1,2.6,2.0,1.0,Yes,Yes,Science,0
17.0,Female,College,High,Yes,14.2,7.6,3.1,1.0,4.0,Yes,No,Science,0
14.0,Female,Postgrad,Low,No,18.7,8.6,4.5,5.0,1.0,Yes,Yes,Math,0
17.0,Female,High school,High,Yes,11.9,6.2,3.1,5.0,2.0,Yes,Yes,Unknown,0
16.0,Male,High school,Low,No,10.1,9.7,1.6,5.0,1.0,Yes,Yes,English,0
15.0,Female,Postgrad,High,Yes,15.5,6.7,3.6,4.0,1.0,Yes,Yes,Science,0
17.0,Male,No formal,Medium,Yes,15.9,7.0,5.1,5.0,1.0,No,Yes,Geography,0
14.0,Male,College,High,Yes,10.2,8.2,2.4,3.0,4.0,No,Yes,History,0
17.0,Male,College,Medium,Yes,12.1,6.9,3.1,1.0,5.0,Yes,Yes,Science,0
14.0,Male,College,Medium,Yes,9.7,5.9,1.5,5.0,1.0,Yes,Yes,Math,0
17.0,Male,College,Medium,Yes,13.1,8.5,6.9,4.0,2.0,Yes,No,Math,0
18.0,Male,College,Low,Yes,4.9,8.4,2.7,3.0,1.0,Yes,Yes,Math,0
16.0,Male,College,Medium,Yes,9.3,8.5,3.3,5.0,5.0,Yes,Yes,English,0
16.0,Male,High school,Medium,Yes,8.7,6.7,4.6,4.0,2.0,Yes,Yes,English,0
15.0,Female,Postgrad,Medium,Yes,10.5,7.0,1.0,1.0,4.0,Yes,Yes,Science,0
14.0,Male,College,Medium,Yes,10.8,8.1,3.5,4.0,2.0,Yes,No,Science,0
18.0,Prefer not to say,College,Low,No,11.4,6.7,5.0,1.0,1.0,Yes,Yes,Math,0
15.0,Male,College,Medium,Yes,6.9,6.9,2.8,3.0,1.0,Yes,Yes,Science,0
14.0,Female,College,Low,Yes,14.0,7.0,4.6,4.0,3.0,Yes,Yes,Science,0
13.0,Male,High school,Low,No,4.6,4.3,1.0,5.0,1.0,No,Yes,Math,0
16.0,Female,College,High,Yes,14.2,7.1,5.4,1.0,1.0,Yes,Yes,Math,0
16.0,Female,High school,Low,Yes,13.0,6.4,4.1,3.0,3.0,Yes,Yes,Science,0
13.0,Female,High school,Low,No,9.7,7.1,3.1,5.0,3.0,Yes,Yes,Math,0
14.0,Male,No formal,Low,Yes,8.2,8.3,4.7,5.0,3.0,Yes,Yes,Math,0
14.0,Male,College,Low,Yes,12.1,7.1,3.9,3.0,4.0,Yes,Yes,Unknown,0
13.0,Male,No formal,Medium,No,8.6,5.8,5.5,1.0,2.0,Yes,Yes,Math,0
17.0,Male,High school,High,Yes,14.9,9.3,6.4,1.0,2.0,No,Yes,Math,0
15.0,Male,High school,Medium,No,7.1,7.5,4.7,3.0,3.0,Yes,Yes,Math,0
17.0,Female,College,Medium,Yes,15.2,7.7,4.6,4.0,3.0,Yes,Yes,Math,0
13.0,Female,High school,Low,Yes,9.9,7.2,3.5,4.0,4.0,Yes,Yes,English,0
16.0,Male,College,Medium,Yes,9.2,7.8,3.0,4.0,5.0,Yes,Yes,Science,0
13.0,Female,College,Medium,Yes,11.9,9.5,2.4,1.0,1.0,Yes,Yes,Science,0
17.0,Female,High school,Medium,Yes,14.2,7.0,3.6,2.0,2.0,Yes,Yes,Unknown,0
18.0,Male,High school,Medium,No,16.2,7.8,6.5,4.0,1.0,Yes,Yes,Science,0
12.0,Male,College,Low,Yes,1.4,5.0,7.1,5.0,5.0,Yes,No,English,0
15.0,Male,College,Medium,No,11.1,7.9,5.1,4.0,3.0,Yes,Yes,Geography,0
18.0,Female,Postgrad,High,Yes,12.5,7.3,5.6,4.0,2.0,No,Yes,Geography,0
15.0,Female,High school,Medium,Yes,14.5,6.1,5.4,5.0,3.0,No,Yes,Science,0
16.0,Male,College,Medium,Yes,10.0,7.0,2.7,4.0,5.0,No,Yes,English,0
13.0,Female,College,Low,No,7.1,6.6,2.1,5.0,3.0,Yes,Yes,English,0
12.0,Female,High school,Low,Yes,8.7,6.5,5.2,1.0,3.0,Yes,Yes,Unknown,0
16.0,Female,High school,Low,No,12.6,6.5,4.8,5.0,2.0,Yes,Yes,English,0
13.0,Male,College,Medium,Yes,8.8,5.8,4.9,4.0,2.0,Yes,Yes,English,0
17.0,Female,High school,Medium,No,15.8,7.3,6.9,2.0,3.0,Yes,No,Math,0
12.0,Male,High school,Medium,No,13.1,7.7,3.7,2.0,3.0,Yes,Yes,Science,0
16.0,Female,College,Medium,No,18.2,8.3,2.9,5.0,1.0,No,Yes,Science,0
13.0,Male,High school,Medium,Yes,5.4,8.2,2.3,1.0,3.0,Yes,No,Geography,0
13.0,Male,College,Low,No,13.3,8.0,2.4,4.0,5.0,Yes,Yes,English,0
16.0,Female,College,High,Yes,7.8,6.6,5.1,4.0,1.0,Yes,Yes,Science,0
16.0,Female,No formal,Low,Yes,19.5,6.9,5.4,2.0,2.0,Yes,Yes,Science,0
15.0,Male,College,Medium,Yes,7.4,8.3,2.8,3.0,4.0,Yes,Yes,Math,0
13.0,Male,High school,Medium,No,11.6,6.6,1.6,1.0,2.0,Yes,Yes,English,0
17.0,Female,No formal,Low,No,10.9,9.1,4.9,1.0,1.0,Yes,Yes,History,0
12.0,Female,High school,High,Yes,7.7,6.2,7.1,1.0,1.0,No,Yes,Math,0
17.0,Female,College,High,Yes,17.7,8.5,3.0,1.0,1.0,No,Yes,History,0
17.0,Female,High school,Medium,No,16.8,7.3,3.3,1.0,1.0,Yes,No,Unknown,0
13.0,Male,College,Medium,Yes,11.0,7.0,2.9,2.0,1.0,Yes,Yes,Science,0
15.0,Male,College,Medium,Yes,17.2,6.9,6.9,5.0,5.0,No,Yes,History,0
17.0,Female,College,Low,Yes,17.6,7.9,4.2,3.0,5.0,No,Yes,History,0
17.0,Male,College,High,No,12.4,6.5,4.5,5.0,1.0,Yes,Yes,Math,0
13.0,Female,College,Medium,No,12.5,8.3,1.9,3.0,1.0,Yes,Yes,Math,0
15.0,Prefer not to say,College,High,No,17.3,8.1,4.3,2.0,4.0,Yes,Yes,English,0
13.0,Male,Postgrad,High,Yes,9.0,7.7,3.4,2.0,3.0,Yes,Yes,Science,0
13.0,Female,Postgrad,Medium,No,10.0,8.1,1.4,3.0,5.0,Yes,Yes,History,0
13.0,Male,College,High,Yes,4.6,7.8,3.6,5.0,3.0,No,Yes,Science,0
16.0,Male,Postgrad,High,No,15.1,6.6,4.2,4.0,5.0,Yes,Yes,English,0
14.0,Male,No formal,Low,Yes,11.8,6.1,4.4,3.0,4.0,Yes,Yes,Math,0
13.0,Male,High school,Medium,Yes,6.1,8.9,4.4,2.0,4.0,Yes,Yes,English,0
14.0,Female,College,Medium,Yes,7.5,9.2,6.5,4.0,3.0,Yes,Yes,History,0
18.0,Male,High school,Medium,Yes,13.4,7.3,3.4,5.0,2.0,Yes,Yes,Math,0
14.0,Prefer not to say,College,Medium,Yes,6.4,8.3,4.3,4.0,3.0,No,Yes,Geography,0
14.0,Female,Postgrad,Medium,Yes,10.3,7.2,2.0,2.0,2.0,Yes,Yes,Math,0
15.0,Female,High school,High,Yes,6.4,8.8,6.4,3.0,1.0,Yes,Yes,English,0
14.0,Female,Postgrad,Medium,Yes,15.2,8.0,4.6,1.0,1.0,Yes,Yes,Math,0
18.0,Male,College,Low,No,11.6,7.8,6.7,3.0,2.0,Yes,Yes,Science,0
18.0,Male,College,Medium,Yes,15.3,8.4,3.2,4.0,2.0,Yes,Yes,Math,0
13.0,Female,No formal,High,Yes,13.1,8.4,5.2,4.0,3.0,No,Yes,English,0
18.0,Female,College,Medium,Yes,12.9,8.0,3.4,4.0,1.0,Yes,Yes,Science,0
17.0,Male,High school,Medium,Yes,3.8,7.4,4.4,5.0,2.0,Yes,Yes,Geography,0
16.0,Male,College,Medium,No,12.7,6.8,3.0,3.0,4.0,Yes,Yes,Math,0
18.0,Female,Postgrad,Medium,Yes,12.9,6.3,4.7,3.0,1.0,Yes,Yes,Geography,0
14.0,Female,No formal,Medium,No,9.7,8.3,4.0,2.0,3.0,Yes,Yes,Science,0
17.0,Female,High school,Medium,Yes,14.9,6.9,5.2,4.0,4.0,Yes,Yes,History,0
17.0,Female,No formal,High,No,16.4,6.0,4.1,1.0,5.0,Yes,Yes,English,0
15.0,Female,No formal,High,No,11.1,7.0,4.3,5.0,2.0,Yes,Yes,History,0
12.0,Prefer not to say,High school,Medium,No,6.2,6.6,3.9,3.0,4.0,Yes,Yes,Math,0
17.0,Female,High school,Medium,No,13.0,5.2,6.0,2.0,2.0,Yes,Yes,English,0
16.0,Female,College,Medium,Yes,8.1,5.2,4.0,5.0,2.0,Yes,No,Geography,0
13.0,Male,High school,Low,No,9.6,7.7,2.9,5.0,2.0,Yes,Yes,History,0
17.0,Female,College,Medium,No,9.0,7.7,1.6,3.0,5.0,Yes,Yes,Unknown,0
17.0,Male,High school,Low,No,14.7,7.7,4.0,3.0,5.0,No,Yes,Math,0
16.0,Female,No formal,Medium,Yes,8.3,5.5,4.4,5.0,3.0,Yes,Yes,History,0
14.0,Female,No formal,Medium,No,13.2,8.4,6.1,2.0,5.0,Yes,Yes,Science,0
14.0,Female,High school,Low,Yes,6.9,7.1,3.3,5.0,1.0,No,Yes,Math,0
17.0,Male,High school,Low,Yes,12.0,9.6,2.5,2.0,1.0,Yes,Yes,Math,0
12.0,Female,College,Low,Yes,11.5,9.6,5.2,4.0,4.0,Yes,Yes,English,0
17.0,Female,High school,Medium,Yes,7.2,6.9,3.3,4.0,4.0,Yes,Yes,English,0
14.0,Male,College,High,Yes,6.8,8.4,2.7,5.0,3.0,Yes,Yes,Science,0
14.0,Female,High school,Medium,Yes,11.9,6.6,1.8,1.0,3.0,No,No,Math,0
18.0,Female,College,Medium,Yes,16.3,8.4,6.0,3.0,4.0,No,Yes,Math,0
16.0,Female,No formal,Medium,Yes,12.0,7.0,2.3,3.0,3.0,Yes,Yes,English,0
12.0,Male,College,High,Yes,7.0,8.4,5.6,3.0,2.0,Yes,Yes,Math,0
17.0,Male,High school,Medium,No,16.3,8.9,1.6,3.0,1.0,No,Yes,Science,0
15.0,Female,High school,Medium,No,8.2,8.3,2.7,5.0,4.0,Yes,Yes,Geography,0
12.0,Male,College,Low,Yes,4.6,6.5,1.8,3.0,2.0,Yes,Yes,English,0
12.0,Female,College,High,No,9.3,9.8,1.2,5.0,3.0,No,Yes,Science,0
13.0,Female,College,Low,Yes,10.1,7.5,3.5,4.0,1.0,Yes,Yes,History,0
14.0,Female,College,High,No,9.0,7.7,4.7,5.0,5.0,No,No,Unknown,0
17.0,Female,High school,Medium,Yes,15.7,7.6,5.5,1.0,3.0,Yes,Yes,History,0
15.0,Male,High school,High,Yes,9.9,7.6,1.2,3.0,2.0,Yes,Yes,Science,0
13.0,Male,Postgrad,Medium,No,9.5,7.5,3.4,4.0,1.0,No,Yes,History,0
18.0,Female,No formal,High,Yes,14.6,6.9,2.8,3.0,1.0,Yes,Yes,Science,0
17.0,Male,Postgrad,Low,Yes,11.1,7.4,2.5,2.0,1.0,Yes,Yes,Unknown,0
14.0,Female,High school,Low,Yes,10.2,7.1,4.7,3.0,1.0,Yes,Yes,Science,0
15.0,Male,High school,Low,Yes,9.1,6.8,2.9,3.0,4.0,Yes,Yes,Math,0
15.0,Male,No formal,Medium,No,13.4,8.2,4.7,2.0,4.0,Yes,Yes,History,0
18.0,Male,College,High,Yes,11.7,7.1,4.9,1.0,1.0,Yes,Yes,Science,0
13.0,Male,Postgrad,High,Yes,11.0,7.9,6.8,3.0,4.0,Yes,Yes,Unknown,0
13.0,Female,No formal,High,Yes,15.7,6.7,1.5,3.0,3.0,Yes,Yes,Math,0
15.0,Male,College,Medium,Yes,10.5,7.7,6.4,5.0,3.0,Yes,Yes,Math,0
18.0,Female,Postgrad,High,Yes,15.0,8.6,6.3,2.0,3.0,No,Yes,Unknown,0
17.0,Female,No formal,Low,No,17.5,5.7,6.9,4.0,1.0,Yes,Yes,English,0
17.0,Female,College,High,No,12.5,8.4,2.5,3.0,3.0,Yes,Yes,Science,0
18.0,Male,No formal,Medium,Yes,8.2,5.1,1.8,4.0,2.0,Yes,Yes,Geography,0
17.0,Female,High school,Medium,No,11.3,7.1,4.2,1.0,1.0,Yes,Yes,History,0
14.0,Female,College,Low,Yes,11.7,8.9,4.5,2.0,3.0,Yes,Yes,Geography,0
17.0,Male,College,Medium,Yes,12.8,6.8,2.8,5.0,3.0,No,Yes,Science,0
18.0,Male,College,Medium,Yes,11.7,6.8,6.6,3.0,4.0,Yes,Yes,History,0
18.0,Female,Postgrad,Low,No,15.4,9.6,5.3,5.0,5.0,No,No,English,0
14.0,Male,High school,Medium,Yes,14.7,8.6,4.7,4.0,4.0,No,No,Science,0
16.0,Male,College,Low,Yes,16.4,7.9,5.7,2.0,2.0,No,Yes,Math,0
14.0,Male,College,Low,Yes,6.3,6.6,6.4,3.0,1.0,Yes,Yes,Geography,0
17.0,Female,College,Medium,Yes,11.0,6.0,3.4,5.0,5.0,Yes,Yes,Math,0
15.0,Male,High school,Medium,Yes,11.5,7.4,2.5,5.0,5.0,No,No,English,0
13.0,Male,No formal,High,Yes,9.7,7.1,2.9,4.0,3.0,Yes,Yes,English,0
18.0,Male,Postgrad,Medium,Yes,17.6,7.8,6.2,5.0,1.0,Yes,Yes,Math,0
17.0,Female,No formal,Medium,Yes,15.2,8.3,1.0,5.0,5.0,Yes,Yes,Math,0
17.0,Female,High school,Medium,No,14.1,7.6,3.2,5.0,2.0,Yes,Yes,Science,0
12.0,Female,No formal,Medium,Yes,11.2,5.7,3.9,1.0,3.0,No,Yes,Math,0
18.0,Female,College,Medium,No,14.1,5.9,2.4,5.0,4.0,No,Yes,Science,0
15.0,Female,Postgrad,Low,No,10.1,8.6,5.8,3.0,5.0,Yes,Yes,English,0
17.0,Prefer not to say,High school,High,Yes,14.7,8.5,3.1,3.0,5.0,Yes,Yes,Science,0
17.0,Male,High school,High,Yes,13.2,10.3,1.8,5.0,5.0,Yes,Yes,Math,0
13.0,Female,College,Medium,No,12.1,6.6,5.1,1.0,1.0,No,No,Math,0
16.0,Male,High school,Medium,Yes,7.2,7.5,2.2,5.0,2.0,Yes,Yes,Math,0
14.0,Female,Postgrad,Medium,Yes,6.7,8.4,5.1,4.0,5.0,No,Yes,Science,0
17.0,Female,High school,High,Yes,10.7,8.0,3.9,5.0,2.0,No,Yes,English,0
13.0,Female,Postgrad,High,Yes,11.7,8.6,5.0,5.0,5.0,Yes,No,Unknown,0
16.0,Male,College,High,Yes,15.3,8.5,3.5,3.0,1.0,Yes,Yes,Science,0
15.0,Female,Postgrad,Medium,No,11.6,8.3,6.4,3.0,5.0,No,Yes,Science,0
13.0,Male,College,Medium,Yes,14.3,7.1,6.2,5.0,3.0,Yes,No,Science,0
13.0,Male,High school,High,Yes,4.2,8.1,3.5,2.0,4.0,Yes,Yes,English,0
16.0,Female,College,Medium,Yes,11.0,8.0,7.8,4.0,2.0,Yes,Yes,Math,0
13.0,Female,College,Low,No,10.4,6.8,1.0,4.0,1.0,Yes,Yes,Geography,0
12.0,Female,College,Medium,Yes,12.5,8.5,6.6,2.0,3.0,No,Yes,Geography,0
17.0,Female,High school,Low,No,14.7,8.5,2.3,3.0,2.0,No,Yes,Math,0
12.0,Male,Postgrad,Medium,Yes,12.0,7.2,2.1,5.0,2.0,Yes,Yes,Science,0
17.0,Female,College,High,No,8.6,7.1,2.7,3.0,4.0,No,Yes,Math,0
16.0,Male,No formal,Medium,Yes,15.0,5.4,6.6,1.0,2.0,Yes,Yes,Math,0
12.0,Female,No formal,Low,Yes,10.1,7.3,4.7,5.0,4.0,No,Yes,History,0
15.0,Male,College,Medium,No,10.6,7.8,4.6,2.0,1.0,No,Yes,Science,0
12.0,Male,High school,Low,Yes,13.5,6.3,5.1,5.0,1.0,No,Yes,Science,0
14.0,Female,College,Medium,Yes,13.3,5.5,3.3,5.0,5.0,Yes,Yes,Math,0
18.0,Male,High school,Low,Yes,19.9,8.2,3.1,2.0,1.0,No,Yes,Science,0
18.0,Male,No formal,Medium,Yes,17.4,7.5,2.6,4.0,2.0,Yes,Yes,Math,0
16.0,Male,College,Medium,Yes,11.5,9.1,5.8,2.0,2.0,No,Yes,Unknown,0
12.0,Male,High school,Medium,Yes,4.3,7.3,1.4,4.0,4.0,Yes,Yes,Unknown,0
12.0,Male,High school,Low,Yes,8.1,7.1,4.4,5.0,3.0,Yes,Yes,English,0
12.0,Female,College,Low,Yes,9.9,10.0,3.5,5.0,5.0,Yes,Yes,Unknown,0
13.0,Female,Postgrad,Medium,Yes,13.4,8.7,3.7,2.0,3.0,No,Yes,Math,0
18.0,Male,High school,Medium,Yes,15.1,8.0,6.2,3.0,3.0,Yes,Yes,English,0
16.0,Female,High school,Low,No,9.8,6.8,2.0,5.0,1.0,Yes,Yes,Geography,0
17.0,Female,College,Medium,Yes,10.7,6.0,5.3,3.0,1.0,No,Yes,Math,0
17.0,Female,No formal,Medium,Yes,21.4,5.1,5.1,4.0,4.0,No,Yes,Math,0
15.0,Male,College,Medium,Yes,9.3,5.6,2.3,3.0,5.0,No,Yes,Math,0
12.0,Female,High school,Medium,Yes,6.2,7.5,3.5,4.0,1.0,No,Yes,Unknown,0
17.0,Female,College,Medium,No,17.3,6.6,3.3,2.0,4.0,Yes,Yes,Math,0
13.0,Female,College,High,No,8.8,7.5,6.4,4.0,4.0,Yes,No,Science,0
14.0,Prefer not to say,College,Medium,Yes,16.3,6.2,3.3,4.0,2.0,Yes,Yes,Unknown,0
18.0,Female,Postgrad,Low,Yes,12.6,8.7,4.7,2.0,5.0,Yes,Yes,Math,0
12.0,Male,College,High,Yes,9.7,7.2,3.1,4.0,2.0,Yes,Yes,Science,0
17.0,Male,Postgrad,High,Yes,12.0,8.6,1.0,3.0,5.0,Yes,Yes,History,0
16.0,Female,College,Low,Yes,17.4,7.0,3.4,2.0,5.0,Yes,Yes,Math,0
15.0,Male,High school,Low,Yes,9.8,8.7,2.6,3.0,2.0,No,Yes,Unknown,0
15.0,Female,Postgrad,Low,No,11.9,7.4,5.6,2.0,2.0,Yes,Yes,Math,0
17.0,Male,Postgrad,High,Yes,11.2,7.0,2.1,3.0,3.0,Yes,Yes,Science,0
18.0,Male,College,Medium,No,14.3,8.5,4.2,4.0,4.0,Yes,Yes,Unknown,0
16.0,Female,High school,Medium,No,16.7,6.6,1.0,2.0,1.0,Yes,No,Math,0
17.0,Female,Postgrad,High,Yes,13.9,5.9,1.3,2.0,2.0,Yes,Yes,Science,0
16.0,Male,High school,Low,No,7.8,9.6,2.8,1.0,5.0,Yes,Yes,Math,0
17.0,Female,Postgrad,Medium,Yes,9.0,7.5,3.2,2.0,3.0,No,Yes,English,0
12.0,Female,No formal,Low,Yes,8.8,9.7,5.1,2.0,2.0,No,Yes,Math,0
18.0,Female,High school,Medium,Yes,18.8,7.5,3.1,5.0,4.0,No,Yes,Science,0
14.0,Female,College,Medium,No,6.8,8.7,6.2,5.0,2.0,No,Yes,English,0
17.0,Female,College,High,No,10.7,8.0,4.6,4.0,2.0,No,Yes,Math,0
13.0,Male,College,Low,No,11.6,6.4,2.8,3.0,3.0,Yes,Yes,Geography,0
18.0,Male,High school,Medium,Yes,12.4,7.1,3.5,3.0,2.0,Yes,Yes,Math,0
14.0,Female,College,Medium,Yes,15.2,7.4,3.4,4.0,4.0,No,No,Science,0
13.0,Male,High school,Medium,Yes,10.8,6.9,5.9,2.0,3.0,Yes,No,English,0
15.0,Female,No formal,Medium,Yes,12.3,7.7,1.1,5.0,4.0,No,Yes,Unknown,0
16.0,Male,College,Low,Yes,8.4,9.6,4.0,4.0,4.0,Yes,Yes,Science,0
14.0,Female,College,Medium,Yes,7.9,7.4,2.3,5.0,4.0,Yes,Yes,Science,0
16.0,Male,High school,High,Yes,14.1,10.8,2.6,1.0,3.0,Yes,Yes,Unknown,0
17.0,Male,High school,High,Yes,18.6,6.0,2.5,5.0,5.0,No,Yes,Science,0
18.0,Male,High school,Low,Yes,16.6,7.1,2.9,2.0,3.0,Yes,Yes,English,0
17.0,Male,High school,High,No,14.4,5.3,5.4,2.0,5.0,No,Yes,Math,0
13.0,Female,College,Low,Yes,10.7,6.7,2.5,1.0,3.0,No,Yes,Math,0
18.0,Female,High school,Low,Yes,14.5,7.9,2.2,2.0,2.0,Yes,Yes,Math,0
14.0,Male,High school,Medium,Yes,16.9,7.1,7.1,2.0,5.0,No,Yes,English,0
17.0,Female,High school,Medium,Yes,18.6,7.7,3.7,2.0,2.0,No,Yes,History,0
12.0,Male,High school,Medium,Yes,2.6,7.6,3.9,3.0,1.0,Yes,Yes,Math,0
16.0,Male,College,Medium,No,14.9,9.7,5.5,1.0,5.0,Yes,Yes,Math,0
13.0,Male,Postgrad,High,No,12.4,9.3,6.7,1.0,1.0,Yes,Yes,Math,0
12.0,Male,High school,Medium,No,9.3,7.2,5.5,3.0,2.0,Yes,No,History,0
14.0,Female,College,Low,Yes,3.1,8.0,4.9,2.0,1.0,Yes,Yes,Math,0
12.0,Female,High school,High,Yes,9.0,6.4,7.6,2.0,4.0,Yes,Yes,Geography,0
14.0,Prefer not to say,High school,High,Yes,12.1,7.8,3.3,2.0,3.0,Yes,Yes,Science,0
15.0,Female,High school,Medium,Yes,13.6,7.3,7.0,2.0,1.0,Yes,Yes,Math,0
18.0,Female,College,Medium,Yes,10.1,9.6,3.7,5.0,2.0,Yes,Yes,History,0
14.0,Male,High school,Low,Yes,15.0,6.1,6.8,4.0,2.0,Yes,Yes,Science,0
17.0,Male,College,Medium,Yes,13.7,7.8,5.0,5.0,5.0,Yes,Yes,Math,0
13.0,Male,High school,Medium,Yes,8.4,8.1,5.7,1.0,5.0,Yes,Yes,Science,0
18.0,Male,Postgrad,Low,Yes,13.8,9.9,4.2,2.0,1.0,Yes,Yes,Unknown,0
15.0,Male,College,Low,No,7.9,8.0,1.9,4.0,2.0,Yes,Yes,Science,0
14.0,Male,High school,High,Yes,9.3,9.2,5.1,1.0,2.0,No,Yes,Math,0
15.0,Female,High school,Low,Yes,8.6,7.1,2.4,5.0,2.0,No,Yes,Math,0
14.0,Female,College,Medium,No,12.2,7.7,2.0,1.0,5.0,No,Yes,English,0
15.0,Female,College,Low,Yes,7.5,5.8,3.4,3.0,1.0,Yes,Yes,History,0
14.0,Female,College,Medium,Yes,9.2,9.0,7.0,3.0,3.0,Yes,Yes,English,0
14.0,Female,Postgrad,Low,Yes,14.5,8.3,5.6,3.0,3.0,Yes,No,Science,0
14.0,Male,College,Medium,Yes,15.3,7.8,4.3,2.0,4.0,No,Yes,Math,0
14.0,Male,No formal,High,Yes,9.5,7.9,3.3,4.0,1.0,Yes,Yes,Math,0
17.0,Male,Postgrad,Low,Yes,13.6,7.5,4.2,5.0,3.0,Yes,Yes,Science,0
14.0,Female,Postgrad,Medium,Yes,11.1,7.6,6.8,4.0,2.0,No,Yes,Geography,0
12.0,Female,Postgrad,Medium,Yes,13.7,7.1,4.0,5.0,1.0,Yes,Yes,Science,0
13.0,Male,College,Low,Yes,10.1,7.7,4.0,1.0,3.0,Yes,Yes,Math,0
17.0,Female,High school,Medium,Yes,14.2,7.3,4.8,2.0,5.0,Yes,Yes,Math,0
18.0,Female,College,Medium,No,11.3,7.9,6.2,5.0,2.0,Yes,Yes,English,0
14.0,Female,No formal,High,Yes,11.0,7.2,5.4,4.0,5.0,Yes,Yes,Geography,0
13.0,Female,College,Medium,Yes,11.7,9.2,4.2,4.0,3.0,Yes,Yes,English,0
17.0,Female,High school,Medium,Yes,16.8,8.6,6.1,1.0,4.0,No,Yes,Science,0
15.0,Male,High school,Medium,Yes,8.8,8.6,5.2,2.0,2.0,No,Yes,Science,0
12.0,Male,College,Medium,Yes,6.8,7.3,6.4,3.0,3.0,Yes,Yes,Unknown,0
16.0,Male,College,Low,No,12.1,8.1,3.8,1.0,3.0,Yes,Yes,Math,0
16.0,Female,College,High,Yes,8.4,8.1,6.6,3.0,2.0,No,Yes,History,0
13.0,Female,High school,Low,Yes,9.7,8.6,4.7,2.0,1.0,No,Yes,English,0
13.0,Male,College,Low,Yes,13.1,7.2,1.8,3.0,4.0,Yes,Yes,Unknown,0
12.0,Male,High school,Medium,Yes,10.4,6.5,1.8,5.0,2.0,Yes,Yes,History,0
13.0,Female,College,Low,No,9.8,7.9,4.1,2.0,1.0,No,Yes,Geography,0
15.0,Female,High school,Medium,No,15.9,6.4,2.6,1.0,2.0,Yes,Yes,Math,0
17.0,Female,High school,Medium,Yes,13.3,6.3,6.4,5.0,3.0,Yes,Yes,Science,0
13.0,Female,High school,Medium,No,7.2,8.1,3.0,1.0,5.0,Yes,Yes,English,0
16.0,Female,Postgrad,High,Yes,18.3,6.9,5.6,3.0,4.0,Yes,Yes,History,0
16.0,Female,Postgrad,High,Yes,10.2,7.7,4.7,5.0,1.0,Yes,Yes,Math,0
13.0,Male,College,Medium,Yes,11.3,6.6,2.3,3.0,3.0,Yes,No,Science,0
14.0,Female,College,Medium,Yes,6.8,7.4,4.2,3.0,2.0,Yes,Yes,Science,0
18.0,Female,Postgrad,Low,No,10.4,7.4,4.8,4.0,3.0,Yes,Yes,History,0
16.0,Female,College,High,No,17.8,7.9,5.5,5.0,3.0,No,No,Unknown,0
13.0,Male,Postgrad,Medium,No,9.2,7.8,5.7,4.0,2.0,Yes,Yes,History,0
17.0,Male,High school,High,Yes,12.1,7.6,3.8,2.0,5.0,Yes,Yes,Science,0
15.0,Male,College,Medium,No,16.6,7.9,6.0,3.0,1.0,Yes,Yes,English,0
15.0,Male,Postgrad,Low,No,14.6,7.7,2.4,4.0,4.0,Yes,Yes,Science,0
16.0,Male,High school,Low,No,9.9,9.3,4.1,3.0,2.0,No,No,Geography,0
15.0,Female,Postgrad,Medium,Yes,10.5,8.3,3.2,3.0,4.0,Yes,No,History,0
16.0,Male,High school,Medium,Yes,14.6,7.7,2.5,1.0,4.0,Yes,Yes,Science,0
14.0,Female,Postgrad,Medium,No,16.4,6.6,1.0,3.0,1.0,Yes,Yes,History,0
14.0,Male,High school,Low,Yes,13.4,6.3,3.9,5.0,2.0,No,Yes,Math,0
14.0,Female,High school,Low,Yes,7.9,7.2,3.6,2.0,2.0,Yes,Yes,Math,0
12.0,Male,College,Low,No,4.7,8.6,3.8,4.0,3.0,Yes,Yes,English,0
16.0,Male,High school,Medium,Yes,11.4,6.8,4.8,2.0,1.0,Yes,Yes,History,0
16.0,Male,College,Medium,Yes,11.1,7.1,7.7,2.0,2.0,No,Yes,Science,0
13.0,Male,No formal,Medium,Yes,5.2,8.9,4.3,4.0,4.0,Yes,Yes,English,0
14.0,Female,High school,Low,No,9.0,6.5,4.4,5.0,3.0,Yes,Yes,Geography,0
14.0,Female,College,Medium,Yes,11.6,6.6,1.1,5.0,3.0,No,Yes,Geography,0
15.0,Female,High school,Medium,Yes,11.4,7.5,2.5,4.0,5.0,Yes,Yes,Math,0
17.0,Male,College,Low,No,10.3,8.8,6.3,2.0,5.0,Yes,Yes,English,0
17.0,Female,High school,Medium,Yes,8.3,7.6,2.0,5.0,4.0,Yes,Yes,Science,0
13.0,Male,College,Medium,No,13.0,8.0,5.2,4.0,1.0,Yes,Yes,Math,0
17.0,Female,Postgrad,Low,Yes,18.2,9.0,4.9,5.0,1.0,Yes,Yes,Science,0
15.0,Male,College,Medium,Yes,9.6,9.5,2.4,2.0,3.0,Yes,Yes,Geography,0
14.0,Male,College,High,Yes,10.8,7.3,3.2,5.0,3.0,Yes,Yes,History,0
14.0,Female,High school,High,Yes,13.3,7.9,4.7,2.0,4.0,No,Yes,History,0
14.0,Female,College,Low,Yes,11.2,7.0,5.2,2.0,5.0,Yes,Yes,Math,0
13.0,Female,College,Medium,No,12.8,6.2,4.6,3.0,5.0,Yes,Yes,Science,0
14.0,Male,College,Medium,Yes,17.6,7.3,1.5,2.0,1.0,Yes,Yes,Math,0
17.0,Female,High school,Medium,Yes,11.0,9.6,5.8,2.0,1.0,Yes,Yes,Geography,0
17.0,Male,Postgrad,High,Yes,13.2,6.6,3.5,2.0,2.0,Yes,Yes,Math,0
18.0,Male,High school,Medium,Yes,11.5,7.3,4.0,2.0,5.0,No,Yes,Math,0
13.0,Female,Postgrad,Low,Yes,12.1,6.5,6.4,2.0,1.0,Yes,No,Unknown,0
13.0,Female,College,Low,Yes,9.5,7.9,5.0,3.0,2.0,No,Yes,History,0
16.0,Female,College,Medium,Yes,6.5,7.1,5.6,5.0,3.0,Yes,Yes,Science,0
15.0,Female,No formal,Low,Yes,12.1,6.3,5.5,1.0,2.0,No,Yes,Math,0
13.0,Male,Postgrad,Medium,Yes,13.3,7.7,2.7,4.0,2.0,Yes,Yes,Math,0
16.0,Female,College,High,Yes,10.6,8.3,1.8,1.0,2.0,No,Yes,Unknown,0
17.0,Male,High school,Low,Yes,11.0,6.3,3.0,4.0,2.0,Yes,Yes,Geography,0
13.0,Male,High school,High,Yes,5.5,8.8,3.2,3.0,1.0,No,Yes,History,0
17.0,Male,High school,Medium,Yes,14.6,7.4,3.6,5.0,3.0,No,Yes,Science,0
14.0,Male,High school,Medium,Yes,13.4,7.3,5.2,3.0,3.0,Yes,Yes,English,0
16.0,Prefer not to say,High school,High,Yes,17.6,6.6,4.3,2.0,2.0,Yes,Yes,Math,0
13.0,Female,High school,Medium,Yes,12.7,6.0,4.7,3.0,3.0,Yes,Yes,Math,0
14.0,Male,No formal,Medium,Yes,8.5,7.9,5.6,4.0,1.0,Yes,Yes,Science,0
17.0,Female,Postgrad,High,No,8.6,7.3,4.0,2.0,4.0,Yes,Yes,Geography,0
16.0,Female,No formal,High,No,8.8,5.7,3.4,5.0,5.0,Yes,Yes,Science,0
18.0,Female,College,Medium,Yes,12.1,8.6,6.1,4.0,4.0,Yes,No,English,0
13.0,Female,College,Medium,Yes,13.9,5.5,5.3,4.0,1.0,Yes,Yes,Science,0
13.0,Female,College,Medium,No,12.1,7.4,5.6,3.0,4.0,Yes,Yes,Math,0
17.0,Female,College,Medium,No,11.8,5.5,5.3,4.0,5.0,Yes,Yes,Science,0
16.0,Male,High school,Medium,Yes,8.2,8.8,2.7,3.0,2.0,No,Yes,Science,0
15.0,Female,College,Low,Yes,10.5,6.6,3.7,5.0,4.0,Yes,Yes,Math,0
16.0,Male,High school,Medium,Yes,6.5,8.8,5.4,5.0,5.0,Yes,Yes,English,0
14.0,Female,College,Medium,No,16.7,4.9,4.3,1.0,1.0,No,Yes,English,0
14.0,Female,Postgrad,High,Yes,18.5,7.6,4.6,5.0,5.0,Yes,Yes,History,0
17.0,Female,No formal,Low,Yes,4.9,8.1,4.2,5.0,2.0,No,Yes,Math,0
14.0,Male,Postgrad,High,Yes,11.7,8.0,1.2,5.0,2.0,No,Yes,History,0
17.0,Male,College,High,Yes,7.3,5.8,2.0,4.0,1.0,Yes,No,Science,0
14.0,Male,College,Low,No,11.6,6.3,5.3,1.0,2.0,Yes,Yes,Science,0
14.0,Female,High school,High,Yes,13.7,8.6,3.2,2.0,2.0,Yes,Yes,History,0
14.0,Male,High school,Low,Yes,14.5,6.7,4.5,1.0,1.0,Yes,Yes,English,0
18.0,Male,College,Medium,Yes,16.1,7.0,5.4,4.0,2.0,Yes,Yes,Science,0
12.0,Male,College,High,Yes,9.9,7.5,2.6,3.0,3.0,Yes,Yes,English,0
15.0,Female,High school,Medium,Yes,9.7,7.7,1.8,3.0,4.0,No,Yes,Math,0
13.0,Male,No formal,Medium,Yes,12.0,8.7,4.2,1.0,5.0,Yes,Yes,Math,0
13.0,Female,College,High,Yes,10.6,7.8,6.0,4.0,4.0,No,Yes,History,0
15.0,Male,College,Low,Yes,9.7,6.5,4.1,5.0,2.0,No,Yes,Math,0
14.0,Male,College,Low,No,14.0,7.4,1.0,3.0,5.0,Yes,Yes,Science,0
12.0,Male,College,Medium,Yes,13.0,8.2,2.1,5.0,3.0,Yes,Yes,Science,0
18.0,Female,High school,Medium,No,14.2,9.9,6.7,5.0,5.0,No,Yes,Math,0
12.0,Female,High school,Medium,Yes,8.2,7.3,1.0,4.0,3.0,Yes,Yes,Math,0
17.0,Female,College,Low,No,10.4,7.5,4.4,2.0,2.0,No,No,Math,0
15.0,Prefer not to say,High school,Medium,Yes,13.1,6.6,5.1,2.0,2.0,Yes,Yes,English,0
15.0,Male,College,Medium,Yes,8.3,8.3,5.1,4.0,2.0,Yes,Yes,Math,0
17.0,Female,Postgrad,Low,No,16.4,7.0,1.7,4.0,2.0,Yes,Yes,English,0
16.0,Female,College,Medium,Yes,14.1,7.4,1.7,5.0,3.0,Yes,No,Math,0
17.0,Male,Postgrad,Low,Yes,19.9,8.8,3.7,2.0,2.0,Yes,Yes,Science,0
15.0,Male,College,Medium,No,10.0,9.2,5.5,2.0,4.0,Yes,Yes,Geography,0
18.0,Prefer not to say,High school,Low,Yes,17.0,7.3,1.9,4.0,5.0,No,Yes,English,0
15.0,Male,College,Low,No,9.6,7.9,2.9,1.0,5.0,No,Yes,Math,0
13.0,Male,High school,High,Yes,9.7,7.5,1.0,1.0,3.0,Yes,No,Science,0
14.0,Female,Postgrad,Low,No,14.7,7.2,3.3,3.0,4.0,No,Yes,Science,0
18.0,Male,High school,High,Yes,14.3,8.1,3.8,2.0,2.0,Yes,Yes,Math,0
16.0,Female,Postgrad,Low,Yes,18.5,7.7,1.2,4.0,1.0,Yes,Yes,Math,0
13.0,Female,College,Low,No,8.6,7.8,5.4,5.0,5.0,Yes,Yes,Math,0
13.0,Male,College,High,Yes,8.3,8.1,3.2,1.0,2.0,Yes,Yes,Science,0
17.0,Female,High school,Medium,Yes,9.4,7.1,1.8,3.0,2.0,Yes,Yes,Math,0
15.0,Female,High school,Medium,No,7.8,7.5,3.2,3.0,1.0,Yes,Yes,Math,0
17.0,Female,High school,Low,Yes,5.7,6.4,3.4,3.0,3.0,Yes,Yes,Science,0
18.0,Male,High school,Medium,Yes,12.7,8.0,3.8,3.0,3.0,Yes,Yes,English,0
14.0,Female,College,Medium,Yes,6.9,9.0,2.6,1.0,3.0,Yes,No,Math,0
13.0,Male,No formal,Low,No,8.7,7.1,3.2,1.0,2.0,No,Yes,History,0
16.0,Male,No formal,Medium,Yes,10.6,7.7,2.4,1.0,1.0,Yes,Yes,English,0
16.0,Male,No formal,Medium,Yes,9.0,7.5,6.2,5.0,2.0,Yes,Yes,Geography,0
12.0,Female,Postgrad,Medium,No,3.7,7.4,3.6,2.0,4.0,Yes,Yes,English,0
12.0,Male,College,Medium,Yes,10.5,8.5,3.3,2.0,4.0,Yes,Yes,English,0
14.0,Female,College,Low,No,12.0,7.5,2.8,2.0,4.0,No,Yes,Science,0
14.0,Female,College,Medium,Yes,14.9,8.1,3.4,2.0,2.0,Yes,Yes,Science,0
14.0,Male,College,Low,No,11.9,7.9,4.2,5.0,5.0,Yes,Yes,Geography,0
13.0,Female,College,Low,No,8.7,7.1,2.3,4.0,1.0,Yes,Yes,Science,0
17.0,Female,College,Medium,Yes,12.6,6.4,4.2,4.0,1.0,Yes,Yes,English,0
15.0,Male,College,Medium,No,13.6,5.8,4.8,1.0,1.0,Yes,Yes,Math,0
17.0,Male,College,Low,Yes,11.0,7.6,2.8,2.0,2.0,No,Yes,History,0
17.0,Male,High school,Medium,Yes,15.9,8.4,4.6,1.0,5.0,No,Yes,Math,0
15.0,Prefer not to say,No formal,Low,Yes,7.7,8.8,2.2,5.0,2.0,Yes,Yes,Science,0
13.0,Male,College,Low,No,13.0,7.3,4.6,5.0,5.0,Yes,Yes,Science,0
16.0,Male,High school,High,Yes,16.3,6.2,2.9,2.0,4.0,Yes,Yes,Science,0
13.0,Female,High school,Low,Yes,6.3,8.7,1.9,1.0,5.0,Yes,Yes,English,0
16.0,Female,College,Medium,Yes,8.2,7.4,6.2,4.0,1.0,Yes,Yes,Science,0
14.0,Female,College,Medium,No,13.3,8.2,4.4,5.0,4.0,Yes,Yes,Math,0
13.0,Female,College,Low,No,13.2,9.7,2.9,1.0,2.0,Yes,Yes,Math,0
13.0,Female,High school,Low,Yes,10.8,8.1,3.2,1.0,2.0,No,Yes,Science,0
12.0,Male,High school,Low,Yes,6.9,7.3,3.1,3.0,5.0,Yes,Yes,Geography,0
13.0,Female,College,High,Yes,16.5,7.7,6.5,3.0,5.0,No,Yes,Math,0
16.0,Female,High school,High,No,6.9,6.9,4.3,4.0,1.0,Yes,Yes,English,0
17.0,Female,College,Medium,Yes,21.4,6.9,4.1,4.0,1.0,Yes,No,Science,0
16.0,Male,No formal,Low,Yes,12.0,9.0,2.4,5.0,3.0,No,Yes,Unknown,0
13.0,Male,High school,Medium,No,10.4,7.4,4.6,3.0,5.0,Yes,Yes,History,0
17.0,Male,High school,Medium,No,10.3,7.2,3.4,1.0,5.0,Yes,Yes,English,0
16.0,Male,Postgrad,Medium,Yes,9.2,7.1,4.5,5.0,5.0,Yes,Yes,Science,0
16.0,Female,High school,Medium,No,12.5,8.5,4.3,2.0,4.0,No,Yes,English,0
13.0,Female,College,High,Yes,6.1,8.7,5.7,5.0,2.0,Yes,Yes,History,0
15.0,Male,High school,Medium,No,6.3,8.4,5.6,1.0,1.0,No,Yes,Science,0
15.0,Female,High school,Medium,Yes,15.0,6.8,4.1,3.0,2.0,Yes,Yes,History,0
13.0,Female,No formal,Medium,Yes,5.3,8.7,3.7,2.0,5.0,No,Yes,Science,0
16.0,Male,College,Low,Yes,13.7,6.7,3.2,5.0,5.0,Yes,Yes,Math,0
14.0,Female,College,Medium,Yes,12.4,7.9,4.8,5.0,5.0,Yes,Yes,Geography,0
17.0,Male,High school,High,Yes,7.7,5.7,3.3,3.0,4.0,Yes,Yes,Science,0
18.0,Male,College,Low,No,15.8,8.1,1.6,5.0,3.0,Yes,Yes,Math,0
12.0,Female,High school,Medium,Yes,10.9,6.4,2.3,4.0,3.0,Yes,Yes,Math,0
14.0,Female,No formal,Low,Yes,4.9,6.9,3.7,4.0,3.0,No,Yes,Science,0
13.0,Female,College,Low,No,9.2,6.5,2.1,5.0,1.0,Yes,No,Unknown,0
18.0,Male,College,Low,No,9.9,6.7,1.9,1.0,3.0,No,No,Geography,0
13.0,Female,College,High,No,7.2,8.1,6.1,3.0,3.0,Yes,Yes,English,0
16.0,Male,High school,Low,Yes,12.5,6.7,5.1,2.0,1.0,No,Yes,English,0
17.0,Male,High school,Medium,No,13.2,9.8,2.3,1.0,5.0,No,Yes,Math,0
15.0,Female,No formal,Medium,No,7.8,7.7,5.7,5.0,1.0,Yes,Yes,Science,0
16.0,Female,College,Medium,No,13.7,8.5,4.3,2.0,4.0,Yes,Yes,Math,0
17.0,Female,Postgrad,Medium,Yes,17.8,4.5,2.6,5.0,1.0,No,Yes,English,0
14.0,Female,Postgrad,Medium,Yes,9.6,7.0,7.5,3.0,1.0,Yes,Yes,Science,0
16.0,Male,College,Medium,Yes,14.6,9.2,2.9,1.0,4.0,Yes,Yes,Unknown,0
16.0,Male,Postgrad,High,Yes,9.2,5.6,3.1,4.0,5.0,No,Yes,Geography,0
13.0,Female,College,High,Yes,7.1,7.4,4.6,2.0,3.0,Yes,Yes,Science,0
15.0,Female,High school,Medium,Yes,13.4,8.7,2.8,1.0,2.0,No,Yes,Math,0
12.0,Male,Postgrad,High,Yes,6.6,7.8,3.1,5.0,2.0,Yes,Yes,Unknown,0
14.0,Female,College,High,No,10.4,8.1,4.2,3.0,3.0,No,Yes,Science,0
16.0,Female,College,Low,Yes,11.8,8.5,5.5,1.0,5.0,No,Yes,English,0
13.0,Prefer not to say,College,Medium,Yes,12.2,6.6,1.2,2.0,2.0,Yes,Yes,Math,0
18.0,Female,High school,Medium,Yes,17.1,7.8,4.6,4.0,1.0,Yes,Yes,English,0
17.0,Female,High school,Low,Yes,13.8,8.7,6.8,4.0,3.0,No,Yes,Science,0
16.0,Female,College,High,Yes,8.5,7.7,2.6,2.0,5.0,Yes,Yes,Unknown,0
12.0,Male,Postgrad,Low,Yes,11.9,9.1,5.3,1.0,4.0,Yes,Yes,Science,0
15.0,Female,College,Low,Yes,9.5,5.8,5.4,5.0,5.0,No,Yes,Science,0
17.0,Female,Postgrad,Medium,Yes,10.9,7.8,3.3,4.0,4.0,Yes,Yes,Science,0
18.0,Male,High school,Medium,Yes,6.4,7.2,3.2,2.0,4.0,Yes,Yes,Math,0
13.0,Female,High school,Medium,Yes,15.3,7.4,5.9,2.0,4.0,Yes,Yes,History,0
16.0,Male,College,Medium,No,14.6,6.2,6.8,4.0,3.0,Yes,Yes,Math,0
13.0,Male,High school,Low,Yes,10.4,9.2,3.0,5.0,5.0,No,No,Math,0
17.0,Female,College,Low,Yes,11.4,7.4,4.8,3.0,1.0,Yes,Yes,Math,0
18.0,Male,College,Medium,Yes,16.3,6.2,2.6,1.0,1.0,Yes,Yes,History,0
17.0,Female,College,High,No,12.7,7.2,3.5,2.0,3.0,Yes,Yes,Math,0
14.0,Male,College,High,Yes,6.7,6.8,1.9,4.0,1.0,Yes,No,Science,0
14.0,Female,Postgrad,Medium,Yes,6.4,6.6,4.8,1.0,2.0,Yes,Yes,Science,0
15.0,Male,High school,Medium,Yes,11.9,9.4,3.6,3.0,4.0,No,Yes,Science,0
16.0,Male,Postgrad,Medium,Yes,10.2,6.4,4.5,2.0,2.0,Yes,Yes,English,0
13.0,Male,College,Medium,Yes,13.5,7.4,5.4,5.0,4.0,No,Yes,History,0
14.0,Female,High school,Medium,Yes,10.3,6.8,6.7,5.0,5.0,No,Yes,Unknown,0
12.0,Prefer not to say,High school,Low,No,8.9,8.0,5.4,2.0,5.0,Yes,Yes,Geography,0
16.0,Female,High school,Medium,No,8.0,8.4,5.6,5.0,1.0,No,Yes,Math,0
14.0,Male,Postgrad,Medium,Yes,5.9,5.8,5.2,5.0,3.0,Yes,Yes,English,0
15.0,Male,High school,High,Yes,15.4,8.0,3.5,5.0,5.0,Yes,Yes,Unknown,0
15.0,Female,High school,Medium,Yes,9.3,5.5,3.1,2.0,1.0,Yes,Yes,Science,0
12.0,Male,College,Medium,Yes,10.7,8.4,4.8,2.0,1.0,Yes,Yes,Math,0
16.0,Male,High school,Medium,Yes,9.5,8.3,4.2,4.0,3.0,Yes,Yes,Math,0
15.0,Male,College,High,Yes,16.8,7.7,4.4,4.0,2.0,Yes,Yes,Math,0
16.0,Female,No formal,Low,Yes,15.8,7.6,5.8,4.0,3.0,Yes,Yes,Science,0
12.0,Female,High school,Low,Yes,11.8,8.4,5.2,5.0,1.0,Yes,Yes,Math,0
13.0,Male,High school,Medium,No,8.0,8.4,1.8,4.0,5.0,Yes,Yes,Science,0
13.0,Male,High school,Medium,Yes,7.9,7.9,5.5,2.0,5.0,Yes,Yes,English,0
16.0,Male,College,Medium,Yes,14.6,6.7,1.0,3.0,5.0,Yes,Yes,Math,0
16.0,Male,College,Medium,Yes,10.7,7.7,6.9,2.0,2.0,Yes,Yes,Math,0
12.0,Male,High school,Medium,Yes,7.1,7.5,4.3,3.0,5.0,Yes,Yes,Math,0
12.0,Prefer not to say,Postgrad,High,Yes,9.0,6.6,5.4,3.0,5.0,Yes,Yes,History,0
15.0,Female,High school,Medium,Yes,12.8,8.2,2.1,2.0,4.0,No,Yes,Science,0
15.0,Female,No formal,Medium,No,13.0,8.8,6.1,2.0,4.0,Yes,Yes,Math,0
13.0,Female,College,Low,Yes,10.2,7.9,5.3,4.0,2.0,Yes,Yes,Math,0
17.0,Male,No formal,Medium,No,21.0,9.2,3.2,5.0,4.0,Yes,Yes,English,0
12.0,Female,College,Low,No,4.6,6.8,5.3,3.0,4.0,Yes,Yes,Unknown,0
18.0,Male,High school,Medium,No,10.0,7.9,2.9,2.0,2.0,Yes,Yes,Math,0
15.0,Male,High school,Medium,Yes,16.8,8.4,3.8,2.0,1.0,Yes,Yes,Geography,0
12.0,Female,College,Medium,Yes,6.0,6.7,5.9,4.0,3.0,Yes,No,English,0
16.0,Female,College,Medium,No,14.9,7.7,4.9,2.0,3.0,Yes,Yes,Math,0
16.0,Female,College,Low,Yes,9.6,8.0,4.9,2.0,3.0,Yes,No,Science,0
14.0,Female,College,Medium,No,6.1,7.0,5.0,3.0,3.0,Yes,Yes,English,0
18.0,Male,College,Medium,Yes,16.9,7.9,4.2,2.0,5.0,No,Yes,Unknown,0
14.0,Female,High school,Low,Yes,12.7,8.0,6.7,5.0,5.0,Yes,Yes,Math,0
16.0,Male,High school,Low,Yes,8.4,8.1,4.5,3.0,2.0,Yes,Yes,Math,0
17.0,Male,Postgrad,Low,No,8.8,9.2,5.3,2.0,3.0,Yes,Yes,Science,0
13.0,Male,Postgrad,Medium,Yes,5.8,9.4,1.0,2.0,3.0,Yes,Yes,Unknown,0
16.0,Female,High school,Low,Yes,12.3,8.8,4.4,5.0,3.0,Yes,Yes,History,0
15.0,Male,College,Medium,Yes,12.6,5.7,6.0,3.0,5.0,Yes,Yes,Math,0
18.0,Female,High school,Medium,Yes,8.6,8.4,5.6,1.0,5.0,No,Yes,English,0
15.0,Male,College,Low,Yes,10.4,8.4,4.6,4.0,2.0,No,Yes,Science,0
16.0,Male,High school,Low,Yes,12.7,6.3,3.3,5.0,4.0,Yes,Yes,Unknown,0
18.0,Male,College,Medium,No,14.1,8.4,7.1,5.0,5.0,Yes,Yes,Science,0
13.0,Female,High school,High,Yes,9.9,8.1,2.9,3.0,4.0,Yes,Yes,Unknown,0
14.0,Female,No formal,High,No,13.6,7.1,2.3,5.0,5.0,Yes,Yes,Math,0
17.0,Male,High school,Medium,No,17.3,7.2,4.1,3.0,3.0,Yes,Yes,Science,0
17.0,Male,High school,Medium,Yes,20.5,9.0,6.4,1.0,2.0,No,Yes,Math,0
12.0,Male,High school,Medium,Yes,13.2,8.1,4.4,2.0,4.0,Yes,Yes,History,0
18.0,Male,High school,Medium,Yes,16.4,8.3,3.5,1.0,4.0,Yes,Yes,Geography,0
17.0,Male,College,Medium,Yes,7.4,7.3,7.9,3.0,3.0,Yes,No,Math,0
14.0,Male,College,Low,Yes,6.0,8.0,3.2,3.0,4.0,Yes,Yes,Math,0
17.0,Female,High school,Medium,No,9.6,8.4,5.1,4.0,4.0,No,No,Science,0
18.0,Male,College,Medium,Yes,16.8,8.9,4.7,4.0,3.0,Yes,Yes,English,0
13.0,Male,High school,Low,Yes,7.0,8.5,1.5,2.0,1.0,Yes,Yes,Science,0
15.0,Female,College,Medium,No,5.8,7.3,2.1,5.0,2.0,No,Yes,Math,0
12.0,Female,High school,Medium,No,6.7,7.2,6.4,1.0,5.0,Yes,Yes,Math,0
18.0,Female,College,Medium,Yes,9.6,8.2,5.7,3.0,4.0,Yes,Yes,History,0
15.0,Female,Postgrad,Medium,Yes,15.7,8.5,5.4,2.0,2.0,Yes,Yes,Science,0
12.0,Male,College,Medium,No,10.9,8.8,1.4,1.0,4.0,No,Yes,Science,0
17.0,Female,College,Medium,Yes,18.0,5.7,4.7,3.0,5.0,Yes,Yes,Math,0
16.0,Male,College,Low,Yes,15.7,9.4,5.0,2.0,3.0,Yes,Yes,Math,0
14.0,Female,Postgrad,Medium,No,13.8,8.0,2.8,3.0,2.0,No,No,Math,0
12.0,Female,Postgrad,Medium,Yes,11.1,9.8,3.9,1.0,5.0,Yes,Yes,Geography,0
15.0,Male,No formal,Low,Yes,6.5,5.4,4.6,2.0,2.0,Yes,Yes,History,0
18.0,Female,Postgrad,Low,No,14.9,8.9,4.3,2.0,2.0,No,Yes,Math,0
13.0,Female,College,Low,Yes,12.1,7.5,3.2,5.0,2.0,Yes,Yes,Math,0
18.0,Male,College,Low,Yes,11.9,6.9,1.4,3.0,4.0,No,Yes,English,0
14.0,Male,High school,High,Yes,13.2,7.7,4.2,3.0,3.0,Yes,Yes,Math,0
15.0,Female,College,Low,Yes,11.3,8.1,4.4,4.0,5.0,Yes,No,Math,0
13.0,Male,High school,Low,Yes,5.9,7.0,4.5,5.0,3.0,Yes,Yes,Math,0
14.0,Male,High school,Medium,Yes,8.4,6.0,6.1,4.0,1.0,Yes,Yes,Science,0
14.0,Female,High school,Medium,Yes,14.3,6.5,5.9,4.0,5.0,Yes,Yes,English,0
18.0,Male,High school,Low,Yes,10.1,7.6,5.7,5.0,1.0,No,Yes,Science,0
18.0,Male,College,Medium,Yes,18.9,5.1,4.7,4.0,2.0,No,Yes,Unknown,0
18.0,Female,No formal,Low,Yes,10.1,7.0,2.9,3.0,1.0,Yes,Yes,Science,0
18.0,Male,High school,Medium,Yes,13.6,9.6,2.2,3.0,1.0,Yes,Yes,Math,0
16.0,Female,Postgrad,Medium,Yes,14.1,8.2,4.6,4.0,4.0,Yes,Yes,Math,0
15.0,Male,College,Medium,Yes,10.3,8.7,5.3,5.0,4.0,Yes,Yes,English,0
14.0,Male,High school,High,No,16.1,6.5,4.0,3.0,4.0,Yes,Yes,Science,0
15.0,Male,High school,Medium,Yes,4.6,8.0,4.6,5.0,2.0,No,No,Science,0
12.0,Male,Postgrad,Medium,No,5.2,6.6,2.0,2.0,4.0,No,Yes,Science,0
17.0,Female,No formal,Medium,No,13.8,6.9,5.1,5.0,4.0,No,Yes,Science,0
17.0,Male,College,High,Yes,7.4,9.6,2.0,4.0,4.0,Yes,Yes,Science,0
12.0,Female,College,Medium,Yes,12.2,7.4,4.7,5.0,1.0,Yes,Yes,Unknown,0
18.0,Male,College,Low,No,6.6,8.3,4.3,3.0,2.0,Yes,Yes,Math,0
14.0,Prefer not to say,College,Medium,Yes,12.7,6.6,4.4,5.0,3.0,No,Yes,Science,0
16.0,Male,High school,Medium,No,9.5,6.8,3.1,4.0,1.0,No,Yes,Math,0
16.0,Female,No formal,Low,No,9.5,6.8,1.0,3.0,3.0,No,Yes,Science,0
15.0,Male,High school,High,No,15.2,4.0,5.7,2.0,5.0,No,Yes,Science,0
16.0,Male,Postgrad,Medium,Yes,11.0,7.7,3.9,3.0,1.0,No,Yes,Unknown,0
13.0,Female,College,Medium,Yes,9.6,7.1,4.8,2.0,4.0,Yes,No,Math,0
13.0,Female,College,Medium,Yes,12.1,7.4,5.7,1.0,4.0,Yes,Yes,Science,0
17.0,Male,College,Low,No,16.7,7.1,3.8,5.0,1.0,No,Yes,Science,0
13.0,Female,College,High,Yes,8.9,5.4,1.9,5.0,5.0,Yes,Yes,History,0
18.0,Male,College,Low,No,12.3,7.7,2.9,3.0,2.0,No,No,Geography,0
18.0,Female,High school,Medium,Yes,17.4,5.0,5.3,1.0,2.0,Yes,No,Science,0
15.0,Female,College,Low,No,9.7,9.3,1.0,3.0,2.0,Yes,Yes,Geography,0
15.0,Female,Postgrad,Medium,Yes,9.1,7.8,2.2,3.0,3.0,Yes,Yes,Math,0
15.0,Female,College,Low,Yes,7.7,8.5,4.4,3.0,1.0,No,Yes,Math,0
12.0,Male,High school,Medium,Yes,11.6,9.2,3.9,4.0,4.0,Yes,Yes,Math,0
17.0,Male,Postgrad,High,Yes,11.1,7.1,5.2,4.0,4.0,Yes,Yes,Geography,0
14.0,Female,Postgrad,Medium,Yes,4.9,6.3,6.1,2.0,4.0,Yes,Yes,Math,0
18.0,Female,High school,Medium,Yes,17.7,6.7,3.2,2.0,5.0,Yes,Yes,Math,0
13.0,Female,No formal,Medium,Yes,7.7,7.9,2.4,2.0,4.0,Yes,Yes,English,0
17.0,Male,College,Low,Yes,14.0,7.3,5.8,2.0,3.0,Yes,Yes,Science,0
16.0,Male,College,Medium,Yes,9.6,5.4,1.8,2.0,1.0,Yes,Yes,Math,0
17.0,Male,No formal,Low,No,8.4,7.5,5.0,5.0,2.0,No,Yes,History,0
16.0,Female,Postgrad,Medium,Yes,18.3,9.2,2.5,1.0,4.0,Yes,Yes,Geography,0
13.0,Male,College,Low,No,11.3,7.9,1.1,1.0,5.0,No,No,Science,0
13.0,Female,Postgrad,High,Yes,15.7,8.1,3.3,4.0,2.0,Yes,Yes,Math,0
13.0,Male,High school,High,Yes,11.2,7.3,5.4,2.0,1.0,Yes,Yes,Math,0
15.0,Prefer not to say,College,Medium,Yes,11.0,6.1,2.5,5.0,2.0,Yes,Yes,Math,0
16.0,Male,No formal,Medium,Yes,13.2,6.5,3.4,5.0,3.0,No,Yes,Science,0
12.0,Female,High school,Medium,No,6.9,7.5,6.0,4.0,3.0,Yes,Yes,Science,0
17.0,Prefer not to say,College,Medium,Yes,14.4,7.3,3.3,5.0,3.0,No,Yes,Math,0
18.0,Female,Postgrad,Medium,Yes,17.7,6.2,5.5,2.0,1.0,Yes,No,History,0
13.0,Male,Postgrad,Medium,No,11.2,6.6,4.0,5.0,3.0,Yes,Yes,History,0
17.0,Female,Postgrad,Medium,Yes,11.1,9.4,5.6,1.0,1.0,Yes,Yes,Science,0
16.0,Male,College,Medium,Yes,12.0,9.2,5.2,1.0,1.0,Yes,Yes,Science,0
15.0,Female,College,Medium,Yes,6.4,7.4,4.1,5.0,1.0,No,Yes,Math,0
13.0,Female,High school,High,No,8.4,7.5,4.5,5.0,1.0,Yes,Yes,Science,0
12.0,Female,College,Medium,Yes,5.9,7.2,5.3,5.0,1.0,Yes,Yes,Science,0
13.0,Female,College,Low,Yes,14.8,6.9,4.2,4.0,4.0,Yes,Yes,Unknown,0
14.0,Female,Postgrad,Low,Yes,13.5,7.4,7.3,4.0,4.0,Yes,Yes,Math,0
17.0,Male,High school,Medium,Yes,10.6,6.5,4.0,4.0,1.0,Yes,Yes,Science,0
16.0,Female,Postgrad,Low,Yes,13.6,8.4,2.6,5.0,4.0,Yes,Yes,History,0
16.0,Female,Postgrad,Medium,Yes,17.2,7.8,7.0,5.0,5.0,Yes,Yes,Math,0
15.0,Female,Postgrad,Low,No,19.6,7.3,3.9,4.0,1.0,No,Yes,History,0
16.0,Female,College,Medium,Yes,15.0,7.5,3.2,4.0,4.0,Yes,Yes,Unknown,0
14.0,Female,Postgrad,Medium,Yes,10.0,6.8,3.1,3.0,4.0,Yes,Yes,Science,0
17.0,Female,College,Low,No,12.9,6.6,5.4,2.0,5.0,Yes,Yes,History,0
18.0,Female,College,Medium,No,7.7,7.5,1.4,3.0,1.0,No,Yes,Math,0
14.0,Male,College,Medium,Yes,14.9,6.2,4.5,1.0,3.0,Yes,No,History,0
14.0,Male,Postgrad,Low,Yes,6.7,7.6,4.4,3.0,3.0,No,Yes,Science,0
17.0,Female,Postgrad,Medium,No,14.6,7.0,5.1,3.0,4.0,Yes,Yes,Math,0
15.0,Male,No formal,Low,Yes,15.3,7.0,2.7,1.0,2.0,Yes,Yes,Unknown,0
15.0,Female,High school,Medium,Yes,8.8,6.9,4.9,2.0,1.0,No,Yes,Science,0
13.0,Female,High school,Medium,Yes,7.6,6.1,4.1,4.0,5.0,Yes,Yes,Science,0
14.0,Male,High school,Medium,Yes,8.3,8.2,3.4,2.0,1.0,Yes,Yes,Math,0
14.0,Female,College,High,Yes,5.9,8.9,4.4,5.0,4.0,Yes,Yes,Math,0
17.0,Female,High school,Low,Yes,9.7,8.0,3.8,3.0,2.0,Yes,Yes,Math,0
13.0,Female,Postgrad,Low,Yes,11.5,7.7,1.2,1.0,2.0,No,Yes,Math,0
13.0,Male,College,Low,Yes,10.9,6.7,6.0,5.0,3.0,Yes,Yes,English,0
12.0,Female,High school,Low,Yes,11.5,8.1,2.8,4.0,3.0,Yes,Yes,English,0
15.0,Male,College,Low,No,10.0,8.3,2.1,2.0,5.0,Yes,Yes,Science,0
16.0,Male,College,Medium,Yes,19.6,9.1,4.0,1.0,5.0,Yes,Yes,Math,0
16.0,Male,High school,Medium,Yes,12.8,5.7,7.3,5.0,4.0,Yes,Yes,Geography,0
16.0,Female,No formal,Low,Yes,13.8,6.8,4.1,4.0,4.0,Yes,Yes,Science,0
16.0,Male,High school,Low,Yes,15.7,7.0,6.0,2.0,4.0,Yes,Yes,English,0
13.0,Male,No formal,Medium,Yes,17.9,6.3,5.0,3.0,5.0,Yes,Yes,Math,0
17.0,Female,Postgrad,Medium,Yes,9.2,6.7,4.6,1.0,1.0,No,Yes,Math,0
13.0,Male,High school,Medium,Yes,8.3,10.4,5.0,1.0,4.0,Yes,Yes,Science,0
17.0,Male,Postgrad,Medium,No,10.4,7.0,2.1,4.0,4.0,Yes,Yes,Science,0
14.0,Male,Postgrad,Medium,Yes,9.1,6.8,5.5,5.0,2.0,Yes,Yes,English,0
14.0,Female,High school,Medium,Yes,15.4,7.4,2.5,4.0,3.0,Yes,Yes,Math,0
17.0,Female,College,Low,Yes,16.0,5.1,2.4,4.0,4.0,No,Yes,Science,0
17.0,Female,High school,High,Yes,12.4,7.3,2.3,2.0,5.0,Yes,Yes,Science,0
14.0,Female,High school,Medium,Yes,11.4,7.6,5.9,3.0,4.0,Yes,Yes,Science,0
18.0,Male,College,Low,Yes,12.1,7.7,6.3,1.0,5.0,Yes,Yes,Science,0
18.0,Female,High school,Medium,Yes,7.1,8.9,3.6,3.0,5.0,Yes,No,Unknown,0
17.0,Prefer not to say,College,Medium,No,16.5,6.1,6.9,3.0,4.0,Yes,No,Science,0
17.0,Female,Postgrad,Medium,No,11.1,7.8,5.8,3.0,1.0,Yes,Yes,Science,0
17.0,Female,High school,Medium,No,12.1,9.9,3.1,3.0,4.0,No,Yes,Science,0
16.0,Male,College,Low,Yes,11.1,7.7,3.3,2.0,1.0,No,Yes,History,0
14.0,Female,College,Low,No,12.8,7.8,4.5,3.0,2.0,Yes,Yes,Geography,0
13.0,Prefer not to say,College,High,No,10.1,6.7,2.4,3.0,3.0,No,Yes,Unknown,0
16.0,Female,College,High,Yes,18.5,6.7,3.8,4.0,2.0,No,Yes,Math,0
18.0,Male,High school,Medium,Yes,10.0,7.5,6.1,3.0,5.0,Yes,Yes,Math,0
14.0,Male,Postgrad,Medium,No,7.0,9.1,3.0,4.0,1.0,Yes,Yes,History,0
15.0,Female,No formal,Low,No,6.4,8.3,3.4,2.0,3.0,Yes,No,Science,0
14.0,Female,High school,Medium,Yes,6.4,5.8,5.5,4.0,1.0,Yes,Yes,Math,0
12.0,Male,College,High,Yes,10.3,8.3,4.9,5.0,2.0,Yes,Yes,Science,0
18.0,Female,Postgrad,Low,No,10.7,7.8,4.0,3.0,5.0,Yes,Yes,Science,0
13.0,Female,College,Medium,No,11.0,6.8,2.8,3.0,5.0,Yes,Yes,Math,0
13.0,Male,College,Medium,Yes,13.2,6.9,2.3,4.0,4.0,Yes,Yes,Unknown,0
14.0,Male,College,Low,Yes,6.5,8.4,3.7,2.0,5.0,No,Yes,Unknown,0
14.0,Male,Postgrad,Medium,Yes,11.2,9.0,2.5,1.0,1.0,Yes,Yes,English,0
13.0,Female,College,Medium,Yes,10.6,6.8,3.6,2.0,5.0,Yes,No,Math,0
17.0,Female,Postgrad,Medium,Yes,7.5,7.9,4.4,5.0,2.0,Yes,Yes,Science,0
17.0,Female,Postgrad,High,Yes,16.3,7.3,2.0,5.0,2.0,Yes,Yes,Geography,0
13.0,Female,College,Low,Yes,10.2,7.9,5.1,2.0,4.0,Yes,Yes,English,0
13.0,Female,High school,Medium,Yes,10.9,8.9,3.9,1.0,3.0,Yes,Yes,Unknown,0
17.0,Female,No formal,Low,Yes,14.5,7.4,4.3,3.0,4.0,Yes,Yes,Science,0
16.0,Male,College,Medium,Yes,9.6,6.8,5.1,4.0,1.0,Yes,Yes,History,0
17.0,Male,High school,High,Yes,16.5,8.0,1.1,4.0,5.0,Yes,Yes,Geography,0
17.0,Female,High school,Low,Yes,9.9,8.5,4.7,3.0,4.0,Yes,Yes,Math,0
15.0,Male,No formal,High,Yes,15.7,7.2,4.0,5.0,2.0,Yes,Yes,Geography,0
16.0,Male,College,Medium,Yes,13.4,7.6,2.3,1.0,4.0,Yes,Yes,Science,0
15.0,Female,No formal,High,Yes,6.7,8.2,6.1,2.0,3.0,Yes,Yes,Math,0
17.0,Male,College,High,Yes,12.0,6.2,2.7,3.0,4.0,No,Yes,Unknown,0
18.0,Female,College,Medium,Yes,22.3,7.5,4.1,3.0,2.0,Yes,Yes,Math,0
18.0,Female,High school,High,Yes,7.1,7.9,4.1,2.0,5.0,No,Yes,History,0
12.0,Male,College,High,Yes,7.7,8.4,2.3,4.0,4.0,No,No,Math,0
16.0,Male,College,Medium,No,10.4,8.0,1.8,5.0,4.0,Yes,Yes,Science,0
17.0,Male,High school,High,Yes,11.4,7.4,3.3,3.0,4.0,No,Yes,History,0
18.0,Male,High school,Medium,Yes,15.4,6.9,3.1,5.0,3.0,Yes,Yes,Math,0
17.0,Female,Postgrad,Medium,Yes,10.9,7.6,2.1,4.0,1.0,Yes,Yes,Math,0
15.0,Female,College,Medium,Yes,13.1,8.0,3.7,1.0,2.0,No,Yes,English,0
14.0,Male,College,Medium,Yes,11.9,6.3,2.7,1.0,5.0,Yes,Yes,Math,0
12.0,Female,College,Low,Yes,5.8,7.3,2.1,2.0,3.0,No,Yes,Science,0
18.0,Male,High school,Medium,Yes,16.3,8.5,3.4,4.0,2.0,Yes,Yes,English,0
14.0,Male,No formal,Low,Yes,8.4,7.9,1.5,2.0,2.0,Yes,Yes,Math,0
15.0,Male,High school,Medium,Yes,4.4,6.7,5.6,3.0,1.0,Yes,No,Science,0
16.0,Female,High school,Low,Yes,13.7,8.0,3.7,1.0,2.0,Yes,Yes,Geography,0
18.0,Female,College,Medium,Yes,11.3,7.4,2.8,5.0,1.0,Yes,Yes,Science,0
18.0,Female,College,High,Yes,19.7,8.6,3.3,5.0,4.0,No,Yes,Geography,0
15.0,Male,College,High,Yes,15.4,7.6,4.2,5.0,1.0,No,No,Unknown,0
16.0,Male,Postgrad,Medium,No,14.7,6.4,4.9,4.0,1.0,No,Yes,Math,0
18.0,Female,College,Low,No,9.5,8.5,2.6,3.0,3.0,Yes,Yes,Geography,0
14.0,Female,College,Medium,Yes,10.2,6.7,6.2,3.0,3.0,Yes,No,English,0
14.0,Female,Postgrad,High,No,10.0,8.8,3.4,3.0,2.0,No,Yes,Math,0
14.0,Female,High school,Medium,Yes,13.6,7.4,4.4,3.0,2.0,Yes,Yes,Math,0
16.0,Female,College,High,Yes,9.1,6.3,4.6,3.0,5.0,No,Yes,Unknown,0
14.0,Female,College,High,Yes,6.9,5.8,4.8,4.0,4.0,No,Yes,English,0
17.0,Female,No formal,High,No,10.5,5.5,5.4,3.0,1.0,Yes,Yes,English,0
14.0,Female,College,Medium,Yes,9.4,7.4,3.7,4.0,5.0,Yes,Yes,Math,0
18.0,Male,College,Medium,Yes,13.1,7.4,5.1,2.0,3.0,Yes,Yes,Math,0
15.0,Male,No formal,Medium,Yes,13.7,6.8,3.4,5.0,1.0,Yes,Yes,Math,0
15.0,Female,Postgrad,Low,Yes,11.7,10.5,4.4,5.0,1.0,Yes,Yes,Geography,0
17.0,Male,College,Low,Yes,11.9,7.7,3.1,5.0,3.0,Yes,Yes,Science,0
14.0,Female,Postgrad,Medium,No,9.6,7.5,4.7,4.0,1.0,Yes,Yes,Math,0
13.0,Male,High school,Medium,Yes,10.0,8.9,4.9,1.0,3.0,No,Yes,Science,0
16.0,Female,College,Low,Yes,13.2,7.8,2.9,4.0,2.0,Yes,Yes,Unknown,0
13.0,Female,College,Low,No,8.9,7.7,5.1,3.0,4.0,Yes,Yes,Math,0
16.0,Female,College,High,Yes,10.7,7.5,5.5,2.0,5.0,Yes,Yes,Geography,0
12.0,Male,High school,Medium,Yes,10.3,7.1,1.0,2.0,5.0,Yes,Yes,Unknown,0
16.0,Male,College,Low,No,15.3,8.2,4.1,1.0,2.0,Yes,Yes,English,0
18.0,Male,College,High,Yes,13.6,8.8,2.2,2.0,4.0,No,No,Science,0
15.0,Male,High school,Low,Yes,9.7,7.7,5.7,5.0,2.0,Yes,Yes,History,0
12.0,Male,College,Medium,Yes,2.5,8.2,3.1,1.0,5.0,Yes,Yes,History,0
18.0,Male,College,Medium,No,17.3,6.7,3.7,3.0,1.0,Yes,Yes,English,0
13.0,Female,High school,Medium,Yes,6.3,6.4,3.7,5.0,5.0,No,Yes,English,0
15.0,Male,High school,Medium,Yes,11.4,7.6,4.0,2.0,1.0,Yes,Yes,English,0
13.0,Male,No formal,High,No,10.5,7.0,6.2,2.0,4.0,Yes,Yes,Science,0
14.0,Female,Postgrad,Low,Yes,9.1,8.6,4.4,1.0,3.0,Yes,Yes,English,0
14.0,Female,High school,Medium,Yes,10.8,8.4,5.5,3.0,3.0,Yes,Yes,Science,0
16.0,Female,College,Medium,No,10.7,8.1,3.1,4.0,4.0,Yes,Yes,Math,0
17.0,Male,College,Low,No,9.7,5.2,7.0,1.0,1.0,Yes,Yes,Math,0
14.0,Male,College,Medium,Yes,14.9,9.1,3.2,4.0,1.0,Yes,Yes,Science,0
13.0,Female,High school,Medium,Yes,13.5,7.6,2.6,2.0,5.0,No,Yes,Unknown,0
15.0,Female,College,Low,No,16.6,8.6,2.3,4.0,3.0,No,Yes,Math,0
17.0,Female,College,Medium,No,12.3,8.4,2.6,4.0,2.0,No,Yes,English,0
17.0,Male,College,Low,Yes,10.2,8.9,6.4,3.0,4.0,No,Yes,Science,0
18.0,Male,College,Low,Yes,14.5,7.9,1.0,1.0,5.0,No,Yes,Science,0
17.0,Female,Postgrad,Medium,Yes,15.2,8.0,2.0,1.0,2.0,Yes,Yes,Unknown,0
13.0,Female,College,Medium,Yes,4.7,7.0,3.4,1.0,5.0,Yes,No,English,1
15.0,Female,High school,Low,Yes,6.7,8.0,4.3,2.0,4.0,Yes,Yes,English,1
15.0,Male,Postgrad,Low,Yes,3.9,7.0,6.2,2.0,4.0,Yes,Yes,Science,1
13.0,Female,High school,Medium,No,7.2,7.3,7.3,1.0,5.0,Yes,Yes,English,1
14.0,Female,College,Low,Yes,11.4,8.0,6.0,2.0,5.0,Yes,Yes,History,1
13.0,Female,High school,Low,Yes,7.4,7.0,5.4,1.0,5.0,Yes,Yes,Unknown,1
13.0,Male,College,Low,Yes,5.8,7.8,4.1,4.0,3.0,Yes,Yes,Unknown,1
13.0,Female,Postgrad,Low,No,5.0,7.1,7.4,3.0,5.0,Yes,No,Geography,1
13.0,Female,College,Medium,Yes,4.5,6.4,6.2,3.0,4.0,Yes,Yes,Science,1
13.0,Female,Postgrad,High,Yes,5.0,6.9,2.8,2.0,4.0,Yes,No,Science,1
15.0,Female,College,Medium,Yes,11.5,6.8,5.6,1.0,5.0,No,Yes,English,1
17.0,Male,Postgrad,Medium,Yes,10.9,7.6,4.6,1.0,5.0,Yes,Yes,Math,1
16.0,Female,College,Medium,Yes,8.7,6.5,2.3,2.0,4.0,Yes,Yes,Geography,1
13.0,Female,Postgrad,Low,Yes,2.9,6.5,6.3,1.0,4.0,Yes,Yes,Unknown,1
16.0,Male,High school,Medium,Yes,6.7,8.0,3.0,1.0,5.0,Yes,Yes,English,1
14.0,Male,College,Low,No,3.3,8.7,5.2,1.0,5.0,Yes,Yes,Unknown,1
15.0,Female,College,High,Yes,8.0,7.2,6.2,2.0,5.0,No,Yes,Geography,1
14.0,Female,High school,Medium,Yes,11.5,6.1,4.7,1.0,5.0,Yes,Yes,Science,1
13.0,Female,College,High,No,11.8,5.9,6.2,2.0,5.0,Yes,Yes,Geography,1
16.0,Female,College,Medium,Yes,14.0,8.7,2.4,1.0,5.0,Yes,Yes,Science,1
16.0,Female,College,High,Yes,4.6,6.9,4.4,1.0,5.0,Yes,Yes,Science,1
17.0,Female,College,Low,Yes,9.7,6.6,6.0,1.0,5.0,Yes,Yes,Math,1
14.0,Female,High school,Low,No,5.5,6.3,3.3,3.0,4.0,Yes,Yes,Science,1
14.0,Female,College,Medium,Yes,8.1,6.9,5.3,2.0,5.0,Yes,Yes,English,1
13.0,Female,College,Low,Yes,12.9,7.4,5.6,2.0,3.0,Yes,Yes,Science,1
13.0,Female,College,Medium,No,13.1,7.1,5.0,1.0,5.0,Yes,Yes,Science,1
13.0,Male,High school,Medium,Yes,4.3,7.1,5.1,1.0,5.0,Yes,Yes,Science,1
14.0,Female,No formal,Medium,Yes,6.5,8.1,4.8,1.0,5.0,Yes,No,Unknown,1
13.0,Female,High school,Low,No,12.3,7.2,4.5,1.0,5.0,Yes,Yes,Science,1
15.0,Female,College,Medium,No,10.5,8.3,4.0,1.0,5.0,Yes,Yes,Unknown,1
15.0,Male,No formal,Low,No,6.1,7.6,4.0,1.0,3.0,Yes,No,Math,1
15.0,Female,College,Low,Yes,8.0,6.4,6.2,2.0,3.0,Yes,Yes,Geography,1
16.0,Male,College,Low,Yes,12.3,6.9,6.4,3.0,4.0,Yes,Yes,Math,1
17.0,Male,Postgrad,Medium,No,11.7,8.8,3.3,1.0,5.0,Yes,No,Unknown,1
16.0,Male,Postgrad,High,No,9.3,7.3,4.2,3.0,4.0,Yes,Yes,Math,1
13.0,Male,Postgrad,High,Yes,4.1,4.7,4.3,1.0,5.0,Yes,Yes,History,1
13.0,Female,College,Low,Yes,5.4,6.1,2.9,1.0,4.0,Yes,Yes,Math,1
14.0,Male,College,Low,Yes,5.7,8.5,4.8,1.0,5.0,Yes,No,English,1
16.0,Female,High school,Low,No,2.6,6.1,4.7,2.0,3.0,Yes,Yes,Math,1
13.0,Male,College,Low,Yes,5.7,9.1,5.3,1.0,5.0,No,Yes,Science,1
14.0,Prefer not to say,College,Low,Yes,4.7,7.4,3.8,2.0,5.0,Yes,Yes,Science,1
15.0,Female,High school,Low,No,8.8,6.2,5.0,2.0,4.0,Yes,Yes,English,1
13.0,Female,College,Medium,Yes,3.4,7.5,5.6,1.0,4.0,Yes,Yes,English,1
15.0,Female,High school,Medium,Yes,14.3,6.4,5.2,1.0,5.0,No,Yes,Math,1
15.0,Male,High school,Medium,Yes,13.1,7.3,5.2,1.0,5.0,Yes,Yes,Unknown,1
13.0,Male,High school,Low,No,3.1,7.1,4.4,1.0,4.0,No,Yes,Unknown,1
14.0,Male,College,Medium,Yes,7.8,8.2,2.0,1.0,5.0,No,No,Unknown,1
14.0,Male,College,Medium,Yes,11.7,6.3,2.3,1.0,3.0,No,Yes,Math,1
17.0,Female,College,Medium,Yes,5.7,6.4,2.1,2.0,3.0,No,Yes,Geography,1
15.0,Female,High school,Medium,Yes,9.4,7.4,4.7,1.0,5.0,Yes,Yes,Math,1
14.0,Male,College,Medium,Yes,4.5,6.9,3.1,2.0,4.0,Yes,Yes,Science,1
17.0,Male,College,Medium,Yes,11.7,7.3,4.3,1.0,5.0,Yes,Yes,Math,1
15.0,Female,College,Medium,Yes,12.1,6.5,4.4,1.0,5.0,No,Yes,History,1
13.0,Female,Postgrad,Medium,Yes,4.7,5.0,5.7,2.0,5.0,Yes,Yes,Science,1
14.0,Male,No formal,High,No,4.7,7.5,5.6,3.0,5.0,Yes,No,Science,1
14.0,Female,College,Medium,Yes,9.2,8.7,3.2,1.0,4.0,Yes,No,English,1
13.0,Male,High school,Medium,No,11.7,6.0,5.6,3.0,4.0,Yes,Yes,Science,1
13.0,Female,College,Low,No,8.4,7.7,6.2,2.0,4.0,No,Yes,Unknown,1
13.0,Female,High school,Medium,No,9.4,5.7,4.7,2.0,3.0,Yes,Yes,Unknown,1
13.0,Male,High school,Medium,No,10.5,7.9,6.0,1.0,5.0,Yes,No,Unknown,1
13.0,Male,High school,Low,Yes,3.3,7.1,5.8,2.0,4.0,Yes,No,English,1
14.0,Female,College,Medium,Yes,2.4,6.4,3.8,1.0,5.0,Yes,Yes,English,1
14.0,Prefer not to say,High school,Low,Yes,5.5,6.0,2.0,2.0,1.0,Yes,Yes,Science,1
16.0,Male,College,Medium,Yes,11.9,8.0,5.4,3.0,3.0,Yes,No,Math,1
13.0,Male,College,Low,No,4.1,7.9,5.6,1.0,3.0,Yes,Yes,History,1
13.0,Female,College,Medium,No,6.8,5.8,4.8,1.0,5.0,Yes,Yes,Unknown,1
13.0,Male,College,Medium,No,3.9,7.2,2.5,3.0,3.0,Yes,Yes,English,1
16.0,Female,Postgrad,Medium,Yes,10.8,7.3,2.6,1.0,3.0,Yes,Yes,Unknown,1
13.0,Female,No formal,Medium,Yes,11.2,7.7,4.3,2.0,3.0,Yes,Yes,Unknown,1
17.0,Female,No formal,Low,No,10.2,6.7,4.5,1.0,5.0,Yes,Yes,Science,1
13.0,Prefer not to say,College,Low,Yes,6.5,5.7,2.7,2.0,4.0,Yes,No,Science,1
13.0,Female,College,Medium,Yes,12.1,6.4,3.1,3.0,5.0,Yes,Yes,Science,1
14.0,Female,College,Medium,Yes,8.9,6.9,2.4,2.0,3.0,Yes,Yes,Geography,1
13.0,Female,No formal,Medium,Yes,6.1,6.9,5.0,2.0,5.0,No,Yes,Science,1
13.0,Female,High school,Medium,Yes,4.5,6.2,4.7,3.0,3.0,Yes,Yes,Science,1
15.0,Female,College,Medium,Yes,8.5,6.9,1.8,3.0,5.0,Yes,Yes,English,1
13.0,Female,College,Medium,Yes,10.3,6.9,5.8,1.0,3.0,Yes,Yes,English,1
14.0,Male,High school,Medium,Yes,7.3,6.1,4.0,1.0,3.0,Yes,Yes,Science,1
13.0,Male,Postgrad,Low,No,7.7,8.6,6.5,1.0,5.0,Yes,Yes,English,1
13.0,Male,College,Low,Yes,4.5,7.1,5.5,2.0,3.0,Yes,Yes,Science,1
16.0,Male,High school,Low,No,7.5,8.1,6.6,2.0,5.0,Yes,Yes,English,1
14.0,Female,College,Medium,No,12.0,6.1,2.5,1.0,5.0,Yes,Yes,Unknown,1
14.0,Male,College,Low,Yes,9.4,8.0,4.9,2.0,4.0,Yes,No,Geography,1
13.0,Female,College,Low,No,7.8,6.4,3.6,1.0,5.0,Yes,Yes,Science,1
13.0,Male,College,Low,No,9.5,7.7,4.6,1.0,5.0,No,No,Science,1
14.0,Male,High school,Low,Yes,8.5,4.8,6.7,3.0,4.0,Yes,Yes,Math,1
14.0,Female,College,Low,Yes,11.9,7.8,6.1,4.0,4.0,Yes,Yes,Science,1
14.0,Male,High school,Medium,Yes,10.5,7.4,6.1,1.0,5.0,No,Yes,History,1
14.0,Male,High school,Medium,Yes,13.4,7.8,6.0,3.0,5.0,Yes,Yes,Unknown,1
13.0,Male,College,Medium,Yes,5.9,6.4,7.2,3.0,5.0,Yes,Yes,Science,1
15.0,Female,High school,Medium,Yes,8.0,7.7,5.5,1.0,5.0,Yes,Yes,Science,1
14.0,Prefer not to say,College,Medium,Yes,6.0,7.9,6.6,1.0,5.0,Yes,Yes,English,1
15.0,Male,Postgrad,Low,No,6.4,5.4,4.5,2.0,4.0,Yes,No,History,1
13.0,Female,College,Low,Yes,3.2,8.9,3.2,2.0,1.0,Yes,No,Science,1
13.0,Female,College,High,Yes,5.5,6.3,2.3,2.0,4.0,No,Yes,Math,1
14.0,Female,College,Medium,No,11.5,7.5,2.0,1.0,4.0,No,Yes,English,1
15.0,Female,High school,Medium,Yes,11.8,6.4,6.3,1.0,5.0,Yes,Yes,Science,1
16.0,Female,College,Medium,Yes,8.1,6.0,4.3,1.0,5.0,Yes,Yes,Science,1
14.0,Male,College,Medium,Yes,6.2,6.7,2.8,2.0,4.0,Yes,Yes,Science,1
15.0,Female,High school,Medium,Yes,9.6,6.6,4.4,2.0,5.0,Yes,Yes,Science,1
14.0,Male,High school,Low,Yes,10.5,7.8,5.6,3.0,5.0,Yes,Yes,Science,1
15.0,Female,High school,Medium,No,6.2,7.9,2.4,1.0,5.0,Yes,Yes,Science,1
14.0,Female,College,Medium,Yes,2.7,7.8,2.6,2.0,5.0,No,Yes,Math,1
16.0,Female,Postgrad,Medium,Yes,12.0,6.7,4.1,1.0,5.0,Yes,No,English,1
14.0,Female,High school,Medium,No,8.6,6.9,5.6,1.0,5.0,Yes,Yes,Math,1
13.0,Male,College,Medium,Yes,5.3,8.1,3.2,1.0,5.0,Yes,Yes,Unknown,1
17.0,Male,College,Medium,Yes,14.3,7.0,3.1,3.0,3.0,Yes,Yes,Math,1
14.0,Male,High school,High,Yes,2.8,7.5,5.0,2.0,4.0,Yes,No,Math,1
15.0,Male,College,Low,Yes,4.6,6.7,4.9,1.0,5.0,Yes,Yes,Science,1
17.0,Female,College,Medium,Yes,10.6,7.8,4.6,3.0,5.0,No,Yes,Math,1
13.0,Male,High school,Medium,No,5.7,6.1,4.7,3.0,1.0,No,Yes,Math,1
15.0,Female,Postgrad,Medium,Yes,10.6,5.7,3.5,2.0,1.0,Yes,Yes,Math,1
15.0,Female,High school,Medium,Yes,13.1,5.9,3.8,2.0,5.0,Yes,Yes,Science,1
15.0,Male,High school,Low,Yes,11.4,7.0,5.2,1.0,5.0,No,No,Geography,1
13.0,Female,Postgrad,High,No,6.0,4.7,4.3,1.0,4.0,Yes,Yes,Math,1
14.0,Female,High school,Low,Yes,8.8,5.0,2.2,2.0,4.0,Yes,Yes,Geography,1
15.0,Prefer not to say,Postgrad,Low,Yes,7.6,8.4,3.5,3.0,5.0,Yes,No,Math,1
13.0,Female,College,Low,No,5.9,8.0,6.5,1.0,5.0,Yes,Yes,English,1
13.0,Male,College,High,Yes,5.2,8.4,4.6,3.0,5.0,Yes,No,Math,1
15.0,Male,Postgrad,Low,Yes,7.0,7.2,4.0,1.0,5.0,Yes,Yes,Unknown,1
13.0,Male,No formal,High,Yes,2.2,5.5,5.6,3.0,3.0,Yes,Yes,Math,1
14.0,Female,College,Low,Yes,6.1,6.5,2.9,2.0,2.0,Yes,Yes,Math,1
15.0,Male,High school,High,Yes,6.9,7.8,6.5,2.0,5.0,Yes,No,Math,1
13.0,Female,High school,Low,Yes,5.2,9.0,3.0,3.0,3.0,Yes,No,Unknown,1
16.0,Female,No formal,Medium,Yes,12.2,7.0,6.1,1.0,5.0,Yes,Yes,Science,1
16.0,Male,High school,Medium,Yes,8.9,6.3,3.0,2.0,4.0,Yes,Yes,Math,1
15.0,Female,High school,Medium,Yes,10.6,7.0,3.0,3.0,3.0,Yes,Yes,English,1
17.0,Female,High school,Low,Yes,6.3,7.1,3.8,3.0,5.0,No,Yes,Science,1
17.0,Female,High school,Low,No,7.7,7.9,3.5,1.0,5.0,Yes,Yes,Science,1
16.0,Female,High school,Low,Yes,3.3,7.9,4.7,1.0,4.0,No,Yes,History,1
14.0,Female,No formal,Low,Yes,2.6,7.1,3.6,1.0,4.0,Yes,Yes,Unknown,1
14.0,Female,High school,Low,Yes,2.8,7.4,2.5,1.0,4.0,Yes,Yes,Science,1
14.0,Female,College,High,No,12.6,8.4,5.0,1.0,5.0,Yes,Yes,English,1
14.0,Female,College,Medium,Yes,9.2,7.1,5.3,1.0,5.0,Yes,Yes,History,1
13.0,Male,College,High,No,10.8,6.0,6.7,1.0,5.0,Yes,Yes,Math,1
14.0,Female,College,Medium,Yes,9.8,7.8,5.2,1.0,5.0,Yes,No,Unknown,1
13.0,Female,College,High,Yes,6.0,8.2,4.5,2.0,5.0,Yes,Yes,Unknown,1
14.0,Female,College,Medium,Yes,5.5,6.7,5.7,1.0,5.0,Yes,Yes,Science,1
14.0,Male,College,High,No,1.0,5.8,3.8,2.0,2.0,Yes,Yes,Science,1
14.0,Male,College,Low,No,3.3,7.0,4.8,4.0,5.0,Yes,Yes,Science,1
14.0,Female,Postgrad,Medium,Yes,10.3,7.3,4.3,1.0,5.0,Yes,Yes,English,1
16.0,Female,College,Medium,Yes,3.0,9.3,3.7,1.0,5.0,Yes,No,English,1
17.0,Male,Postgrad,Low,Yes,7.5,6.8,3.1,1.0,5.0,Yes,Yes,History,1
14.0,Female,College,Medium,Yes,9.0,6.7,2.6,1.0,5.0,Yes,Yes,Science,1
14.0,Male,College,Medium,No,11.3,7.2,5.1,1.0,5.0,Yes,No,History,1
16.0,Female,College,Medium,Yes,8.8,7.3,2.6,2.0,5.0,Yes,Yes,English,1
14.0,Female,College,Low,Yes,11.8,7.4,3.7,2.0,4.0,Yes,No,English,1
15.0,Male,College,Medium,Yes,11.3,7.0,3.2,1.0,4.0,Yes,Yes,Math,1
14.0,Female,Postgrad,Low,Yes,2.3,6.0,4.0,1.0,5.0,Yes,Yes,Science,1
14.0,Male,College,High,Yes,6.6,8.1,4.0,2.0,4.0,Yes,Yes,Math,1
16.0,Male,College,Low,Yes,5.3,7.6,3.5,2.0,3.0,No,Yes,Math,1
13.0,Male,High school,Medium,Yes,6.3,8.3,5.0,1.0,5.0,Yes,Yes,English,1
14.0,Female,College,Medium,Yes,4.7,8.2,6.0,3.0,5.0,Yes,Yes,History,1
13.0,Female,High school,Low,No,3.1,7.7,3.8,1.0,4.0,Yes,Yes,Science,1
15.0,Male,High school,Medium,Yes,8.8,6.4,6.2,1.0,4.0,Yes,Yes,History,1
16.0,Male,High school,High,No,6.1,7.5,6.5,2.0,4.0,Yes,Yes,English,1
14.0,Female,High school,High,No,9.7,8.0,4.2,3.0,3.0,No,Yes,Geography,1
14.0,Female,College,Low,No,10.9,6.4,4.8,1.0,5.0,Yes,Yes,Math,1
14.0,Female,College,High,Yes,3.2,8.0,3.0,1.0,4.0,Yes,Yes,English,1
14.0,Female,High school,Low,Yes,5.6,7.3,2.3,3.0,5.0,Yes,No,English,1
13.0,Female,High school,Medium,Yes,8.3,6.3,5.1,2.0,5.0,Yes,No,Math,1
13.0,Female,College,Medium,Yes,5.8,7.6,3.3,1.0,5.0,Yes,Yes,History,1
14.0,Female,College,Low,No,4.6,7.4,2.3,1.0,5.0,Yes,Yes,Unknown,1
14.0,Female,High school,Low,No,9.9,5.8,3.9,1.0,5.0,Yes,Yes,English,1
13.0,Female,College,Low,Yes,8.5,5.9,5.1,1.0,5.0,No,Yes,English,1
17.0,Female,College,Low,No,12.0,7.7,4.4,1.0,5.0,Yes,Yes,Science,1
13.0,Female,High school,Low,Yes,8.0,6.8,5.5,1.0,5.0,Yes,Yes,Science,1
15.0,Male,College,Low,No,10.3,7.6,6.1,1.0,4.0,Yes,Yes,English,1
13.0,Male,College,Medium,Yes,6.4,8.6,5.2,1.0,5.0,Yes,Yes,Unknown,1
15.0,Female,High school,Medium,No,7.8,7.1,5.9,1.0,5.0,No,Yes,Math,1
13.0,Female,College,Medium,No,7.1,5.8,6.8,1.0,5.0,Yes,Yes,Unknown,1
13.0,Prefer not to say,High school,Low,No,7.1,5.3,5.4,2.0,4.0,Yes,Yes,Science,1
14.0,Female,Postgrad,Low,Yes,3.2,6.8,4.1,2.0,5.0,Yes,Yes,Math,1
13.0,Female,Postgrad,Low,No,5.7,6.9,6.3,2.0,5.0,Yes,Yes,Science,1
17.0,Female,College,High,Yes,5.7,7.8,4.5,1.0,5.0,Yes,Yes,Math,1
13.0,Female,High school,Medium,Yes,1.0,6.5,6.8,1.0,5.0,No,Yes,Geography,1
13.0,Female,High school,Low,No,10.1,6.9,2.6,1.0,5.0,Yes,Yes,English,1
13.0,Male,High school,Low,Yes,3.2,8.2,2.5,2.0,4.0,Yes,No,Unknown,1
13.0,Female,High school,High,No,3.6,5.3,3.5,1.0,4.0,Yes,Yes,Math,1
13.0,Female,College,Medium,Yes,9.2,7.1,5.1,3.0,4.0,Yes,Yes,English,1
15.0,Male,College,Medium,Yes,13.7,7.0,3.5,2.0,5.0,Yes,Yes,English,1
15.0,Male,College,Medium,Yes,5.2,7.6,3.2,1.0,4.0,Yes,Yes,English,1
13.0,Male,No formal,Low,No,2.6,6.9,4.2,1.0,3.0,No,No,History,1
14.0,Male,High school,High,No,5.3,6.7,3.5,1.0,5.0,Yes,Yes,History,1
13.0,Female,Postgrad,Medium,Yes,3.7,6.6,2.4,2.0,1.0,Yes,Yes,Science,1
13.0,Male,College,High,Yes,5.9,6.8,4.4,2.0,5.0,Yes,Yes,Math,1
16.0,Female,College,Medium,No,7.7,5.8,3.0,4.0,4.0,Yes,Yes,English,1
14.0,Female,College,Low,No,11.2,6.1,4.0,2.0,4.0,Yes,Yes,Geography,1
14.0,Female,College,Low,No,9.3,5.9,3.7,1.0,5.0,Yes,Yes,Math,1
14.0,Female,College,Low,Yes,5.3,6.1,2.1,1.0,3.0,Yes,Yes,English,1
14.0,Female,College,Low,Yes,6.6,6.2,5.4,2.0,5.0,Yes,Yes,Science,1
13.0,Prefer not to say,High school,Low,Yes,4.5,8.2,5.4,2.0,3.0,Yes,No,Math,1
14.0,Female,College,Low,No,10.9,6.3,5.9,1.0,5.0,Yes,Yes,Math,1
14.0,Female,College,Medium,Yes,6.1,8.1,6.3,1.0,5.0,Yes,Yes,Unknown,1
16.0,Female,College,Medium,Yes,5.6,6.0,3.5,4.0,5.0,Yes,Yes,Math,1
15.0,Female,College,Low,Yes,5.9,6.4,3.5,2.0,5.0,No,Yes,Math,1
15.0,Female,College,Low,Yes,6.9,7.1,5.3,1.0,5.0,Yes,Yes,Science,1
14.0,Female,No formal,Medium,No,11.9,5.7,5.3,3.0,4.0,Yes,Yes,Science,1
14.0,Male,High school,Low,No,10.2,6.4,6.7,2.0,4.0,Yes,Yes,English,1
14.0,Male,College,Medium,Yes,12.6,8.4,5.6,1.0,5.0,Yes,No,Unknown,1
13.0,Female,College,Low,Yes,5.6,6.8,6.3,2.0,5.0,No,Yes,Math,1
13.0,Male,College,Low,Yes,6.5,7.3,2.9,1.0,4.0,No,No,Science,1
15.0,Female,Postgrad,Medium,Yes,7.5,7.9,5.9,1.0,5.0,Yes,Yes,Math,1
14.0,Female,College,Medium,Yes,8.2,7.4,1.7,1.0,5.0,Yes,No,English,1
13.0,Male,High school,High,No,1.9,7.5,4.8,1.0,5.0,Yes,Yes,Math,1
13.0,Female,No formal,Medium,No,4.5,7.6,7.0,3.0,5.0,Yes,Yes,Science,1
15.0,Male,High school,Medium,Yes,8.6,8.6,4.7,1.0,5.0,Yes,Yes,English,1
14.0,Male,College,Medium,Yes,4.4,8.0,2.5,1.0,5.0,Yes,Yes,English,1
13.0,Female,College,Medium,Yes,1.4,6.9,4.5,1.0,4.0,Yes,Yes,Science,1
13.0,Male,Postgrad,High,Yes,6.7,5.8,7.3,2.0,5.0,Yes,Yes,Math,1
13.0,Male,College,Medium,Yes,3.1,6.8,2.2,2.0,4.0,Yes,Yes,Science,1
14.0,Female,College,Medium,No,11.3,6.6,5.3,2.0,5.0,Yes,Yes,Science,1
17.0,Female,High school,Medium,No,13.4,7.9,5.2,1.0,5.0,Yes,Yes,Unknown,1
14.0,Female,High school,Medium,Yes,9.9,7.2,3.4,2.0,5.0,Yes,Yes,Math,1
16.0,Female,High school,Medium,Yes,4.5,6.7,4.2,1.0,4.0,Yes,Yes,Math,1
17.0,Female,High school,Medium,No,7.4,6.7,4.6,1.0,5.0,Yes,Yes,Unknown,1
16.0,Male,High school,Low,Yes,2.4,9.5,5.5,1.0,5.0,Yes,No,Science,1
15.0,Female,College,Low,Yes,12.0,7.9,2.1,1.0,5.0,Yes,Yes,Science,1
16.0,Female,College,Medium,Yes,14.3,7.2,6.1,1.0,5.0,Yes,Yes,Science,1
14.0,Female,College,Low,Yes,8.1,8.5,5.9,1.0,5.0,Yes,Yes,Unknown,1
13.0,Female,College,Medium,Yes,9.2,5.8,5.4,4.0,5.0,No,Yes,History,1
13.0,Female,High school,Medium,Yes,2.8,6.4,5.1,1.0,5.0,Yes,Yes,Science,1
16.0,Male,High school,Medium,Yes,9.6,8.2,5.0,4.0,4.0,Yes,No,Science,1
17.0,Female,High school,High,Yes,13.3,6.2,3.4,1.0,5.0,Yes,Yes,Math,1
13.0,Female,College,Medium,Yes,11.0,6.9,4.6,1.0,5.0,Yes,Yes,English,1
15.0,Female,College,High,No,9.4,8.2,3.9,2.0,5.0,Yes,No,Science,1
14.0,Male,Postgrad,Low,Yes,4.1,6.9,4.6,3.0,1.0,Yes,Yes,English,1
15.0,Female,Postgrad,Low,No,8.2,7.0,6.7,3.0,5.0,Yes,Yes,Math,1
14.0,Male,High school,Low,Yes,4.9,8.8,2.4,1.0,5.0,Yes,No,English,1
14.0,Male,No formal,Medium,No,5.8,7.4,7.0,2.0,4.0,Yes,Yes,Math,1
13.0,Female,Postgrad,High,No,12.9,4.7,4.3,2.0,5.0,Yes,Yes,Geography,1
14.0,Male,College,Medium,No,10.0,6.4,5.6,1.0,5.0,No,Yes,Math,1
13.0,Female,College,Low,No,4.4,8.1,4.2,1.0,3.0,Yes,Yes,English,1
13.0,Female,College,Low,No,6.4,4.8,2.4,2.0,5.0,Yes,Yes,Science,1
13.0,Male,Postgrad,Medium,Yes,6.3,7.6,3.6,1.0,4.0,Yes,Yes,English,1
14.0,Female,College,High,Yes,4.2,8.3,3.7,2.0,5.0,Yes,Yes,Math,1
14.0,Male,No formal,Medium,Yes,4.7,6.1,5.4,2.0,3.0,No,No,Math,1
14.0,Female,College,Medium,No,6.5,5.9,1.8,2.0,5.0,Yes,Yes,Science,1
14.0,Male,College,Low,Yes,8.2,7.1,2.8,3.0,5.0,No,Yes,Science,1
14.0,Female,College,Low,Yes,7.4,7.6,5.4,1.0,5.0,Yes,Yes,History,1
16.0,Male,College,High,Yes,11.7,7.3,3.6,2.0,5.0,Yes,Yes,Geography,1
13.0,Male,College,Medium,Yes,5.1,6.9,5.8,2.0,5.0,Yes,Yes,English,1
15.0,Female,College,High,Yes,4.3,7.7,3.2,1.0,4.0,Yes,No,Geography,1
14.0,Female,College,Medium,Yes,9.1,6.5,3.5,1.0,4.0,Yes,Yes,Math,1
15.0,Male,Postgrad,Medium,No,11.8,6.9,6.7,2.0,4.0,Yes,Yes,Science,1
14.0,Male,College,Medium,Yes,2.2,7.4,5.7,1.0,5.0,Yes,Yes,Science,1
13.0,Female,College,Medium,No,6.4,8.3,4.4,1.0,5.0,Yes,Yes,English,1
13.0,Female,High school,Medium,Yes,6.0,7.3,4.8,1.0,4.0,Yes,No,Science,1
14.0,Male,College,Medium,No,8.0,7.4,4.9,2.0,5.0,No,Yes,Science,1
14.0,Female,College,Medium,Yes,5.2,7.9,3.6,2.0,5.0,Yes,Yes,Science,1
14.0,Male,High school,High,Yes,6.0,6.1,4.6,2.0,3.0,No,Yes,Geography,1
15.0,Male,Postgrad,Low,Yes,9.3,5.9,4.8,2.0,4.0,Yes,Yes,Math,1
16.0,Female,College,Low,No,4.4,6.9,3.5,1.0,4.0,Yes,Yes,Science,1
14.0,Male,College,Medium,Yes,1.1,8.4,2.6,1.0,5.0,Yes,Yes,Unknown,1
14.0,Male,College,Low,Yes,5.7,7.7,3.2,2.0,4.0,Yes,Yes,Science,1
16.0,Female,College,Medium,Yes,9.3,7.9,3.7,1.0,5.0,Yes,Yes,Science,1
17.0,Female,No formal,High,No,9.0,6.3,7.8,1.0,5.0,Yes,Yes,Math,1
13.0,Male,College,Medium,Yes,4.5,5.9,4.7,2.0,5.0,No,Yes,English,1
14.0,Female,High school,Low,No,4.8,7.0,3.5,2.0,4.0,Yes,Yes,Math,1
14.0,Female,High school,Low,Yes,5.0,6.7,3.8,1.0,5.0,Yes,Yes,Unknown,1
15.0,Female,High school,Low,No,7.8,7.2,3.9,1.0,5.0,Yes,Yes,Unknown,1
14.0,Female,High school,Medium,No,8.1,5.9,2.7,1.0,1.0,Yes,Yes,Math,1
15.0,Female,High school,High,No,5.6,7.3,4.4,2.0,4.0,Yes,Yes,Math,1
13.0,Male,Postgrad,Low,Yes,4.0,9.1,4.6,2.0,3.0,Yes,No,Science,1
14.0,Female,College,Low,Yes,8.5,5.8,5.6,2.0,4.0,Yes,Yes,History,1
13.0,Female,High school,High,Yes,1.5,6.5,2.2,1.0,5.0,No,Yes,Math,1
13.0,Female,College,Low,No,2.8,7.0,3.1,2.0,1.0,Yes,Yes,Science,1
13.0,Male,College,High,Yes,4.7,6.8,5.6,1.0,1.0,Yes,Yes,Geography,1
13.0,Male,Postgrad,Low,Yes,5.7,7.5,5.9,1.0,4.0,Yes,Yes,Science,1
14.0,Female,High school,Low,No,3.0,7.7,4.6,2.0,4.0,No,Yes,History,1
17.0,Female,High school,Medium,Yes,12.9,7.1,4.0,1.0,5.0,Yes,No,Unknown,1
13.0,Male,College,Medium,Yes,5.6,8.2,5.4,1.0,5.0,No,Yes,Science,1
16.0,Female,College,Low,No,8.4,7.4,5.5,1.0,5.0,Yes,Yes,History,1
